Ten_Bai,Seller_ID,Total_Revenue,Total_Orders,Total_Items_Sold,Avg_Item_Revenue,Seller_Rank
Bài 10 - Xếp hạng seller theo tổng doanh thu và số lượng đơn hàng,4869f7a5dfa277a7dca6462dcf3b52b2,249640.7,1132,1156,215.95,1
Bài 10 - Xếp hạng seller theo tổng doanh thu và số lượng đơn hàng,7c67e1448b00f6e969d365cea6b010ab,239536.44,982,1364,175.61,2
Bài 10 - Xếp hạng seller theo tổng doanh thu và số lượng đơn hàng,53243585a1d6dc2643021fd1853d8905,235856.68,358,410,575.26,3
Bài 10 - Xếp hạng seller theo tổng doanh thu và số lượng đơn hàng,4a3ca9315b744ce9f8e9374361493884,235539.96,1806,1987,118.54,4
Bài 10 - Xếp hạng seller theo tổng doanh thu và số lượng đơn hàng,fa1c13f2614d7b5c4749cbc52fecda94,204084.73,585,586,348.27,5
Bài 10 - Xếp hạng seller theo tổng doanh thu và số lượng đơn hàng,da8622b14eb17ae2831f4ac5b9dab84a,185192.32,1314,1551,119.4,6
Bài 10 - Xếp hạng seller theo tổng doanh thu và số lượng đơn hàng,7e93a43ef30c4f03f38b393420bc753a,182754.05,336,340,537.51,7
Bài 10 - Xếp hạng seller theo tổng doanh thu và số lượng đơn hàng,1025f0e2d44d7041d6cf58b6550e0bfa,172860.69,915,1428,121.05,8
Bài 10 - Xếp hạng seller theo tổng doanh thu và số lượng đơn hàng,7a67c85e85bb2ce8582c35f2203ad736,162648.38,1160,1171,138.9,9
Bài 10 - Xếp hạng seller theo tổng doanh thu và số lượng đơn hàng,955fee9216a65b617aa5c0531780ce60,160602.68,1287,1499,107.14,10
Bài 10 - Xếp hạng seller theo tổng doanh thu và số lượng đơn hàng,6560211a19b47992c3666cc44a7e94c0,151265.77,1854,2033,74.41,11
Bài 10 - Xếp hạng seller theo tổng doanh thu và số lượng đơn hàng,1f50f920176fa81dab994f9023523100,142104.98,1404,1931,73.59,12
Bài 10 - Xếp hạng seller theo tổng doanh thu và số lượng đơn hàng,46dc3b2cc0980fb8ec44634e21d2718e,139909.69,521,542,258.14,13
Bài 10 - Xếp hạng seller theo tổng doanh thu và số lượng đơn hàng,a1043bafd471dff536d0c462352beb48,133745.25,718,770,173.7,14
Bài 10 - Xếp hạng seller theo tổng doanh thu và số lượng đơn hàng,cc419e0650a3c5ba77189a1882b7556a,129957.41,1706,1775,73.22,15
Bài 10 - Xếp hạng seller theo tổng doanh thu và số lượng đơn hàng,620c87c171fb2a6dd6e8bb4dec959fc6,128909.71,740,798,161.54,16
Bài 10 - Xếp hạng seller theo tổng doanh thu và số lượng đơn hàng,5dceca129747e92ff8ef7a997dc4f8ca,125816.92,325,346,363.63,17
Bài 10 - Xếp hạng seller theo tổng doanh thu và số lượng đơn hàng,7d13fca15225358621be4086e1eb0964,122261.02,565,578,211.52,18
Bài 10 - Xếp hạng seller theo tổng doanh thu và số lượng đơn hàng,3d871de0142ce09b7081e2b9d1733cb1,117347.71,1080,1147,102.31,19
Bài 10 - Xếp hạng seller theo tổng doanh thu và số lượng đơn hàng,edb1ef5e36e0c8cd84eb3c9b003e486d,83189.65,166,175,475.37,20
Bài 10 - Xếp hạng seller theo tổng doanh thu và số lượng đơn hàng,ccc4bbb5f32a6ab2b7066a4130f114e3,79261.6,187,192,412.82,21
Bài 10 - Xếp hạng seller theo tổng doanh thu và số lượng đơn hàng,cca3071e3e9bb7d12640c9fbe2301306,78381.29,712,830,94.44,22
Bài 10 - Xếp hạng seller theo tổng doanh thu và số lượng đơn hàng,8581055ce74af1daba164fdbd55a40de,74584.3,387,435,171.46,23
Bài 10 - Xếp hạng seller theo tổng doanh thu và số lượng đơn hàng,f7ba60f8c3f99e7ee4042fdef03b70c4,72736.01,219,230,316.24,24
Bài 10 - Xếp hạng seller theo tổng doanh thu và số lượng đơn hàng,fe2032dab1a61af8794248c8196565c9,70680.95,294,306,230.98,25
Bài 10 - Xếp hạng seller theo tổng doanh thu và số lượng đơn hàng,de722cd6dad950a92b7d4f82673f8833,65112.75,339,379,171.8,26
Bài 10 - Xếp hạng seller theo tổng doanh thu và số lượng đơn hàng,7ddcbb64b5bc1ef36ca8c151f6ec77df,63525.29,334,343,185.2,27
Bài 10 - Xếp hạng seller theo tổng doanh thu và số lượng đơn hàng,04308b1ee57b6625f47df1d56f00eedf,63184.99,94,94,672.18,28
Bài 10 - Xếp hạng seller theo tổng doanh thu và số lượng đơn hàng,f8db351d8c4c4c22c6835c19a46f01b0,63079.8,667,724,87.13,29
Bài 10 - Xếp hạng seller theo tổng doanh thu và số lượng đơn hàng,218d46b86c1881d022bce9c68a7d4b15,62737.54,388,427,146.93,30
Bài 10 - Xếp hạng seller theo tổng doanh thu và số lượng đơn hàng,522620dcb18a6b31cd7bdf73665113a9,61829.81,174,180,343.5,31
Bài 10 - Xếp hạng seller theo tổng doanh thu và số lượng đơn hàng,25c5c91f63607446a97b143d2d535d31,61679.33,158,269,229.29,32
Bài 10 - Xếp hạng seller theo tổng doanh thu và số lượng đơn hàng,17e34d8224d27a541263c4c64b11a56b,61603.2,255,268,229.86,33
Bài 10 - Xếp hạng seller theo tổng doanh thu và số lượng đơn hàng,37be5a7c751166fbc5f8ccba4119e043,61433.88,272,281,218.63,34
Bài 10 - Xếp hạng seller theo tổng doanh thu và số lượng đơn hàng,ceaec5548eefc6e23e6607c5435102e7,59249.02,203,211,280.8,35
Bài 10 - Xếp hạng seller theo tổng doanh thu và số lượng đơn hàng,b2ba3715d723d245138f291a6fe42594,58173.02,337,363,160.26,36
Bài 10 - Xếp hạng seller theo tổng doanh thu và số lượng đơn hàng,17f51e7198701186712e53a39c564617,57812.43,56,61,947.74,37
Bài 10 - Xếp hạng seller theo tổng doanh thu và số lượng đơn hàng,f5a590cf36251cf1162ea35bef76fe84,57440.94,117,122,470.83,38
Bài 10 - Xếp hạng seller theo tổng doanh thu và số lượng đơn hàng,77530e9772f57a62c906e1c21538ab82,55063.99,320,389,141.55,39
Bài 10 - Xếp hạng seller theo tổng doanh thu và số lượng đơn hàng,8160255418d5aaa7dbdc9f4c64ebda44,54871.5,385,431,127.31,40
Bài 10 - Xếp hạng seller theo tổng doanh thu và số lượng đơn hàng,ea8482cd71df3c1969d7b9473ff13abc,54722.29,1146,1203,45.49,41
Bài 10 - Xếp hạng seller theo tổng doanh thu và số lượng đơn hàng,e882b2a25a10b9c057cc49695f222c19,53913.76,57,58,929.55,42
Bài 10 - Xếp hạng seller theo tổng doanh thu và số lượng đơn hàng,4e922959ae960d389249c378d1c939f5,53304.75,420,454,117.41,43
Bài 10 - Xếp hạng seller theo tổng doanh thu và số lượng đơn hàng,e9779976487b77c6d4ac45f75ec7afe9,53302.66,657,750,71.07,44
Bài 10 - Xếp hạng seller theo tổng doanh thu và số lượng đơn hàng,966cb4760537b1404caedd472cc610a5,52935.87,75,75,705.81,45
Bài 10 - Xếp hạng seller theo tổng doanh thu và số lượng đơn hàng,2bf6a2c1e71bbd29a4ad64e6d3c3629f,51629.49,30,31,1665.47,46
Bài 10 - Xếp hạng seller theo tổng doanh thu và số lượng đơn hàng,4d6d651bd7684af3fffabd5f08d12e5a,51486.31,369,395,130.35,47
Bài 10 - Xếp hạng seller theo tổng doanh thu và số lượng đơn hàng,c826c40d7b19f62a09e2d7c5e7295ee2,51217.22,354,373,137.31,48
Bài 10 - Xếp hạng seller theo tổng doanh thu và số lượng đơn hàng,d91fb3b7d041e83b64a00a3edfb37e4f,50180.51,535,536,93.62,49
Bài 10 - Xếp hạng seller theo tổng doanh thu và số lượng đơn hàng,391fc6631aebcf3004804e51b40bcf1e,50142.83,526,613,81.8,50
Bài 10 - Xếp hạng seller theo tổng doanh thu và số lượng đơn hàng,17a053fcb14bd219540cbde0df490be0,49531.57,125,149,332.43,51
Bài 10 - Xếp hạng seller theo tổng doanh thu và số lượng đơn hàng,c3cfdc648177fdbbbb35635a37472c53,49127.81,278,307,160.03,52
Bài 10 - Xếp hạng seller theo tổng doanh thu và số lượng đơn hàng,06a2c3af7b3aee5d69171b0e14f0ee87,48550.24,392,405,119.88,53
Bài 10 - Xếp hạng seller theo tổng doanh thu và số lượng đơn hàng,850f4f8af5ea87287ac68de36e29107f,48469.77,187,192,252.45,54
Bài 10 - Xếp hạng seller theo tổng doanh thu và số lượng đơn hàng,b33e7c55446eabf8fe1a42d037ac7d6d,47710.24,152,155,307.81,55
Bài 10 - Xếp hạng seller theo tổng doanh thu và số lượng đơn hàng,eeb6de78f79159600292e314a77cbd18,46795.28,83,84,557.09,56
Bài 10 - Xếp hạng seller theo tổng doanh thu và số lượng đơn hàng,712e6ed8aa4aa1fa65dab41fed5737e4,46704.13,79,87,536.83,57
Bài 10 - Xếp hạng seller theo tổng doanh thu và số lượng đơn hàng,2eb70248d66e0e3ef83659f71b244378,45860.1,202,212,216.32,58
Bài 10 - Xếp hạng seller theo tổng doanh thu và số lượng đơn hàng,ba90964cff9b9e0e6f32b23b82465f7b,45523.5,38,38,1197.99,59
Bài 10 - Xếp hạng seller theo tổng doanh thu và số lượng đơn hàng,634964b17796e64304cadf1ad3050fb7,45420.53,268,326,139.33,60
Bài 10 - Xếp hạng seller theo tổng doanh thu và số lượng đơn hàng,7142540dd4c91e2237acb7e911c4eba2,44289.16,319,331,133.8,61
Bài 10 - Xếp hạng seller theo tổng doanh thu và số lượng đơn hàng,834f3294fba9f932f56edc879193f925,44207.42,66,66,669.81,62
Bài 10 - Xếp hạng seller theo tổng doanh thu và số lượng đơn hàng,b839e41795b7f3ad94cc2014a52f6796,43749.93,33,36,1215.28,63
Bài 10 - Xếp hạng seller theo tổng doanh thu và số lượng đơn hàng,c3867b4666c7d76867627c2f7fb22e21,42197.18,245,259,162.92,64
Bài 10 - Xếp hạng seller theo tổng doanh thu và số lượng đơn hàng,1835b56ce799e6a4dc4eddc053f04066,42086.16,423,558,75.42,65
Bài 10 - Xếp hạng seller theo tổng doanh thu và số lượng đơn hàng,dbc22125167c298ef99da25668e1011f,41789.16,406,429,97.41,66
Bài 10 - Xếp hạng seller theo tổng doanh thu và số lượng đơn hàng,7299e27ed73d2ad986de7f7c77d919fa,41581.08,338,361,115.18,67
Bài 10 - Xếp hạng seller theo tổng doanh thu và số lượng đơn hàng,7178f9f4dd81dcef02f62acdf8151e01,41478.92,203,216,192.03,68
Bài 10 - Xếp hạng seller theo tổng doanh thu và số lượng đơn hàng,c70c1b0d8ca86052f45a432a38b73958,40476.28,261,338,119.75,69
Bài 10 - Xếp hạng seller theo tổng doanh thu và số lượng đơn hàng,53e4c6e0f4312d4d2107a8c9cddf45cd,40036.19,473,522,76.7,70
Bài 10 - Xếp hạng seller theo tổng doanh thu và số lượng đơn hàng,855668e0971d4dfd7bef1b6a4133b41b,40005.36,312,327,122.34,71
Bài 10 - Xếp hạng seller theo tổng doanh thu và số lượng đơn hàng,e9bc59e7b60fc3063eb2290deda4cced,39031.56,216,269,145.1,72
Bài 10 - Xếp hạng seller theo tổng doanh thu và số lượng đơn hàng,87142160b41353c4e5fca2360caf6f92,38314.31,305,339,113.02,73
Bài 10 - Xếp hạng seller theo tổng doanh thu và số lượng đơn hàng,0241d4d5d36f10f80c644447315af0bd,38251.61,238,246,155.49,74
Bài 10 - Xếp hạng seller theo tổng doanh thu và số lượng đơn hàng,59417c56835dd8e2e72f91f809cd4092,37657.77,18,18,2092.1,75
Bài 10 - Xếp hạng seller theo tổng doanh thu và số lượng đơn hàng,76d5af76d0271110f9af36c92573f765,37541.56,131,159,236.11,76
Bài 10 - Xếp hạng seller theo tổng doanh thu và số lượng đơn hàng,9c0e69c7bf2619675bbadf47b43f655a,36602.96,157,206,177.68,77
Bài 10 - Xếp hạng seller theo tổng doanh thu và số lượng đơn hàng,88460e8ebdecbfecb5f9601833981930,36543.1,248,302,121.0,78
Bài 10 - Xếp hạng seller theo tổng doanh thu và số lượng đơn hàng,70a12e78e608ac31179aea7f8422044b,36465.44,315,328,111.18,79
Bài 10 - Xếp hạng seller theo tổng doanh thu và số lượng đơn hàng,2528513dd95219a6013d4d05176e391a,36438.75,161,167,218.2,80
Bài 10 - Xếp hạng seller theo tổng doanh thu và số lượng đơn hàng,1554a68530182680ad5c8b042c3ab563,35850.79,247,269,133.27,81
Bài 10 - Xếp hạng seller theo tổng doanh thu và số lượng đơn hàng,7681ef142fd2c19048da7430856b5588,34857.93,59,77,452.7,82
Bài 10 - Xếp hạng seller theo tổng doanh thu và số lượng đơn hàng,70eea00b476a314817cefde4aad4f89a,34764.17,108,114,304.95,83
Bài 10 - Xếp hạng seller theo tổng doanh thu và số lượng đơn hàng,5c243662ce92d84573bfaff24c3e3700,34637.66,98,100,346.38,84
Bài 10 - Xếp hạng seller theo tổng doanh thu và số lượng đơn hàng,001cca7ae9ae17fb1caed9dfb1094831,33934.17,200,239,141.98,85
Bài 10 - Xếp hạng seller theo tổng doanh thu và số lượng đơn hàng,e59aa562b9f8076dd550fcddf0e73491,33803.97,70,84,402.43,86
Bài 10 - Xếp hạng seller theo tổng doanh thu và số lượng đơn hàng,1900267e848ceeba8fa32d80c1a5f5a8,33120.59,411,529,62.61,87
Bài 10 - Xếp hạng seller theo tổng doanh thu và số lượng đơn hàng,9f505651f4a6abe901a56cdc21508025,32391.86,397,430,75.33,88
Bài 10 - Xếp hạng seller theo tổng doanh thu và số lượng đơn hàng,d1c281d3ae149232351cd8c8cc885f0d,32339.06,215,240,134.75,89
Bài 10 - Xếp hạng seller theo tổng doanh thu và số lượng đơn hàng,0b90b6df587eb83608a64ea8b390cf07,32207.64,164,210,153.37,90
Bài 10 - Xếp hạng seller theo tổng doanh thu và số lượng đơn hàng,59b22a78efb79a4797979612b885db36,32082.07,125,133,241.22,91
Bài 10 - Xếp hạng seller theo tổng doanh thu và số lượng đơn hàng,d23019c84ffae2d5ef2270367b8605fc,31954.84,39,39,819.35,92
Bài 10 - Xếp hạng seller theo tổng doanh thu và số lượng đơn hàng,a3a38f4affed601eb87a97788c949667,31775.27,254,263,120.82,93
Bài 10 - Xếp hạng seller theo tổng doanh thu và số lượng đơn hàng,8b321bb669392f5163d04c59e235e066,31692.05,943,1018,31.13,94
Bài 10 - Xếp hạng seller theo tổng doanh thu và số lượng đơn hàng,900ba814c251a692506d7834c1218441,31467.94,88,88,357.59,95
Bài 10 - Xếp hạng seller theo tổng doanh thu và số lượng đơn hàng,16090f2ca825584b5a147ab24aa30c86,31173.11,402,410,76.03,96
Bài 10 - Xếp hạng seller theo tổng doanh thu và số lượng đơn hàng,d2374cbcbb3ca4ab1086534108cc3ab7,30817.8,524,631,48.84,97
Bài 10 - Xếp hạng seller theo tổng doanh thu và số lượng đơn hàng,12b9676b00f60f3b700e83af21824c0e,30342.69,135,135,224.76,98
Bài 10 - Xếp hạng seller theo tổng doanh thu và số lượng đơn hàng,7e1fb0a3ebfb01ffb3a7dae98bf3238d,30335.93,159,174,174.34,99
Bài 10 - Xếp hạng seller theo tổng doanh thu và số lượng đơn hàng,897060da8b9a21f655304d50fd935913,29887.47,317,430,69.51,100
Bài 10 - Xếp hạng seller theo tổng doanh thu và số lượng đơn hàng,c003204e1ab016dfa150abc119207b24,29850.89,197,202,147.78,101
Bài 10 - Xếp hạng seller theo tổng doanh thu và số lượng đơn hàng,b32be1695eb7ec5f10f72d9610a12527,29831.02,45,46,648.5,102
Bài 10 - Xếp hạng seller theo tổng doanh thu và số lượng đơn hàng,de23c3b98a88888289c6f5cc1209054a,29081.81,164,181,160.67,103
Bài 10 - Xếp hạng seller theo tổng doanh thu và số lượng đơn hàng,dc4a0fc896dc34b0d5bfec8438291c80,28795.09,231,249,115.64,104
Bài 10 - Xếp hạng seller theo tổng doanh thu và số lượng đơn hàng,a416b6a846a11724393025641d4edd5e,28670.52,162,181,158.4,105
Bài 10 - Xếp hạng seller theo tổng doanh thu và số lượng đơn hàng,710e3548e02bc1d2831dfc4f1b5b14d4,27855.07,136,142,196.16,106
Bài 10 - Xếp hạng seller theo tổng doanh thu và số lượng đơn hàng,1c68394e931a64f90ea236c5ea590300,27729.16,142,171,162.16,107
Bài 10 - Xếp hạng seller theo tổng doanh thu và số lượng đơn hàng,1a3df491d1c4f1589fc2b934ada68bf2,27594.12,167,178,155.02,108
Bài 10 - Xếp hạng seller theo tổng doanh thu và số lượng đơn hàng,f62d7bb4a613ec758a03342d46b580b2,26790.59,32,32,837.21,109
Bài 10 - Xếp hạng seller theo tổng doanh thu và số lượng đơn hàng,b94cc9f10ddc85e4ba73a6f7974e7101,26368.49,39,39,676.12,110
Bài 10 - Xếp hạng seller theo tổng doanh thu và số lượng đơn hàng,7ad32824caee82087b3e2e5f33b1bf32,26050.32,151,184,141.58,111
Bài 10 - Xếp hạng seller theo tổng doanh thu và số lượng đơn hàng,8f2ce03f928b567e3d56181ae20ae952,25550.01,153,175,146.0,112
Bài 10 - Xếp hạng seller theo tổng doanh thu và số lượng đơn hàng,729f06993dac8e860d4f02d7088ca48a,25479.65,96,115,221.56,113
Bài 10 - Xếp hạng seller theo tổng doanh thu và số lượng đơn hàng,f45122a9ab94eb4f3f8953578bc0c560,25404.13,187,200,127.02,114
Bài 10 - Xếp hạng seller theo tổng doanh thu và số lượng đơn hàng,612170e34b97004b3ba37eae81836b4c,25372.08,107,110,230.66,115
Bài 10 - Xếp hạng seller theo tổng doanh thu và số lượng đơn hàng,b1b3948701c5c72445495bd161b83a4c,25185.49,18,18,1399.19,116
Bài 10 - Xếp hạng seller theo tổng doanh thu và số lượng đơn hàng,8444e55c1f13cd5c179851e5ca5ebd00,24951.27,99,109,228.91,117
Bài 10 - Xếp hạng seller theo tổng doanh thu và số lượng đơn hàng,2b3e4a2a3ea8e01938cabda2a3e5cc79,24535.1,52,54,454.35,118
Bài 10 - Xếp hạng seller theo tổng doanh thu và số lượng đơn hàng,b37c4c02bda3161a7546a4e6d222d5b2,24487.6,4,15,1632.51,119
Bài 10 - Xếp hạng seller theo tổng doanh thu và số lượng đơn hàng,744dac408745240a2c2528fb1b6028f3,24385.02,79,84,290.3,120
Bài 10 - Xếp hạng seller theo tổng doanh thu và số lượng đơn hàng,06e5eefc71ec47ae763c5c6f8db7064f,24381.84,92,95,256.65,121
Bài 10 - Xếp hạng seller theo tổng doanh thu và số lượng đơn hàng,85d9eb9ddc5d00ca9336a2219c97bb13,24029.58,509,522,46.03,122
Bài 10 - Xếp hạng seller theo tổng doanh thu và số lượng đơn hàng,40db9e9aa57f7bb151bcda6b0f9bdbb7,23823.99,12,12,1985.33,123
Bài 10 - Xếp hạng seller theo tổng doanh thu và số lượng đơn hàng,05ff92fedb5be47920fea08e501238b9,23808.17,59,62,384.0,124
Bài 10 - Xếp hạng seller theo tổng doanh thu và số lượng đơn hàng,0dd184061fb0eaa7ca37932c68ab91c5,23766.42,161,193,123.14,125
Bài 10 - Xếp hạng seller theo tổng doanh thu và số lượng đơn hàng,59fb871bf6f4522a87ba567b42dafecf,23754.76,126,128,185.58,126
Bài 10 - Xếp hạng seller theo tổng doanh thu và số lượng đơn hàng,ff69aa92bb6b1bf9b8b7a51c2ed9cf8b,23695.2,20,20,1184.76,127
Bài 10 - Xếp hạng seller theo tổng doanh thu và số lượng đơn hàng,00ee68308b45bc5e2660cd833c3f81cc,23440.66,135,172,136.28,128
Bài 10 - Xếp hạng seller theo tổng doanh thu và số lượng đơn hàng,7b0df942f46435babab05d49b744b2c4,23272.78,32,32,727.27,129
Bài 10 - Xếp hạng seller theo tổng doanh thu và số lượng đơn hàng,004c9cd9d87a3c30c522c48c4fc07416,23263.94,158,170,136.85,130
Bài 10 - Xếp hạng seller theo tổng doanh thu và số lượng đơn hàng,f457c46070d02cadd8a68551231220dd,22807.22,199,234,97.47,131
Bài 10 - Xếp hạng seller theo tổng doanh thu và số lượng đơn hàng,bfd27a966d91cfaafdb25d076585f0da,22645.05,117,118,191.91,132
Bài 10 - Xếp hạng seller theo tổng doanh thu và số lượng đơn hàng,48162d548f5b1b11b9d29d1e01f75a61,22592.17,68,91,248.27,133
Bài 10 - Xếp hạng seller theo tổng doanh thu và số lượng đơn hàng,dc317f341ab0e22f39acbd9dbf9b4a1f,22570.13,55,58,389.14,134
Bài 10 - Xếp hạng seller theo tổng doanh thu và số lượng đơn hàng,44073f8b7e41514de3b7815dd0237f4f,21901.93,144,153,143.15,135
Bài 10 - Xếp hạng seller theo tổng doanh thu và số lượng đơn hàng,128639473a139ac0f3e5f5ade55873a5,21694.45,533,560,38.74,136
Bài 10 - Xếp hạng seller theo tổng doanh thu và số lượng đơn hàng,0c8380b62e38e8a1e6adbeba7eb9688c,21455.83,182,220,97.53,137
Bài 10 - Xếp hạng seller theo tổng doanh thu và số lượng đơn hàng,41b39e28db005d9731d9d485a83b4c38,21042.91,195,231,91.09,138
Bài 10 - Xếp hạng seller theo tổng doanh thu và số lượng đơn hàng,cd68562d3f44870c08922d380acae552,20777.19,125,132,157.4,139
Bài 10 - Xếp hạng seller theo tổng doanh thu và số lượng đơn hàng,821fb029fc6e495ca4f08a35d51e53a5,20740.25,28,29,715.18,140
Bài 10 - Xếp hạng seller theo tổng doanh thu và số lượng đơn hàng,54a1852d1b8f10312c55e906355666ee,20614.4,200,204,101.05,141
Bài 10 - Xếp hạng seller theo tổng doanh thu và số lượng đơn hàng,7aa4334be125fcdd2ba64b3180029f14,20603.33,217,240,85.85,142
Bài 10 - Xếp hạng seller theo tổng doanh thu và số lượng đơn hàng,86ccac0b835037332a596a33b6949ee1,20588.6,180,210,98.04,143
Bài 10 - Xếp hạng seller theo tổng doanh thu và số lượng đơn hàng,fa40cc5b934574b62717c68f3d678b6d,20586.77,307,340,60.55,144
Bài 10 - Xếp hạng seller theo tổng doanh thu và số lượng đơn hàng,76d64c4aca3a7baf218bf93ef7fa768d,20455.29,64,69,296.45,145
Bài 10 - Xếp hạng seller theo tổng doanh thu và số lượng đơn hàng,96493fab2fbb13a14d0c0e8772eef5c3,20181.23,63,64,315.33,146
Bài 10 - Xếp hạng seller theo tổng doanh thu và số lượng đơn hàng,d650b663c3b5f6fb392b6326366efa9a,20153.04,60,60,335.88,147
Bài 10 - Xếp hạng seller theo tổng doanh thu và số lượng đơn hàng,2a5b78b41cd05baeac8df54c6606b92c,20132.83,49,60,335.55,148
Bài 10 - Xếp hạng seller theo tổng doanh thu và số lượng đơn hàng,1e8b33f18b4f7598d87f5cbee2282cc2,20011.3,123,140,142.94,149
Bài 10 - Xếp hạng seller theo tổng doanh thu và số lượng đơn hàng,527801b552d0077ffd170872eb49683b,20005.36,90,92,217.45,150
Bài 10 - Xếp hạng seller theo tổng doanh thu và số lượng đơn hàng,c33847515fa6305ce6feb1e818569f13,19894.26,114,128,155.42,151
Bài 10 - Xếp hạng seller theo tổng doanh thu và số lượng đơn hàng,4b9750c8ad28220fe6702d4ecb7c898f,19305.1,218,222,86.96,152
Bài 10 - Xếp hạng seller theo tổng doanh thu và số lượng đơn hàng,9de4643a8dbde634fe55621059d92273,19282.41,72,81,238.05,153
Bài 10 - Xếp hạng seller theo tổng doanh thu và số lượng đơn hàng,2a84855fd20af891be03bc5924d2b453,19270.61,164,168,114.71,154
Bài 10 - Xếp hạng seller theo tổng doanh thu và số lượng đơn hàng,79ebd9a61bac3eaf882805ed4ecfa12a,19105.14,136,143,133.6,155
Bài 10 - Xếp hạng seller theo tổng doanh thu và số lượng đơn hàng,165fc07beebdcb6190fba8a06db2a449,19081.43,50,64,298.15,156
Bài 10 - Xếp hạng seller theo tổng doanh thu và số lượng đơn hàng,4c2b230173bb36f9b240f2b8ac11786e,18989.84,261,346,54.88,157
Bài 10 - Xếp hạng seller theo tổng doanh thu và số lượng đơn hàng,a888faf2d1baececa6baf9c3d603ee1f,18887.32,54,55,343.41,158
Bài 10 - Xếp hạng seller theo tổng doanh thu và số lượng đơn hàng,213b25e6f54661939f11710a6fddb871,18839.96,155,194,97.11,159
Bài 10 - Xếp hạng seller theo tổng doanh thu và số lượng đơn hàng,c72de06d72748d1a0dfb2125be43ba63,18733.18,21,22,851.51,160
Bài 10 - Xếp hạng seller theo tổng doanh thu và số lượng đơn hàng,94144541854e298c2d976cb893b81343,18715.65,68,76,246.26,161
Bài 10 - Xếp hạng seller theo tổng doanh thu và số lượng đơn hàng,ef0ace09169ac090589d85746e3e036f,18538.95,129,140,132.42,162
Bài 10 - Xếp hạng seller theo tổng doanh thu và số lượng đơn hàng,4a3ccda38b2129705f3fb522db62ca31,18494.93,66,78,237.11,163
Bài 10 - Xếp hạng seller theo tổng doanh thu và số lượng đơn hàng,0adac9fbd9a2b63cccaac4f8756c1ca8,18460.22,110,142,130.0,164
Bài 10 - Xếp hạng seller theo tổng doanh thu và số lượng đơn hàng,2138ccb85b11a4ec1e37afbd1c8eda1f,18426.25,396,429,42.95,165
Bài 10 - Xếp hạng seller theo tổng doanh thu và số lượng đơn hàng,abe42c5d03695b4257b5c6cbf4e6784e,18158.23,50,50,363.16,166
Bài 10 - Xếp hạng seller theo tổng doanh thu và số lượng đơn hàng,229c3efbfb0ea2058de4ccdfbc3d784a,18106.57,121,148,122.34,167
Bài 10 - Xếp hạng seller theo tổng doanh thu và số lượng đơn hàng,1b4c3a6f53068f0b6944d2d005c9fc89,17791.67,113,117,152.07,168
Bài 10 - Xếp hạng seller theo tổng doanh thu và số lượng đơn hàng,8ae520247981aa06bc94abddf5f46d34,17766.34,65,65,273.33,169
Bài 10 - Xếp hạng seller theo tổng doanh thu và số lượng đơn hàng,01fdefa7697d26ad920e9e0346d4bd1b,17690.07,129,131,135.04,170
Bài 10 - Xếp hạng seller theo tổng doanh thu và số lượng đơn hàng,66922902710d126a0e7d26b0e3805106,17581.07,151,156,112.7,171
Bài 10 - Xếp hạng seller theo tổng doanh thu và số lượng đơn hàng,d921b68bf747894be13a97ae52b0f386,17403.81,77,77,226.02,172
Bài 10 - Xếp hạng seller theo tổng doanh thu và số lượng đơn hàng,5cf13accae3222c70a9cac40818ae839,17402.47,149,156,111.55,173
Bài 10 - Xếp hạng seller theo tổng doanh thu và số lượng đơn hàng,ce248b21cb2adc36282ede306b7660e5,17296.95,65,66,262.07,174
Bài 10 - Xếp hạng seller theo tổng doanh thu và số lượng đơn hàng,e5a38146df062edaf55c38afa99e42dc,17254.59,121,125,138.04,175
Bài 10 - Xếp hạng seller theo tổng doanh thu và số lượng đơn hàng,d94a40fd42351c259927028d163af842,17220.94,101,110,156.55,176
Bài 10 - Xếp hạng seller theo tổng doanh thu và số lượng đơn hàng,c3acdfac4e3e97ff87529454fbc03642,17057.28,12,12,1421.44,177
Bài 10 - Xếp hạng seller theo tổng doanh thu và số lượng đơn hàng,6d66611d7c44cc30ce351abc49a68421,16854.37,166,176,95.76,178
Bài 10 - Xếp hạng seller theo tổng doanh thu và số lượng đơn hàng,2e90cb1677d35cfe24eef47d441b7c87,16782.16,127,137,122.5,179
Bài 10 - Xếp hạng seller theo tổng doanh thu và số lượng đơn hàng,669ae81880e08f269a64487cfb287169,16621.46,162,186,89.36,180
Bài 10 - Xếp hạng seller theo tổng doanh thu và số lượng đơn hàng,f9244d45189d3a3605499abddeade7d5,16607.42,21,21,790.83,181
Bài 10 - Xếp hạng seller theo tổng doanh thu và số lượng đơn hàng,1f1bb1f0859883505541bdd6606193e5,16562.87,27,29,571.13,182
Bài 10 - Xếp hạng seller theo tổng doanh thu và số lượng đơn hàng,3b15288545f8928d3e65a8f949a28291,16513.69,104,121,136.48,183
Bài 10 - Xếp hạng seller theo tổng doanh thu và số lượng đơn hàng,6061155addc1e54b4cfb51c1c2a32ad8,16513.31,28,33,500.4,184
Bài 10 - Xếp hạng seller theo tổng doanh thu và số lượng đơn hàng,a673821011d0cec28146ea42f5ab767f,16490.14,129,146,112.95,185
Bài 10 - Xếp hạng seller theo tổng doanh thu và số lượng đơn hàng,75d34ebb1bd0bd7dde40dd507b8169c3,16479.51,62,72,228.88,186
Bài 10 - Xếp hạng seller theo tổng doanh thu và số lượng đơn hàng,c847e075301870dd144a116762eaff9a,16460.78,42,43,382.81,187
Bài 10 - Xếp hạng seller theo tổng doanh thu và số lượng đơn hàng,a3e9a2c700480d9bb01fba070ba80a0e,16323.89,130,144,113.36,188
Bài 10 - Xếp hạng seller theo tổng doanh thu và số lượng đơn hàng,cfb1a033743668a192316f3c6d1d2671,16236.2,147,184,88.24,189
Bài 10 - Xếp hạng seller theo tổng doanh thu và số lượng đơn hàng,8e6d7754bc7e0f22c96d255ebda59eba,16212.51,85,130,124.71,190
Bài 10 - Xếp hạng seller theo tổng doanh thu và số lượng đơn hàng,87b740daf17b5d1be335a64164ec6842,16182.38,13,13,1244.8,191
Bài 10 - Xếp hạng seller theo tổng doanh thu và số lượng đơn hàng,a5cba26a62b8b4d0145b68b841e62e7f,16120.66,54,55,293.1,192
Bài 10 - Xếp hạng seller theo tổng doanh thu và số lượng đơn hàng,6edacfd9f9074789dad6d62ba7950b9c,16087.6,208,219,73.46,193
Bài 10 - Xếp hạng seller theo tổng doanh thu và số lượng đơn hàng,6039e27294dc75811c0d8a39069f52c0,16047.17,64,75,213.96,194
Bài 10 - Xếp hạng seller theo tổng doanh thu và số lượng đơn hàng,1f9ab4708f3056ede07124aad39a2554,16043.51,78,79,203.08,195
Bài 10 - Xếp hạng seller theo tổng doanh thu và số lượng đơn hàng,440dd6ab244315c632130ecfb63827b1,15793.21,94,95,166.24,196
Bài 10 - Xếp hạng seller theo tổng doanh thu và số lượng đơn hàng,ac3508719a1d8f5b7614b798f70af136,15792.23,103,104,151.85,197
Bài 10 - Xếp hạng seller theo tổng doanh thu và số lượng đơn hàng,701938c450705b8ae65fc923b70f35c7,15792.12,75,112,141.0,198
Bài 10 - Xếp hạng seller theo tổng doanh thu và số lượng đơn hàng,05f51e13da97139648b8125c31e5f51b,15788.3,60,63,250.61,199
Bài 10 - Xếp hạng seller theo tổng doanh thu và số lượng đơn hàng,530ec6109d11eaaf87999465c6afee01,15640.21,97,104,150.39,200
Bài 10 - Xếp hạng seller theo tổng doanh thu và số lượng đơn hàng,289cdb325fb7e7f891c38608bf9e0962,15639.29,110,126,124.12,201
Bài 10 - Xếp hạng seller theo tổng doanh thu và số lượng đơn hàng,b8bc237ba3788b23da09c0f1f3a3288c,15621.16,45,47,332.37,202
Bài 10 - Xếp hạng seller theo tổng doanh thu và số lượng đơn hàng,a7f13822ceb966b076af67121f87b063,15595.12,75,86,181.34,203
Bài 10 - Xếp hạng seller theo tổng doanh thu và số lượng đơn hàng,c31eff8334d6b3047ed34bebd4d62c36,15586.05,122,123,126.72,204
Bài 10 - Xếp hạng seller theo tổng doanh thu và số lượng đơn hàng,080199a181c46c657dc5aa235411be3b,15544.88,79,83,187.29,205
Bài 10 - Xếp hạng seller theo tổng doanh thu và số lượng đơn hàng,aba1721a889e04decc910aa13b768ef4,15352.47,83,92,166.87,206
Bài 10 - Xếp hạng seller theo tổng doanh thu và số lượng đơn hàng,431af27f296bc6519d890aa5a05fdb11,15250.85,117,125,122.01,207
Bài 10 - Xếp hạng seller theo tổng doanh thu và số lượng đơn hàng,e2a1ac9bf33e5549a2a4f834e70df2f8,15200.56,5,5,3040.11,208
Bài 10 - Xếp hạng seller theo tổng doanh thu và số lượng đơn hàng,c6bda72e4dbf5c5866b13cb1810c6d03,15196.12,59,59,257.56,209
Bài 10 - Xếp hạng seller theo tổng doanh thu và số lượng đơn hàng,48436dade18ac8b2bce089ec2a041202,15183.64,138,151,100.55,210
Bài 10 - Xếp hạng seller theo tổng doanh thu và số lượng đơn hàng,cf8ab1616079e2793aa29d524df01bb1,15150.37,9,9,1683.37,211
Bài 10 - Xếp hạng seller theo tổng doanh thu và số lượng đơn hàng,2e1c9f22be269ef4643f826c9e650a52,15122.37,167,173,87.41,212
Bài 10 - Xếp hạng seller theo tổng doanh thu và số lượng đơn hàng,0ea22c1cfbdc755f86b9b54b39c16043,15075.31,237,269,56.04,213
Bài 10 - Xếp hạng seller theo tổng doanh thu và số lượng đơn hàng,a6bd7d1ccdac48c6b33b28596b7eb122,15046.63,16,16,940.41,214
Bài 10 - Xếp hạng seller theo tổng doanh thu và số lượng đơn hàng,0b35c634521043bf4b47e21547b99ab5,15008.74,51,78,192.42,215
Bài 10 - Xếp hạng seller theo tổng doanh thu và số lượng đơn hàng,1ca7077d890b907f89be8c954a02686a,15001.43,115,137,109.5,216
Bài 10 - Xếp hạng seller theo tổng doanh thu và số lượng đơn hàng,9e6229250fedbe05838fef417b74e7fb,14986.65,74,78,192.14,217
Bài 10 - Xếp hạng seller theo tổng doanh thu và số lượng đơn hàng,00fc707aaaad2d31347cf883cd2dfe10,14969.99,103,135,110.89,218
Bài 10 - Xếp hạng seller theo tổng doanh thu và số lượng đơn hàng,ef506c96320abeedfb894c34db06f478,14968.43,324,340,44.02,219
Bài 10 - Xếp hạng seller theo tổng doanh thu và số lượng đơn hàng,d50d79cb34e38265a8649c383dcffd48,14944.68,70,70,213.5,220
Bài 10 - Xếp hạng seller theo tổng doanh thu và số lượng đơn hàng,e26901d5ab434ce92fd9b5c256820a4e,14938.88,202,221,67.6,221
Bài 10 - Xếp hạng seller theo tổng doanh thu và số lượng đơn hàng,e8b3a3a38279a82f0e5d006d5e5b7d2c,14916.39,87,92,162.13,222
Bài 10 - Xếp hạng seller theo tổng doanh thu và số lượng đơn hàng,ce7d1888639e6fb06b2749cbfdac1ff7,14876.54,78,84,177.1,223
Bài 10 - Xếp hạng seller theo tổng doanh thu và số lượng đơn hàng,813348c996469b40f2e028d5429d3495,14800.43,179,202,73.27,224
Bài 10 - Xếp hạng seller theo tổng doanh thu và số lượng đơn hàng,2b1a40c1daabc6ca280c4b815c101841,14634.88,23,35,418.14,225
Bài 10 - Xếp hạng seller theo tổng doanh thu và số lượng đơn hàng,d05ae8f7a5bd1d2a690a44cd079e4e27,14595.43,78,81,180.19,226
Bài 10 - Xếp hạng seller theo tổng doanh thu và số lượng đơn hàng,f08a5b9dd6767129688d001acafc21e5,14565.74,11,18,809.21,227
Bài 10 - Xếp hạng seller theo tổng doanh thu và số lượng đơn hàng,240b9776d844d37535668549a396af32,14452.65,36,36,401.46,228
Bài 10 - Xếp hạng seller theo tổng doanh thu và số lượng đơn hàng,610f72e407cdd7caaa2f8167b0163fd8,14429.45,16,17,848.79,229
Bài 10 - Xếp hạng seller theo tổng doanh thu và số lượng đơn hàng,34d1ca11b242c0fee2c834ae8d788566,14404.28,40,41,351.32,230
Bài 10 - Xếp hạng seller theo tổng doanh thu và số lượng đơn hàng,0be8ff43f22e456b4e0371b2245e4d01,14384.65,161,180,79.91,231
Bài 10 - Xếp hạng seller theo tổng doanh thu và số lượng đơn hàng,8d956fec2e4337affcb520f56fd8cbfd,14343.14,211,228,62.91,232
Bài 10 - Xếp hạng seller theo tổng doanh thu và số lượng đơn hàng,d6b1ce66b035a475f00c017792ff9769,14315.88,92,108,132.55,233
Bài 10 - Xếp hạng seller theo tổng doanh thu và số lượng đơn hàng,cab85505710c7cb9b720bceb52b01cee,14295.24,206,209,68.4,234
Bài 10 - Xếp hạng seller theo tổng doanh thu và số lượng đơn hàng,99eaacc9e6046db1c82b163c5f84869f,14274.52,66,70,203.92,235
Bài 10 - Xếp hạng seller theo tổng doanh thu và số lượng đơn hàng,95e03ca3d4146e4011985981aeb959b9,14243.5,175,193,73.8,236
Bài 10 - Xếp hạng seller theo tổng doanh thu và số lượng đơn hàng,80e6699fe29150b372a0c8a1ebf7dcc8,14154.9,98,100,141.55,237
Bài 10 - Xếp hạng seller theo tổng doanh thu và số lượng đơn hàng,ad97a199236354e53fcd91a5a913e9a2,14074.7,17,18,781.93,238
Bài 10 - Xếp hạng seller theo tổng doanh thu và số lượng đơn hàng,ff063b022a9a0aab91bad2c9088760b7,14061.27,94,96,146.47,239
Bài 10 - Xếp hạng seller theo tổng doanh thu và số lượng đơn hàng,e24fc9fcd865784fb25705606fe3dfe7,13966.71,52,56,249.41,240
Bài 10 - Xếp hạng seller theo tổng doanh thu và số lượng đơn hàng,7202e2ba20579a9bd1acb29e61fe71f6,13916.16,53,55,253.02,241
Bài 10 - Xếp hạng seller theo tổng doanh thu và số lượng đơn hàng,5a8e7d5003a1f221f9e1d6e411de7c23,13866.19,139,181,76.61,242
Bài 10 - Xếp hạng seller theo tổng doanh thu và số lượng đơn hàng,8cc6a0e5738e61a87b03c78b2ba9db4b,13838.22,24,26,532.24,243
Bài 10 - Xếp hạng seller theo tổng doanh thu và số lượng đơn hàng,b372ee768ed69e46ca8cdbd267aa7a38,13813.84,63,69,200.2,244
Bài 10 - Xếp hạng seller theo tổng doanh thu và số lượng đơn hàng,6cd68b3ed6d59aaa9fece558ad360c0a,13718.46,149,157,87.38,245
Bài 10 - Xếp hạng seller theo tổng doanh thu và số lượng đơn hàng,adbc26658d6c7b4b6219f9d934598091,13692.25,88,92,148.83,246
Bài 10 - Xếp hạng seller theo tổng doanh thu và số lượng đơn hàng,c66dccfb3f109511246da627dd5a2498,13682.25,45,45,304.05,247
Bài 10 - Xếp hạng seller theo tổng doanh thu và số lượng đơn hàng,c8b0e2b0a7095e5d8219575d5e7e1181,13657.34,84,85,160.67,248
Bài 10 - Xếp hạng seller theo tổng doanh thu và số lượng đơn hàng,c60b801f2d52c7f7f91de00870882a75,13652.89,41,41,333.0,249
Bài 10 - Xếp hạng seller theo tổng doanh thu và số lượng đơn hàng,056b4ada5bbc2c50cc7842547dda6b51,13639.41,65,66,206.66,250
Bài 10 - Xếp hạng seller theo tổng doanh thu và số lượng đơn hàng,5d378b73ab7dd6f0418d743e5dcb0bd1,13636.28,7,7,1948.04,251
Bài 10 - Xếp hạng seller theo tổng doanh thu và số lượng đơn hàng,6e386f64c84e482f0b9abf960797ee1b,13563.66,30,30,452.12,252
Bài 10 - Xếp hạng seller theo tổng doanh thu và số lượng đơn hàng,70c27847eca8195c983ed7e798c56743,13529.18,77,98,138.05,253
Bài 10 - Xếp hạng seller theo tổng doanh thu và số lượng đơn hàng,1d8dbc4f32378d715c717c1c1fc57bae,13421.05,92,98,136.95,254
Bài 10 - Xếp hạng seller theo tổng doanh thu và số lượng đơn hàng,25e6ffe976bd75618accfe16cefcbd0d,13396.85,108,117,114.5,255
Bài 10 - Xếp hạng seller theo tổng doanh thu và số lượng đơn hàng,ed4acab38528488b65a9a9c603ff024a,13369.76,32,40,334.24,256
Bài 10 - Xếp hạng seller theo tổng doanh thu và số lượng đơn hàng,09f952a5f58d2285b0372551ae8f9b01,13346.46,50,56,238.33,257
Bài 10 - Xếp hạng seller theo tổng doanh thu và số lượng đơn hàng,039e6ad9dae79614493083e241147386,13273.42,5,5,2654.68,258
Bài 10 - Xếp hạng seller theo tổng doanh thu và số lượng đơn hàng,c510bc1718f0f2961eaa42a23330681a,13211.87,13,13,1016.3,259
Bài 10 - Xếp hạng seller theo tổng doanh thu và số lượng đơn hàng,ca3bd7cd9f149df75950150d010fe4a2,13171.37,71,138,95.44,260
Bài 10 - Xếp hạng seller theo tổng doanh thu và số lượng đơn hàng,54965bbe3e4f07ae045b90b0b8541f52,13164.84,78,86,153.08,261
Bài 10 - Xếp hạng seller theo tổng doanh thu và số lượng đơn hàng,23d7c96d4a1160db1c726b248601b25a,13146.52,53,55,239.03,262
Bài 10 - Xếp hạng seller theo tổng doanh thu và số lượng đơn hàng,d1b65fc7debc3361ea86b5f14c68d2e2,13141.8,40,41,320.53,263
Bài 10 - Xếp hạng seller theo tổng doanh thu và số lượng đơn hàng,562fc2f2c2863ab7e79a9e4388a58a14,13119.34,260,270,48.59,264
Bài 10 - Xếp hạng seller theo tổng doanh thu và số lượng đơn hàng,8b8cfc8305aa441e4239358c9f6f2485,13110.7,15,15,874.05,265
Bài 10 - Xếp hạng seller theo tổng doanh thu và số lượng đơn hàng,5058e8c1e82653974541e83690655b4a,13077.93,63,78,167.67,266
Bài 10 - Xếp hạng seller theo tổng doanh thu và số lượng đơn hàng,1da3aeb70d7989d1e6d9b0e887f97c23,13055.36,265,328,39.8,267
Bài 10 - Xếp hạng seller theo tổng doanh thu và số lượng đơn hàng,ce27a3cc3c8cc1ea79d11e561e9bebb6,13011.87,135,164,79.34,268
Bài 10 - Xếp hạng seller theo tổng doanh thu và số lượng đơn hàng,f262cbc1c910c83959f849465454ddd3,12989.85,192,207,62.75,269
Bài 10 - Xếp hạng seller theo tổng doanh thu và số lượng đơn hàng,66e0557ecc2b4dbea057e93f215f68d8,12977.99,31,31,418.64,270
Bài 10 - Xếp hạng seller theo tổng doanh thu và số lượng đơn hàng,4830e40640734fc1c52cd21127c341d4,12970.02,210,219,59.22,271
Bài 10 - Xếp hạng seller theo tổng doanh thu và số lượng đơn hàng,7040e82f899a04d1b434b795a43b4617,12955.98,212,228,56.82,272
Bài 10 - Xếp hạng seller theo tổng doanh thu và số lượng đơn hàng,b499c00f28f4b7069ff6550af8c1348a,12905.08,152,187,69.01,273
Bài 10 - Xếp hạng seller theo tổng doanh thu và số lượng đơn hàng,b4f8921fcc4ff77b66bea6dda43dcd51,12863.41,18,20,643.17,274
Bài 10 - Xếp hạng seller theo tổng doanh thu và số lượng đơn hàng,dd2bdf855a9172734fbc3744021ae9b9,12853.88,108,113,113.75,275
Bài 10 - Xếp hạng seller theo tổng doanh thu và số lượng đơn hàng,ccb83a794700270fde70898fe9ff368b,12785.73,12,12,1065.48,276
Bài 10 - Xếp hạng seller theo tổng doanh thu và số lượng đơn hàng,c9c7905cffc4ef9ff9f113554423e671,12766.71,127,139,91.85,277
Bài 10 - Xếp hạng seller theo tổng doanh thu và số lượng đơn hàng,fbc14c0cf93505ef89f64665ffa4a7b5,12758.93,18,18,708.83,278
Bài 10 - Xếp hạng seller theo tổng doanh thu và số lượng đơn hàng,f3b80352b986ab4d1057a4b724be19d0,12692.73,87,92,137.96,279
Bài 10 - Xếp hạng seller theo tổng doanh thu và số lượng đơn hàng,7ea5bfa6c340f58f8e71fc1f0412b0d6,12663.88,98,104,121.77,280
Bài 10 - Xếp hạng seller theo tổng doanh thu và số lượng đơn hàng,d71d863e5ef30d94e440c11be17dcd8f,12655.65,29,36,351.55,281
Bài 10 - Xếp hạng seller theo tổng doanh thu và số lượng đơn hàng,72c5da29406b4234927b81855e7b64f6,12652.47,31,31,408.14,282
Bài 10 - Xếp hạng seller theo tổng doanh thu và số lượng đơn hàng,1c129092bf23f28a5930387c980c0dfc,12589.29,201,220,57.22,283
Bài 10 - Xếp hạng seller theo tổng doanh thu và số lượng đơn hàng,c4f7fee5b0db50e87766f5a4d1b1b758,12533.6,8,9,1392.62,284
Bài 10 - Xếp hạng seller theo tổng doanh thu và số lượng đơn hàng,7901646fdd36a55f564ffaf2dbccaaf7,12478.83,22,27,462.18,285
Bài 10 - Xếp hạng seller theo tổng doanh thu và số lượng đơn hàng,82e0a475a88cc9595229d8029273f045,12415.92,42,80,155.2,286
Bài 10 - Xếp hạng seller theo tổng doanh thu và số lượng đơn hàng,5343d0649eca2a983820bfe93fc4d17e,12393.23,71,111,111.65,287
Bài 10 - Xếp hạng seller theo tổng doanh thu và số lượng đơn hàng,6973a06f484aacf400ece213dbf3d946,12374.62,95,115,107.61,288
Bài 10 - Xếp hạng seller theo tổng doanh thu và số lượng đơn hàng,c864036feaab8c1659f65ea4faebe1da,12299.77,58,58,212.06,289
Bài 10 - Xếp hạng seller theo tổng doanh thu và số lượng đơn hàng,33a6f4b1e7cdc205511e76ba1b6e0186,12183.91,105,126,96.7,290
Bài 10 - Xếp hạng seller theo tổng doanh thu và số lượng đơn hàng,17ca9b9e9b9ef8fdb529001b49ebb50f,12120.72,116,129,93.96,291
Bài 10 - Xếp hạng seller theo tổng doanh thu và số lượng đơn hàng,f80edd2c5aaa505cc4b0a3b219abf4b8,12108.94,119,128,94.6,292
Bài 10 - Xếp hạng seller theo tổng doanh thu và số lượng đơn hàng,dd7ddc04e1b6c2c614352b383efe2d36,12072.0,122,143,84.42,293
Bài 10 - Xếp hạng seller theo tổng doanh thu và số lượng đơn hàng,4e7c18b98d84e05cbae3ff0ff03846c2,12053.88,82,89,135.44,294
Bài 10 - Xếp hạng seller theo tổng doanh thu và số lượng đơn hàng,c4d51195486dc781531876a7d00453d8,12038.35,17,17,708.14,295
Bài 10 - Xếp hạng seller theo tổng doanh thu và số lượng đơn hàng,bba3293d6f5d5af2f415e004e8b93ae3,12028.79,17,17,707.58,296
Bài 10 - Xếp hạng seller theo tổng doanh thu và số lượng đơn hàng,bd23da7354813347129d751591d1a6e2,12011.13,89,90,133.46,297
Bài 10 - Xếp hạng seller theo tổng doanh thu và số lượng đơn hàng,9d5a9018aee56acb367ba9c3f05d1d6a,11982.21,67,79,151.67,298
Bài 10 - Xếp hạng seller theo tổng doanh thu và số lượng đơn hàng,8b28d096634035667e8263d57ba3368c,11967.15,143,155,77.21,299
Bài 10 - Xếp hạng seller theo tổng doanh thu và số lượng đơn hàng,31344c16881c08a8a72c6d2eb29918c1,11912.62,43,43,277.04,300
Bài 10 - Xếp hạng seller theo tổng doanh thu và số lượng đơn hàng,fffd5413c0700ac820c7069d66d98c89,11896.04,60,61,195.02,301
Bài 10 - Xếp hạng seller theo tổng doanh thu và số lượng đơn hàng,32b8764b4ef628b53608fc34011fcc13,11854.42,36,38,311.96,302
Bài 10 - Xếp hạng seller theo tổng doanh thu và số lượng đơn hàng,01cf7e3d21494c41fb86034f2e714fa1,11738.18,61,67,175.2,303
Bài 10 - Xếp hạng seller theo tổng doanh thu và số lượng đơn hàng,aaed1309374718fdd995ee4c58c9dfcd,11708.02,105,112,104.54,304
Bài 10 - Xếp hạng seller theo tổng doanh thu và số lượng đơn hàng,aafe36600ce604f205b86b5084d3d767,11673.2,129,131,89.11,305
Bài 10 - Xếp hạng seller theo tổng doanh thu và số lượng đơn hàng,9b013e03b2ab786505a1d3b5c0756754,11631.61,174,225,51.7,306
Bài 10 - Xếp hạng seller theo tổng doanh thu và số lượng đơn hàng,36a968b544695394e4e9d7572688598f,11628.87,154,162,71.78,307
Bài 10 - Xếp hạng seller theo tổng doanh thu và số lượng đơn hàng,3db66a856d18a9cba7c9241fc5221c50,11522.66,94,97,118.79,308
Bài 10 - Xếp hạng seller theo tổng doanh thu và số lượng đơn hàng,0df3984f9dfb3d49ac6366acbd3bbb85,11520.21,87,89,129.44,309
Bài 10 - Xếp hạng seller theo tổng doanh thu và số lượng đơn hàng,9d4db00d65d7760644ac0c14edb5fd86,11512.81,98,100,115.13,310
Bài 10 - Xếp hạng seller theo tổng doanh thu và số lượng đơn hàng,92eb0f42c21942b6552362b9b114707d,11492.67,341,365,31.49,311
Bài 10 - Xếp hạng seller theo tổng doanh thu và số lượng đơn hàng,6c7d50c24b3ccd2fd83b44d8bb34e073,11470.19,114,128,89.61,312
Bài 10 - Xếp hạng seller theo tổng doanh thu và số lượng đơn hàng,5656537e588803a555b8eb41f07a944b,11442.96,174,188,60.87,313
Bài 10 - Xếp hạng seller theo tổng doanh thu và số lượng đơn hàng,cbd996ad3c1b7dc71fd0e5f5df9087e2,11284.96,165,196,57.58,314
Bài 10 - Xếp hạng seller theo tổng doanh thu và số lượng đơn hàng,259f7b5e6e482c230e5bfaa670b6bb8f,11265.25,138,165,68.27,315
Bài 10 - Xếp hạng seller theo tổng doanh thu và số lượng đơn hàng,81a1104df0f08b59c68aa5b03cfe398e,11235.27,73,73,153.91,316
Bài 10 - Xếp hạng seller theo tổng doanh thu và số lượng đơn hàng,ea566164622c6b439516ab18062c42cd,11167.98,50,52,214.77,317
Bài 10 - Xếp hạng seller theo tổng doanh thu và số lượng đơn hàng,066a6914e1ebf3ea95a216c73a986b91,11115.95,68,74,150.22,318
Bài 10 - Xếp hạng seller theo tổng doanh thu và số lượng đơn hàng,e5a3438891c0bfdb9394643f95273d8e,11112.62,224,255,43.58,319
Bài 10 - Xếp hạng seller theo tổng doanh thu và số lượng đơn hàng,0db783cfcd3b73998abc6e10e59a102f,11076.55,132,137,80.85,320
Bài 10 - Xếp hạng seller theo tổng doanh thu và số lượng đơn hàng,7b07b3c7487f0ea825fc6df75abd658b,11074.64,93,98,113.01,321
Bài 10 - Xếp hạng seller theo tổng doanh thu và số lượng đơn hàng,1c5e4e49b9079480255b49d50aac1aa9,11062.72,12,12,921.89,322
Bài 10 - Xếp hạng seller theo tổng doanh thu và số lượng đơn hàng,624f4ece8da4aafb77699233d480f8ef,10927.37,53,55,198.68,323
Bài 10 - Xếp hạng seller theo tổng doanh thu và số lượng đơn hàng,06532f10282704ef4c69168b914b77be,10918.74,8,9,1213.19,324
Bài 10 - Xếp hạng seller theo tổng doanh thu và số lượng đơn hàng,18a349e75d307f4b4cc646a691ed4216,10909.56,121,148,73.71,325
Bài 10 - Xếp hạng seller theo tổng doanh thu và số lượng đơn hàng,7008613ea464bad5cb9b83456e1e6a8f,10860.05,127,156,69.62,326
Bài 10 - Xếp hạng seller theo tổng doanh thu và số lượng đơn hàng,73a63f72308aa20a46f4b1632018f196,10785.79,29,41,263.07,327
Bài 10 - Xếp hạng seller theo tổng doanh thu và số lượng đơn hàng,054694fa03fe82cec4b7551487331d74,10703.75,21,22,486.53,328
Bài 10 - Xếp hạng seller theo tổng doanh thu và số lượng đơn hàng,5882820ef11c4c068eea0677a7a879b4,10664.81,14,14,761.77,329
Bài 10 - Xếp hạng seller theo tổng doanh thu và số lượng đơn hàng,b92e3c8f9738272ff7c59e111e108d7c,10645.3,62,70,152.08,330
Bài 10 - Xếp hạng seller theo tổng doanh thu và số lượng đơn hàng,cb8bcce248bb1fb274ba762d8b971456,10635.02,68,69,154.13,331
Bài 10 - Xếp hạng seller theo tổng doanh thu và số lượng đơn hàng,9596c870880d900012f2e8e6e30d06d7,10615.33,22,24,442.31,332
Bài 10 - Xếp hạng seller theo tổng doanh thu và số lượng đơn hàng,17306570e772e7718c92a562d33f5f1d,10600.63,29,32,331.27,333
Bài 10 - Xếp hạng seller theo tổng doanh thu và số lượng đơn hàng,a49928bcdf77c55c6d6e05e09a9b4ca5,10574.25,98,106,99.76,334
Bài 10 - Xếp hạng seller theo tổng doanh thu và số lượng đơn hàng,7b1222c3624aa89b9558b50a2594188c,10561.09,22,22,480.05,335
Bài 10 - Xếp hạng seller theo tổng doanh thu và số lượng đơn hàng,048c2757535328e0d7dac690ad3c0aae,10551.06,51,51,206.88,336
Bài 10 - Xếp hạng seller theo tổng doanh thu và số lượng đơn hàng,f27e33c6d29b5138fa9967bcd445b6d5,10482.25,93,98,106.96,337
Bài 10 - Xếp hạng seller theo tổng doanh thu và số lượng đơn hàng,5b8154610ebb21fb90eb587365e673df,10474.98,38,41,255.49,338
Bài 10 - Xếp hạng seller theo tổng doanh thu và số lượng đơn hàng,0bae85eb84b9fb3bd773911e89288d54,10406.4,137,146,71.28,339
Bài 10 - Xếp hạng seller theo tổng doanh thu và số lượng đơn hàng,b2ac621f0d0322434d04a12b078b9369,10356.89,30,30,345.23,340
Bài 10 - Xếp hạng seller theo tổng doanh thu và số lượng đơn hàng,e96498ed8daaa3e9c23f7a62da76591c,10332.19,34,34,303.89,341
Bài 10 - Xếp hạng seller theo tổng doanh thu và số lượng đơn hàng,febab0275244b9a49a623f0bd613ca2f,10289.17,109,129,79.76,342
Bài 10 - Xếp hạng seller theo tổng doanh thu và số lượng đơn hàng,8e8a7ce9f2f970dc00e2acf6f6e199f6,10284.82,65,66,155.83,343
Bài 10 - Xếp hạng seller theo tổng doanh thu và số lượng đơn hàng,b1a81260566c1bac3114a6d124413f27,10250.2,51,54,189.82,344
Bài 10 - Xếp hạng seller theo tổng doanh thu và số lượng đơn hàng,972d0f9cf61b499a4812cf0bfa3ad3c4,10240.59,83,88,116.37,345
Bài 10 - Xếp hạng seller theo tổng doanh thu và số lượng đơn hàng,d98eec89afa3380e14463da2aabaea72,10225.31,168,183,55.88,346
Bài 10 - Xếp hạng seller theo tổng doanh thu và số lượng đơn hàng,b1fc4f64df5a0e8b6913ab38803c57a9,10140.99,107,121,83.81,347
Bài 10 - Xếp hạng seller theo tổng doanh thu và số lượng đơn hàng,5f2684dab12e59f83bef73ae57724e45,10123.06,68,74,136.8,348
Bài 10 - Xếp hạng seller theo tổng doanh thu và số lượng đơn hàng,3c487ae8f8d7542beff5788e2e0aea83,10105.35,30,33,306.22,349
Bài 10 - Xếp hạng seller theo tổng doanh thu và số lượng đơn hàng,961dff0a659b4561334372337dd897d9,10082.56,4,4,2520.64,350
Bài 10 - Xếp hạng seller theo tổng doanh thu và số lượng đơn hàng,05feb94f19d094d4b0f9281f0b1d4c99,10050.04,6,6,1675.01,351
Bài 10 - Xếp hạng seller theo tổng doanh thu và số lượng đơn hàng,640e21a7d01df7614a3b4923e990d40c,10045.12,116,137,73.32,352
Bài 10 - Xếp hạng seller theo tổng doanh thu và số lượng đơn hàng,e7df4cd29ab5abab70fb0783ddb53987,10022.07,23,24,417.59,353
Bài 10 - Xếp hạng seller theo tổng doanh thu và số lượng đơn hàng,7a241947449cc45dbfda4f9d0798d9d0,10018.1,62,72,139.14,354
Bài 10 - Xếp hạng seller theo tổng doanh thu và số lượng đơn hàng,270297ead4c65a6cd2593960d2af6b21,9968.5,18,20,498.43,355
Bài 10 - Xếp hạng seller theo tổng doanh thu và số lượng đơn hàng,6d803cb79cc31c41c4c789a75933b3c7,9925.07,58,66,150.38,356
Bài 10 - Xếp hạng seller theo tổng doanh thu và số lượng đơn hàng,7d456afc660226829370f3173d14520c,9857.87,56,91,108.33,357
Bài 10 - Xếp hạng seller theo tổng doanh thu và số lượng đơn hàng,2dee2ce60de9709b1a24083217181a1f,9844.56,54,55,178.99,358
Bài 10 - Xếp hạng seller theo tổng doanh thu và số lượng đơn hàng,a00824eb9093d40e589b940ec45c4eb0,9779.46,3,3,3259.82,359
Bài 10 - Xếp hạng seller theo tổng doanh thu và số lượng đơn hàng,3078096983cf766a32a06257648502d1,9700.9,59,64,151.58,360
Bài 10 - Xếp hạng seller theo tổng doanh thu và số lượng đơn hàng,4371b634e0efc0e22b09b52907d9d469,9678.79,102,112,86.42,361
Bài 10 - Xếp hạng seller theo tổng doanh thu và số lượng đơn hàng,ebd2d60905fb58271facef5596b620d3,9675.02,84,88,109.94,362
Bài 10 - Xếp hạng seller theo tổng doanh thu và số lượng đơn hàng,d03698c2efd04a549382afa6623e27fb,9644.62,18,21,459.27,363
Bài 10 - Xếp hạng seller theo tổng doanh thu và số lượng đơn hàng,6c12e40690c335dbc2f68a4134d30dc1,9624.26,16,18,534.68,364
Bài 10 - Xếp hạng seller theo tổng doanh thu và số lượng đơn hàng,06df0c10d34e459d9672bc77388742eb,9595.77,26,30,319.86,365
Bài 10 - Xếp hạng seller theo tổng doanh thu và số lượng đơn hàng,db2956745b3a8e9f3785c99f34b5d25e,9574.27,47,48,199.46,366
Bài 10 - Xếp hạng seller theo tổng doanh thu và số lượng đơn hàng,2089a6d640999f9b9141ac719b2af596,9525.94,44,44,216.5,367
Bài 10 - Xếp hạng seller theo tổng doanh thu và số lượng đơn hàng,8a432f4e5b471f8da497d7dc517666e2,9520.11,95,106,89.81,368
Bài 10 - Xếp hạng seller theo tổng doanh thu và số lượng đơn hàng,aac29b1b99776be73c3049939652091d,9465.52,98,138,68.59,369
Bài 10 - Xếp hạng seller theo tổng doanh thu và số lượng đơn hàng,33a17d60c64393351ebf1ef860f4e0f2,9431.86,43,47,200.68,370
Bài 10 - Xếp hạng seller theo tổng doanh thu và số lượng đơn hàng,37515688008a7a40ac93e3b2e4ab203f,9417.7,228,240,39.24,371
Bài 10 - Xếp hạng seller theo tổng doanh thu và số lượng đơn hàng,750303a20e9c56b2a6bc45cdce0b897d,9394.81,54,57,164.82,372
Bài 10 - Xếp hạng seller theo tổng doanh thu và số lượng đơn hàng,6c177e38df6d3f34182b1f1d427231bf,9376.53,55,56,167.44,373
Bài 10 - Xếp hạng seller theo tổng doanh thu và số lượng đơn hàng,af4a0e4cfe1d9c26b6712b1be25a72e5,9351.6,21,26,359.68,374
Bài 10 - Xếp hạng seller theo tổng doanh thu và số lượng đơn hàng,fdb9095204a334cd8872252ffec6f2db,9289.37,46,61,152.28,375
Bài 10 - Xếp hạng seller theo tổng doanh thu và số lượng đơn hàng,609e1a9a6c2539919b8205cf7c4e6ff0,9282.42,87,130,71.4,376
Bài 10 - Xếp hạng seller theo tổng doanh thu và số lượng đơn hàng,ad781527c93d00d89a11eecd9dcad7c1,9279.26,44,44,210.89,377
Bài 10 - Xếp hạng seller theo tổng doanh thu và số lượng đơn hàng,a2e874074c877c5a05abae80ad6e488f,9274.8,44,46,201.63,378
Bài 10 - Xếp hạng seller theo tổng doanh thu và số lượng đơn hàng,fcb5ace8bcc92f75707dc0f01a27d269,9273.33,62,73,127.03,379
Bài 10 - Xếp hạng seller theo tổng doanh thu và số lượng đơn hàng,b18dc380845b24038cfc48006478f099,9248.93,44,54,171.28,380
Bài 10 - Xếp hạng seller theo tổng doanh thu và số lượng đơn hàng,93dc87703c046b603023e75222018b45,9206.29,35,36,255.73,381
Bài 10 - Xếp hạng seller theo tổng doanh thu và số lượng đơn hàng,4bfc7a4a1cf8d4d2121c27422d9e50b5,9191.59,26,40,229.79,382
Bài 10 - Xếp hạng seller theo tổng doanh thu và số lượng đơn hàng,b4ffb71f0cb1b1c3d63fad021ecf93e1,9176.07,144,165,55.61,383
Bài 10 - Xếp hạng seller theo tổng doanh thu và số lượng đơn hàng,725c32fa80c2faacc4fc88450d27314e,9166.66,89,93,98.57,384
Bài 10 - Xếp hạng seller theo tổng doanh thu và số lượng đơn hàng,7722b1df1b0e383e000397b2c11e3e19,9165.3,134,145,63.21,385
Bài 10 - Xếp hạng seller theo tổng doanh thu và số lượng đơn hàng,403aa86912527d730337ffcb0fb096ab,9164.51,11,11,833.14,386
Bài 10 - Xếp hạng seller theo tổng doanh thu và số lượng đơn hàng,bd0389da23d89b726abf911cccc54596,9128.47,87,90,101.43,387
Bài 10 - Xếp hạng seller theo tổng doanh thu và số lượng đơn hàng,8e6cc767478edae941d9bd9eb778d77a,9115.41,106,114,79.96,388
Bài 10 - Xếp hạng seller theo tổng doanh thu và số lượng đơn hàng,903037660cf848a717166eb7a06d616e,9083.28,45,60,151.39,389
Bài 10 - Xếp hạng seller theo tổng doanh thu và số lượng đơn hàng,08633c14ef2db992c11f840f04fad4cd,9068.82,74,97,93.49,390
Bài 10 - Xếp hạng seller theo tổng doanh thu và số lượng đơn hàng,52d76513f0c4d97f3b99570e2c94ee31,9042.36,19,28,322.94,391
Bài 10 - Xếp hạng seller theo tổng doanh thu và số lượng đơn hàng,0432ead42b6c8a0bdf68154add917fdf,8999.62,85,90,100.0,392
Bài 10 - Xếp hạng seller theo tổng doanh thu và số lượng đơn hàng,8648b1e89e9b349e32d3741b30ec737e,8946.05,95,103,86.85,393
Bài 10 - Xếp hạng seller theo tổng doanh thu và số lượng đơn hàng,26d8a1c7c75d513045798992ead43aa2,8945.78,36,38,235.42,394
Bài 10 - Xếp hạng seller theo tổng doanh thu và số lượng đơn hàng,784ba75dd9d20200c4caed3d7a77141a,8924.95,21,24,371.87,395
Bài 10 - Xếp hạng seller theo tổng doanh thu và số lượng đơn hàng,989becdce12ebc39863c2bceab6f3ca1,8893.33,18,18,494.07,396
Bài 10 - Xếp hạng seller theo tổng doanh thu và số lượng đơn hàng,6fd52c528dcb38be2eea044946b811f8,8881.58,67,84,105.73,397
Bài 10 - Xếp hạng seller theo tổng doanh thu và số lượng đơn hàng,257e61d3251fb5efb9daadddbc2cf7ca,8806.18,12,12,733.85,398
Bài 10 - Xếp hạng seller theo tổng doanh thu và số lượng đơn hàng,5d0363b33554b373851fc1622e4d5f3c,8802.97,94,95,92.66,399
Bài 10 - Xếp hạng seller theo tổng doanh thu và số lượng đơn hàng,5b925e1d006e9476d738aa200751b73b,8801.84,63,63,139.71,400
Bài 10 - Xếp hạng seller theo tổng doanh thu và số lượng đơn hàng,4e17c65a516f69d023a2ae78b84f28d6,8794.8,61,74,118.85,401
Bài 10 - Xếp hạng seller theo tổng doanh thu và số lượng đơn hàng,8a32e327fe2c1b3511609d81aaf9f042,8792.04,132,180,48.84,402
Bài 10 - Xếp hạng seller theo tổng doanh thu và số lượng đơn hàng,dbb9b48c841a0e39e21f98e1a6b2ec3e,8768.26,108,118,74.31,403
Bài 10 - Xếp hạng seller theo tổng doanh thu và số lượng đơn hàng,b410bdd36d5db7a65dcd42b7ead933b8,8733.61,44,44,198.49,404
Bài 10 - Xếp hạng seller theo tổng doanh thu và số lượng đơn hàng,062ce95fa2ad4dfaedfc79260130565f,8721.44,55,60,145.36,405
Bài 10 - Xếp hạng seller theo tổng doanh thu và số lượng đơn hàng,e333046ce6517bd8bb510291d44f0130,8699.32,68,74,117.56,406
Bài 10 - Xếp hạng seller theo tổng doanh thu và số lượng đơn hàng,1da366cade6d8276e7d8beea7af5d4bf,8673.73,43,49,177.01,407
Bài 10 - Xếp hạng seller theo tổng doanh thu và số lượng đơn hàng,1127b7f2594683f2510f1c2c834a486b,8673.04,114,132,65.7,408
Bài 10 - Xếp hạng seller theo tổng doanh thu và số lượng đơn hàng,ececbfcff9804a2d6b40f589df8eef2b,8661.06,98,104,83.28,409
Bài 10 - Xếp hạng seller theo tổng doanh thu và số lượng đơn hàng,397c4d0c005b6f41f90098ac724e28cb,8622.37,5,5,1724.47,410
Bài 10 - Xếp hạng seller theo tổng doanh thu và số lượng đơn hàng,bbf9ad41dca6603e614efcdad7aab8c4,8622.26,14,14,615.88,411
Bài 10 - Xếp hạng seller theo tổng doanh thu và số lượng đơn hàng,2c9e548be18521d1c43cde1c582c6de8,8603.05,126,174,49.44,412
Bài 10 - Xếp hạng seller theo tổng doanh thu và số lượng đơn hàng,3bb548e3cb7f70f28e3f11ee9dce0e59,8586.81,46,53,162.02,413
Bài 10 - Xếp hạng seller theo tổng doanh thu và số lượng đơn hàng,058fd0aa2bfdb2274e05e1ae971dabb6,8555.8,61,64,133.68,414
Bài 10 - Xếp hạng seller theo tổng doanh thu và số lượng đơn hàng,a420f60ff1aa9acc80d0e42959f2b313,8543.27,67,69,123.82,415
Bài 10 - Xếp hạng seller theo tổng doanh thu và số lượng đơn hàng,cc63f0dd2acba93ffed4fe9f8e0321fa,8496.68,55,63,134.87,416
Bài 10 - Xếp hạng seller theo tổng doanh thu và số lượng đơn hàng,67883baaae6134ee81b271a542613728,8496.02,19,19,447.16,417
Bài 10 - Xếp hạng seller theo tổng doanh thu và số lượng đơn hàng,52f976b17ea7f2f087f56dcc419328f6,8492.65,6,6,1415.44,418
Bài 10 - Xếp hạng seller theo tổng doanh thu và số lượng đơn hàng,42bde9fef835393bb8a8849cb6b7f245,8487.84,35,40,212.2,419
Bài 10 - Xếp hạng seller theo tổng doanh thu và số lượng đơn hàng,86bb7c4b535e49a541baf3266b1c95b1,8487.22,16,16,530.45,420
Bài 10 - Xếp hạng seller theo tổng doanh thu và số lượng đơn hàng,8fb791022c1fc8909664f48ab7dc636d,8483.35,5,5,1696.67,421
Bài 10 - Xếp hạng seller theo tổng doanh thu và số lượng đơn hàng,d51e0a403fe2e689ece6c73359d96e12,8463.02,19,26,325.5,422
Bài 10 - Xếp hạng seller theo tổng doanh thu và số lượng đơn hàng,4aba391bc3b88717ce08eb11e44937b2,8435.21,29,30,281.17,423
Bài 10 - Xếp hạng seller theo tổng doanh thu và số lượng đơn hàng,282f23a9769b2690c5dda22e316f9941,8386.96,99,110,76.25,424
Bài 10 - Xếp hạng seller theo tổng doanh thu và số lượng đơn hàng,6a51fc556dab5f766ced6fbc860bc613,8370.25,26,33,253.64,425
Bài 10 - Xếp hạng seller theo tổng doanh thu và số lượng đơn hàng,6bd69102ab48df500790a8cecfc285c2,8359.02,5,5,1671.8,426
Bài 10 - Xếp hạng seller theo tổng doanh thu và số lượng đơn hàng,381c83fdca332ea6afd896da20bf6e4a,8355.01,46,46,181.63,427
Bài 10 - Xếp hạng seller theo tổng doanh thu và số lượng đơn hàng,e2aee0892199b1d92530e371abd825bf,8317.29,38,41,202.86,428
Bài 10 - Xếp hạng seller theo tổng doanh thu và số lượng đơn hàng,aced59e9b31ef866a94f9e7f29d8d418,8315.8,61,67,124.12,429
Bài 10 - Xếp hạng seller theo tổng doanh thu và số lượng đơn hàng,c26a2be5b53b7db6b276280da212a779,8288.85,13,18,460.49,430
Bài 10 - Xếp hạng seller theo tổng doanh thu và số lượng đơn hàng,54065e9aef7e9e9c2dc23b7594db021a,8283.43,14,14,591.67,431
Bài 10 - Xếp hạng seller theo tổng doanh thu và số lượng đơn hàng,34056b8b55c1775a22af2331670a799c,8229.89,78,78,105.51,432
Bài 10 - Xếp hạng seller theo tổng doanh thu và số lượng đơn hàng,6a8b085f816a1f75f92dbac6eb545f8f,8196.96,127,135,60.72,433
Bài 10 - Xếp hạng seller theo tổng doanh thu và số lượng đơn hàng,dbdd0ec73a4817971d962698f2fea022,8174.8,16,16,510.93,434
Bài 10 - Xếp hạng seller theo tổng doanh thu và số lượng đơn hàng,e0a366315b1b726b6c7832d664c0f530,8145.17,43,51,159.71,435
Bài 10 - Xếp hạng seller theo tổng doanh thu và số lượng đơn hàng,cee48807215b30a12ca2ca10ffb5f250,8125.52,39,40,203.14,436
Bài 10 - Xếp hạng seller theo tổng doanh thu và số lượng đơn hàng,b14db04aa7881970e83ffa9426897925,8123.95,83,111,73.19,437
Bài 10 - Xếp hạng seller theo tổng doanh thu và số lượng đơn hàng,7bac63f6603d382cc8d0832eb6c100a8,8114.6,19,19,427.08,438
Bài 10 - Xếp hạng seller theo tổng doanh thu và số lượng đơn hàng,8476243f92442881ddd5b578975cf115,8113.03,12,12,676.09,439
Bài 10 - Xếp hạng seller theo tổng doanh thu và số lượng đơn hàng,516e7738bd8f735ac19a010ee5450d8d,8109.32,76,84,96.54,440
Bài 10 - Xếp hạng seller theo tổng doanh thu và số lượng đơn hàng,b347677812ea483b0f528eaf8cbc09b7,8051.34,21,21,383.4,441
Bài 10 - Xếp hạng seller theo tổng doanh thu và số lượng đơn hàng,670c26e0f1bf8d0576271d5cfaec6d2b,8035.63,78,87,92.36,442
Bài 10 - Xếp hạng seller theo tổng doanh thu và số lượng đơn hàng,d13e50eaa47b4cbe9eb81465865d8cfc,8012.84,67,69,116.13,443
Bài 10 - Xếp hạng seller theo tổng doanh thu và số lượng đơn hàng,11305281b50fff20ae8bb473f8e11876,7973.21,35,40,199.33,444
Bài 10 - Xếp hạng seller theo tổng doanh thu và số lượng đơn hàng,dee656f0f566ed1aa85bd137c943f08f,7968.67,93,95,83.88,445
Bài 10 - Xếp hạng seller theo tổng doanh thu và số lượng đơn hàng,f84a00e60c73a49e7e851c9bdca3a5bb,7951.76,90,99,80.32,446
Bài 10 - Xếp hạng seller theo tổng doanh thu và số lượng đơn hàng,6fa9202c10491e472dffd59a3e82b2a3,7939.25,3,3,2646.42,447
Bài 10 - Xếp hạng seller theo tổng doanh thu và số lượng đơn hàng,080102cd0a76b09e0dcf55fcacc60e05,7912.71,124,130,60.87,448
Bài 10 - Xếp hạng seller theo tổng doanh thu và số lượng đơn hàng,58f1a6197ed863543e0136bdedb3fce2,7903.69,44,45,175.64,449
Bài 10 - Xếp hạng seller theo tổng doanh thu và số lượng đơn hàng,688756f717c462a206ad854c5027a64a,7901.45,83,101,78.23,450
Bài 10 - Xếp hạng seller theo tổng doanh thu và số lượng đơn hàng,f1fd5ab1181f827ffad998c1a5de7d74,7877.96,15,15,525.2,451
Bài 10 - Xếp hạng seller theo tổng doanh thu và số lượng đơn hàng,fa1a9dec3a9940c072684a46728bf1fc,7875.71,55,60,131.26,452
Bài 10 - Xếp hạng seller theo tổng doanh thu và số lượng đơn hàng,bacb1f0ed56ad24198f5810d2b3fe9a5,7833.39,42,42,186.51,453
Bài 10 - Xếp hạng seller theo tổng doanh thu và số lượng đơn hàng,6b243f80ed07b10f0e8aa0f21a205f3c,7807.4,79,89,87.72,454
Bài 10 - Xếp hạng seller theo tổng doanh thu và số lượng đơn hàng,f25e239052084705e17a982bc600ab2a,7785.48,8,8,973.18,455
Bài 10 - Xếp hạng seller theo tổng doanh thu và số lượng đơn hàng,d624126b9206f595fb3fbb6ba03b28a8,7768.5,23,28,277.45,456
Bài 10 - Xếp hạng seller theo tổng doanh thu và số lượng đơn hàng,8c16d1f32a54d92897cc437244442e1b,7754.67,108,118,65.72,457
Bài 10 - Xếp hạng seller theo tổng doanh thu và số lượng đơn hàng,512d298ac2a96d1931b6bd30aa21f61d,7723.87,11,12,643.66,458
Bài 10 - Xếp hạng seller theo tổng doanh thu và số lượng đơn hàng,87e24fc7052259b1f7f607d61c10d8be,7709.86,8,8,963.73,459
Bài 10 - Xếp hạng seller theo tổng doanh thu và số lượng đơn hàng,751bdc4d83a466c7206cd42e8f426b03,7703.74,54,71,108.5,460
Bài 10 - Xếp hạng seller theo tổng doanh thu và số lượng đơn hàng,dd55f1bb788714a40e7954c3be6df745,7701.18,35,37,208.14,461
Bài 10 - Xếp hạng seller theo tổng doanh thu và số lượng đơn hàng,376a891762bbdecbc02b4b6adec3fdda,7693.63,57,58,132.65,462
Bài 10 - Xếp hạng seller theo tổng doanh thu và số lượng đơn hàng,014c0679dd340a0e338872e7ec85666a,7686.31,14,15,512.42,463
Bài 10 - Xếp hạng seller theo tổng doanh thu và số lượng đơn hàng,d9bd94811c3338dceb4181f3dbc0c73e,7682.11,54,61,125.94,464
Bài 10 - Xếp hạng seller theo tổng doanh thu và số lượng đơn hàng,83e197e95a1bbabc8c75e883ed016c47,7680.06,47,55,139.64,465
Bài 10 - Xếp hạng seller theo tổng doanh thu và số lượng đơn hàng,ff1fb4c404b2efe68b03350a8dc24122,7666.95,46,49,156.47,466
Bài 10 - Xếp hạng seller theo tổng doanh thu và số lượng đơn hàng,63b464dbf392c7b80d12d932fa7cafed,7662.25,37,39,196.47,467
Bài 10 - Xếp hạng seller theo tổng doanh thu và số lượng đơn hàng,54219883e72aad869adfb2a54b7bfa0f,7579.55,5,5,1515.91,468
Bài 10 - Xếp hạng seller theo tổng doanh thu và số lượng đơn hàng,31ae0774c17fabd06ff707cc5bde005f,7570.67,11,11,688.24,469
Bài 10 - Xếp hạng seller theo tổng doanh thu và số lượng đơn hàng,57e632711dec9ec14ca7546769483e7e,7558.04,62,65,116.28,470
Bài 10 - Xếp hạng seller theo tổng doanh thu và số lượng đơn hàng,f46490624488d3ff7ce78613913a7711,7550.67,83,91,82.97,471
Bài 10 - Xếp hạng seller theo tổng doanh thu và số lượng đơn hàng,30829ded4523ab9224b93bc49a62c95f,7549.71,18,31,243.54,472
Bài 10 - Xếp hạng seller theo tổng doanh thu và số lượng đơn hàng,b19f3ca2ea475913750f25a5c37c8d8f,7549.55,24,24,314.56,473
Bài 10 - Xếp hạng seller theo tổng doanh thu và số lượng đơn hàng,9616352088dcf83a7c06637f4ebf1c80,7490.57,92,98,76.43,474
Bài 10 - Xếp hạng seller theo tổng doanh thu và số lượng đơn hàng,3340ef1913fb70d28420f6ceb685c339,7481.55,32,42,178.13,475
Bài 10 - Xếp hạng seller theo tổng doanh thu và số lượng đơn hàng,ade45994b717ccee333492330fbf037b,7479.63,10,10,747.96,476
Bài 10 - Xếp hạng seller theo tổng doanh thu và số lượng đơn hàng,e5e33c0d8e7e002f398f5dc4cbbb338f,7477.33,28,29,257.84,477
Bài 10 - Xếp hạng seller theo tổng doanh thu và số lượng đơn hàng,679769a98cfcc6da877c8486ff1c13f3,7467.39,21,21,355.59,478
Bài 10 - Xếp hạng seller theo tổng doanh thu và số lượng đơn hàng,ba143b05f0110f0dc71ad71b4466ce92,7453.59,85,86,86.67,479
Bài 10 - Xếp hạng seller theo tổng doanh thu và số lượng đơn hàng,a4b6b9b992b46e9ef863637af96e04bc,7452.36,7,14,532.31,480
Bài 10 - Xếp hạng seller theo tổng doanh thu và số lượng đơn hàng,7dc8c42cc750eeafea6c85712ffee9bf,7445.09,41,50,148.9,481
Bài 10 - Xếp hạng seller theo tổng doanh thu và số lượng đơn hàng,05d2173d43ea568aa0540eba70d2ca76,7438.93,62,66,112.71,482
Bài 10 - Xếp hạng seller theo tổng doanh thu và số lượng đơn hàng,5b67882648febfb6e1225e6ad7164f6b,7432.42,27,30,247.75,483
Bài 10 - Xếp hạng seller theo tổng doanh thu và số lượng đơn hàng,0873d9f8f36123f8d910f4760e788cfb,7426.65,6,6,1237.77,484
Bài 10 - Xếp hạng seller theo tổng doanh thu và số lượng đơn hàng,2a261b5b644fa05f4f2700eb93544f2c,7396.73,51,82,90.2,485
Bài 10 - Xếp hạng seller theo tổng doanh thu và số lượng đơn hàng,0691148aee60ca47977c187804f935ae,7359.45,47,53,138.86,486
Bài 10 - Xếp hạng seller theo tổng doanh thu và số lượng đơn hàng,6f892e20a171e98efe17fdb971ff319b,7342.86,44,53,138.54,487
Bài 10 - Xếp hạng seller theo tổng doanh thu và số lượng đơn hàng,b8630e1121437d41cb08e3c749c2c2e2,7334.1,12,12,611.18,488
Bài 10 - Xếp hạng seller theo tổng doanh thu và số lượng đơn hàng,b3b17aab11f273023a5f22ca52e1eb70,7325.35,7,13,563.49,489
Bài 10 - Xếp hạng seller theo tổng doanh thu và số lượng đơn hàng,40d54b51e962dbe09cabbcfd33298dee,7323.25,30,31,236.23,490
Bài 10 - Xếp hạng seller theo tổng doanh thu và số lượng đơn hàng,3ade81dab5a172b88e1871c28ae05260,7302.99,30,32,228.22,491
Bài 10 - Xếp hạng seller theo tổng doanh thu và số lượng đơn hàng,4c03b9dd4c11ee2cb35c96c49efc9420,7302.33,48,48,152.13,492
Bài 10 - Xếp hạng seller theo tổng doanh thu và số lượng đơn hàng,bd4889b5e9133b35b66e42a8665cea5c,7256.54,36,42,172.77,493
Bài 10 - Xếp hạng seller theo tổng doanh thu và số lượng đơn hàng,3be634553519fb6536a03e1358e9fdc7,7226.65,83,99,73.0,494
Bài 10 - Xếp hạng seller theo tổng doanh thu và số lượng đơn hàng,cfa5ab0e4d3fc212fd0b3410e7081c62,7219.81,16,21,343.8,495
Bài 10 - Xếp hạng seller theo tổng doanh thu và số lượng đơn hàng,5670f4db5b62c43d542e1b2d56b0cf7c,7212.65,22,22,327.85,496
Bài 10 - Xếp hạng seller theo tổng doanh thu và số lượng đơn hàng,02f623a8eb246f3c5f7c2f96462654e6,7207.63,44,44,163.81,497
Bài 10 - Xếp hạng seller theo tổng doanh thu và số lượng đơn hàng,ff4ea69c2a729e83e63c7579e4ef8170,7188.62,9,9,798.74,498
Bài 10 - Xếp hạng seller theo tổng doanh thu và số lượng đơn hàng,455c5640e8c5bd1b2ee85c0158f85727,7186.89,8,8,898.36,499
Bài 10 - Xếp hạng seller theo tổng doanh thu và số lượng đơn hàng,ea67327e24487bdfac5fbfa37ea124df,7180.28,32,34,211.18,500
Bài 10 - Xếp hạng seller theo tổng doanh thu và số lượng đơn hàng,537eb890efff034a88679788b647c564,7178.9,160,173,41.5,501
Bài 10 - Xếp hạng seller theo tổng doanh thu và số lượng đơn hàng,33dd941c27854f7625b968cc6195a552,7168.41,5,5,1433.68,502
Bài 10 - Xếp hạng seller theo tổng doanh thu và số lượng đơn hàng,91f848e9f4be368f4318775aac733370,7168.16,63,73,98.19,503
Bài 10 - Xếp hạng seller theo tổng doanh thu và số lượng đơn hàng,4b5f66b7adcf57f1ecc0d3c07dd6b177,7115.96,23,38,187.26,504
Bài 10 - Xếp hạng seller theo tổng doanh thu và số lượng đơn hàng,e3b4998c7a498169dc7bce44e6bb6277,7114.69,3,3,2371.56,505
Bài 10 - Xếp hạng seller theo tổng doanh thu và số lượng đơn hàng,e8b4225284fbb02d16f200513f1f395d,7086.13,31,31,228.58,506
Bài 10 - Xếp hạng seller theo tổng doanh thu và số lượng đơn hàng,a63bfbaa882c8f4542891b4e2246cc7f,7036.19,7,7,1005.17,507
Bài 10 - Xếp hạng seller theo tổng doanh thu và số lượng đơn hàng,67bf6941ba2f1fa1d02c375766bc3e53,7029.68,16,22,319.53,508
Bài 10 - Xếp hạng seller theo tổng doanh thu và số lượng đơn hàng,33c51922b6e3c16b24a8f28e5833c99d,7025.88,18,20,351.29,509
Bài 10 - Xếp hạng seller theo tổng doanh thu và số lượng đơn hàng,b2479f944e1b90cf8a5de1bbfde284d6,6992.22,103,131,53.38,510
Bài 10 - Xếp hạng seller theo tổng doanh thu và số lượng đơn hàng,b6d44737c043328708f6749c2dbe50bd,6935.2,62,80,86.69,511
Bài 10 - Xếp hạng seller theo tổng doanh thu và số lượng đơn hàng,80ceebb4ee9b31afb6c6a916a574a1e2,6922.21,1,1,6922.21,512
Bài 10 - Xếp hạng seller theo tổng doanh thu và số lượng đơn hàng,e9d99831abad74458942f21e16f33f92,6916.06,130,149,46.42,513
Bài 10 - Xếp hạng seller theo tổng doanh thu và số lượng đơn hàng,f12ff17ad8bbf01ec5c33b17e506649b,6892.73,29,29,237.68,514
Bài 10 - Xếp hạng seller theo tổng doanh thu và số lượng đơn hàng,50c9975695009e5e6473912e83a6d1da,6883.95,50,68,101.23,515
Bài 10 - Xếp hạng seller theo tổng doanh thu và số lượng đơn hàng,2fdde51ad3e12f297da656d4fbd5d0b5,6874.14,10,10,687.41,516
Bài 10 - Xếp hạng seller theo tổng doanh thu và số lượng đơn hàng,0bf0150d5b9d60d9cd2906003332f085,6872.34,39,62,110.84,517
Bài 10 - Xếp hạng seller theo tổng doanh thu và số lượng đơn hàng,dfc5fb7259bb2b599ca565e6e9448f0f,6845.98,33,34,201.35,518
Bài 10 - Xếp hạng seller theo tổng doanh thu và số lượng đơn hàng,abe021b01ba992245271b9aa422032df,6837.24,2,2,3418.62,519
Bài 10 - Xếp hạng seller theo tổng doanh thu và số lượng đơn hàng,eb3071b9f0b0ddaa2df5ea130f09f26b,6811.42,9,11,619.22,520
Bài 10 - Xếp hạng seller theo tổng doanh thu và số lượng đơn hàng,bba74270a87732727b5a3b4fd9ac1c39,6760.44,36,41,164.89,521
Bài 10 - Xếp hạng seller theo tổng doanh thu và số lượng đơn hàng,3df020b72d3d44b3af9d110fa3940b65,6749.47,55,101,66.83,522
Bài 10 - Xếp hạng seller theo tổng doanh thu và số lượng đơn hàng,b4a476fbd28de64b1e347abf9089366a,6735.95,33,38,177.26,523
Bài 10 - Xếp hạng seller theo tổng doanh thu và số lượng đơn hàng,ee27a8f15b1dded4d213a468ba4eb391,6726.66,1,1,6726.66,524
Bài 10 - Xếp hạng seller theo tổng doanh thu và số lượng đơn hàng,98dac6635aee4995d501a3972e047414,6675.37,91,195,34.23,525
Bài 10 - Xếp hạng seller theo tổng doanh thu và số lượng đơn hàng,9baf5cb77970f539089d09a38bcec5c3,6673.4,32,33,202.22,526
Bài 10 - Xếp hạng seller theo tổng doanh thu và số lượng đơn hàng,f4c4daa86e30c7e5a553a8d518ac03a5,6671.2,20,20,333.56,527
Bài 10 - Xếp hạng seller theo tổng doanh thu và số lượng đơn hàng,f181738b150df1f37cb0bd72e705b193,6632.75,36,37,179.26,528
Bài 10 - Xếp hạng seller theo tổng doanh thu và số lượng đơn hàng,4917cee8d902e13428c3ec4b1ca6f315,6621.54,33,33,200.65,529
Bài 10 - Xếp hạng seller theo tổng doanh thu và số lượng đơn hàng,45ba18c210d42734ec52c0c1c574e9ee,6562.09,38,41,160.05,530
Bài 10 - Xếp hạng seller theo tổng doanh thu và số lượng đơn hàng,dfa0c4c6229ab200a4a1336b4d7128ff,6544.21,77,86,76.1,531
Bài 10 - Xếp hạng seller theo tổng doanh thu và số lượng đơn hàng,94e93ce877be27a515118dbfd2c2be41,6542.72,30,35,186.93,532
Bài 10 - Xếp hạng seller theo tổng doanh thu và số lượng đơn hàng,2528744c5ef5d955adc318720a94d2e7,6508.7,5,5,1301.74,533
Bài 10 - Xếp hạng seller theo tổng doanh thu và số lượng đơn hàng,dbd66278cbfe1aa1000f90a217ca4695,6472.77,85,99,65.38,534
Bài 10 - Xếp hạng seller theo tổng doanh thu và số lượng đơn hàng,0d85bbda9889ce1f7e63778d24f346eb,6469.7,51,58,111.55,535
Bài 10 - Xếp hạng seller theo tổng doanh thu và số lượng đơn hàng,23613d49c3ac2bd302259e55c06c050c,6460.76,70,80,80.76,536
Bài 10 - Xếp hạng seller theo tổng doanh thu và số lượng đơn hàng,7d76b645482be4a332374e8223836592,6431.54,176,187,34.39,537
Bài 10 - Xếp hạng seller theo tổng doanh thu và số lượng đơn hàng,d6b664fa0667064c6d76394e7848d790,6404.34,6,6,1067.39,538
Bài 10 - Xếp hạng seller theo tổng doanh thu và số lượng đơn hàng,02d35243ea2e497335cd0f076b45675d,6399.95,14,16,400.0,539
Bài 10 - Xếp hạng seller theo tổng doanh thu và số lượng đơn hàng,52ac6f920b7280e4c6d30dd94de6259b,6383.89,6,7,911.98,540
Bài 10 - Xếp hạng seller theo tổng doanh thu và số lượng đơn hàng,fc906263ca5083d09dce42fe02247800,6383.28,114,119,53.64,541
Bài 10 - Xếp hạng seller theo tổng doanh thu và số lượng đơn hàng,709e16e2b25c7474d980076c6bfc4806,6378.86,60,80,79.74,542
Bài 10 - Xếp hạng seller theo tổng doanh thu và số lượng đơn hàng,e62b2d6ac10570a035a30bafcf01d263,6375.47,62,71,89.8,543
Bài 10 - Xếp hạng seller theo tổng doanh thu và số lượng đơn hàng,1336efc61c316ddf92c899eb817f7cae,6355.29,74,85,74.77,544
Bài 10 - Xếp hạng seller theo tổng doanh thu và số lượng đơn hàng,04aa0a1c5ce6b222003403a3e11c3cc0,6339.51,11,17,372.91,545
Bài 10 - Xếp hạng seller theo tổng doanh thu và số lượng đơn hàng,f84fa566034f5e8e880a07ec624c56af,6326.7,91,102,62.03,546
Bài 10 - Xếp hạng seller theo tổng doanh thu và số lượng đơn hàng,817245bcc3badd82bbd222e0366951a6,6303.08,29,45,140.07,547
Bài 10 - Xếp hạng seller theo tổng doanh thu và số lượng đơn hàng,9674754b5a0cb32b638cec001178f799,6284.83,86,97,64.79,548
Bài 10 - Xếp hạng seller theo tổng doanh thu và số lượng đơn hàng,83deb69e889cf80f82be1dc6d5f2d486,6276.65,40,42,149.44,549
Bài 10 - Xếp hạng seller theo tổng doanh thu và số lượng đơn hàng,afe0067131b73e40875c9b6c10bd2e21,6255.85,46,46,136.0,550
Bài 10 - Xếp hạng seller theo tổng doanh thu và số lượng đơn hàng,b39d7fe263ef469605dbb32608aee0af,6255.77,44,49,127.67,551
Bài 10 - Xếp hạng seller theo tổng doanh thu và số lượng đơn hàng,06579cb253ecd5a3a12a9e6eb6bf8f47,6226.61,62,72,86.48,552
Bài 10 - Xếp hạng seller theo tổng doanh thu và số lượng đơn hàng,23c38debaffe4a25a30fdbd9b586a13f,6216.56,41,46,135.14,553
Bài 10 - Xếp hạng seller theo tổng doanh thu và số lượng đơn hàng,abcd2cb37d46c2c8fb1bf071c859fc5b,6200.62,45,52,119.24,554
Bài 10 - Xếp hạng seller theo tổng doanh thu và số lượng đơn hàng,7e3f87d16fb353f408d467e74fbd8014,6193.7,92,94,65.89,555
Bài 10 - Xếp hạng seller theo tổng doanh thu và số lượng đơn hàng,575df70bde3f9f2b30bf8d2e9910d725,6163.42,27,34,181.28,556
Bài 10 - Xếp hạng seller theo tổng doanh thu và số lượng đơn hàng,1bb2bdb95f4841f1bba2c0d2cd83d3c9,6149.27,81,85,72.34,557
Bài 10 - Xếp hạng seller theo tổng doanh thu và số lượng đơn hàng,0cbcee27c791afa0cdcb08587a2013a8,6141.31,39,41,149.79,558
Bài 10 - Xếp hạng seller theo tổng doanh thu và số lượng đơn hàng,d566c37fa119d5e66c4e9052e83ee4ea,6124.92,65,73,83.9,559
Bài 10 - Xếp hạng seller theo tổng doanh thu và số lượng đơn hàng,835f0f7810c76831d6c7d24c7a646d4d,6094.03,44,50,121.88,560
Bài 10 - Xếp hạng seller theo tổng doanh thu và số lượng đơn hàng,d66c305afaec317ebee552073a674429,6085.7,41,47,129.48,561
Bài 10 - Xếp hạng seller theo tổng doanh thu và số lượng đơn hàng,f680f85bee2d253556ac91be391d2c82,6077.34,45,54,112.54,562
Bài 10 - Xếp hạng seller theo tổng doanh thu và số lượng đơn hàng,cc3d14116804f7209f3884f6367f1152,6060.59,27,30,202.02,563
Bài 10 - Xếp hạng seller theo tổng doanh thu và số lượng đơn hàng,8bb48dc19fccaa8613b6229bf7f452a2,6048.12,82,95,63.66,564
Bài 10 - Xếp hạng seller theo tổng doanh thu và số lượng đơn hàng,e067ad2c1c0b48758eb1b5228bcf7a68,6047.91,54,61,99.15,565
Bài 10 - Xếp hạng seller theo tổng doanh thu và số lượng đơn hàng,f67efa3f0b6761102a7f8c6b7b571f5d,6030.17,31,32,188.44,566
Bài 10 - Xếp hạng seller theo tổng doanh thu và số lượng đơn hàng,0176f73cc1195f367f7b32db1e5b3aa8,6020.11,38,39,154.36,567
Bài 10 - Xếp hạng seller theo tổng doanh thu và số lượng đơn hàng,c35affa65afd250151285c5917fc1c8a,5993.92,9,9,665.99,568
Bài 10 - Xếp hạng seller theo tổng doanh thu và số lượng đơn hàng,9add47bf45ce8e8c7db6b9cf670b1e09,5987.28,43,45,133.05,569
Bài 10 - Xếp hạng seller theo tổng doanh thu và số lượng đơn hàng,916c9de0b5ad957346eeeb12f332687e,5973.78,23,28,213.35,570
Bài 10 - Xếp hạng seller theo tổng doanh thu và số lượng đơn hàng,f7496d659ca9fdaf323c0aae84176632,5932.51,26,27,219.72,571
Bài 10 - Xếp hạng seller theo tổng doanh thu và số lượng đơn hàng,acce39e832338debb07b02385cde5967,5923.66,44,44,134.63,572
Bài 10 - Xếp hạng seller theo tổng doanh thu và số lượng đơn hàng,8b9d6eec4a7eb7d0f9d579ce0b38324d,5916.98,49,53,111.64,573
Bài 10 - Xếp hạng seller theo tổng doanh thu và số lượng đơn hàng,099095b050cfe8eb1ddff5317587e96e,5909.15,17,20,295.46,574
Bài 10 - Xếp hạng seller theo tổng doanh thu và số lượng đơn hàng,e06f09ec0a4aca210779cf1cfc63cf19,5901.41,29,31,190.37,575
Bài 10 - Xếp hạng seller theo tổng doanh thu và số lượng đơn hàng,3ab971ce71839580d2ae5b4e40fe8044,5899.05,36,38,155.24,576
Bài 10 - Xếp hạng seller theo tổng doanh thu và số lượng đơn hàng,2ff97219cb8622eaf3cd89b7d9c09824,5866.03,89,96,61.1,577
Bài 10 - Xếp hạng seller theo tổng doanh thu và số lượng đơn hàng,3c7c4a49ec3c6550809089c6a2ca9370,5858.3,141,160,36.61,578
Bài 10 - Xếp hạng seller theo tổng doanh thu và số lượng đơn hàng,5b179e9e8cc7ab6fd113a46ca584da81,5839.14,34,36,162.2,579
Bài 10 - Xếp hạng seller theo tổng doanh thu và số lượng đơn hàng,30a2f535bb48308f991d0b9ad4a8c4bb,5815.36,71,87,66.84,580
Bài 10 - Xếp hạng seller theo tổng doanh thu và số lượng đơn hàng,b561927807645834b59ef0d16ba55a24,5807.03,85,95,61.13,581
Bài 10 - Xếp hạng seller theo tổng doanh thu và số lượng đơn hàng,bbad7e518d7af88a0897397ffdca1979,5800.42,69,85,68.24,582
Bài 10 - Xếp hạng seller theo tổng doanh thu và số lượng đơn hàng,55d3daac7c404d59e51c2aa2f4dc5a23,5790.48,21,28,206.8,583
Bài 10 - Xếp hạng seller theo tổng doanh thu và số lượng đơn hàng,d63c73efd41eb002280e7ec831424edb,5766.59,2,2,2883.3,584
Bài 10 - Xếp hạng seller theo tổng doanh thu và số lượng đơn hàng,c4af86330efa7a2620772227d2d670c9,5760.96,4,4,1440.24,585
Bài 10 - Xếp hạng seller theo tổng doanh thu và số lượng đơn hàng,02ecc2a19303f05e59ce133fd923fff7,5742.4,21,24,239.27,586
Bài 10 - Xếp hạng seller theo tổng doanh thu và số lượng đơn hàng,45d33f715e24d15a6ccf5c17b3a23e3c,5742.16,59,61,94.13,587
Bài 10 - Xếp hạng seller theo tổng doanh thu và số lượng đơn hàng,f789d2c4f2c2eb38fc4373e7a4b35264,5733.24,44,49,117.0,588
Bài 10 - Xếp hạng seller theo tổng doanh thu và số lượng đơn hàng,cac4c8e7b1ca6252d8f20b2fc1a2e4af,5722.54,75,83,68.95,589
Bài 10 - Xếp hạng seller theo tổng doanh thu và số lượng đơn hàng,d20b021d3efdf267a402c402a48ea64b,5715.17,90,106,53.92,590
Bài 10 - Xếp hạng seller theo tổng doanh thu và số lượng đơn hàng,1a932caad4f9d804097d7f8e615baed1,5701.45,20,30,190.05,591
Bài 10 - Xếp hạng seller theo tổng doanh thu và số lượng đơn hàng,5bffbafbb22daf6d3bfc216a46db8708,5694.2,21,23,247.57,592
Bài 10 - Xếp hạng seller theo tổng doanh thu và số lượng đơn hàng,822bad9bc42b51213ba522fe87b7ab5d,5687.34,18,18,315.96,593
Bài 10 - Xếp hạng seller theo tổng doanh thu và số lượng đơn hàng,582d4f8675b945722eda7c0cb61ba4c7,5683.93,59,71,80.06,594
Bài 10 - Xếp hạng seller theo tổng doanh thu và số lượng đơn hàng,fcdd820084f17e9982427971e4e9d47f,5665.74,16,27,209.84,595
Bài 10 - Xếp hạng seller theo tổng doanh thu và số lượng đơn hàng,3f0e48d209018b466fcd3bb4ccfeb520,5654.8,9,10,565.48,596
Bài 10 - Xếp hạng seller theo tổng doanh thu và số lượng đơn hàng,fad44952713764836814be105382aee5,5636.88,32,32,176.15,597
Bài 10 - Xếp hạng seller theo tổng doanh thu và số lượng đơn hàng,2a7dc43cecabf23403078e2188437d1d,5629.62,52,54,104.25,598
Bài 10 - Xếp hạng seller theo tổng doanh thu và số lượng đơn hàng,ad420dd0c4f92f8af951ac24b86d0cf5,5618.4,42,46,122.14,599
Bài 10 - Xếp hạng seller theo tổng doanh thu và số lượng đơn hàng,11bfa66332777660bd0640ee84d47006,5608.54,76,102,54.99,600
Bài 10 - Xếp hạng seller theo tổng doanh thu và số lượng đơn hàng,e0878efa0e0b7e5313ac0b43bc04c081,5594.91,27,29,192.93,601
Bài 10 - Xếp hạng seller theo tổng doanh thu và số lượng đơn hàng,a3f0b55de503387383c7b1de3ad7f678,5577.74,24,26,214.53,602
Bài 10 - Xếp hạng seller theo tổng doanh thu và số lượng đơn hàng,cc5a78bbad32776dc4e3af205218368c,5573.35,33,38,146.67,603
Bài 10 - Xếp hạng seller theo tổng doanh thu và số lượng đơn hàng,ef990a83bbea832f36ebe81376335aa8,5557.24,43,44,126.3,604
Bài 10 - Xếp hạng seller theo tổng doanh thu và số lượng đơn hàng,822166ed1e47908f7cfb49946d03c726,5535.95,69,108,51.26,605
Bài 10 - Xếp hạng seller theo tổng doanh thu và số lượng đơn hàng,4bf2f4ee540798a61f9636d12cd9cc80,5501.01,29,30,183.37,606
Bài 10 - Xếp hạng seller theo tổng doanh thu và số lượng đơn hàng,d379f449f2a3b271bc01c0782020f705,5499.8,28,29,189.65,607
Bài 10 - Xếp hạng seller theo tổng doanh thu và số lượng đơn hàng,d673a59aac7a70d8b01e6902bf090a11,5499.56,79,84,65.47,608
Bài 10 - Xếp hạng seller theo tổng doanh thu và số lượng đơn hàng,834f8533b2ecb6598dd004ff3de7203a,5496.31,43,47,116.94,609
Bài 10 - Xếp hạng seller theo tổng doanh thu và số lượng đơn hàng,951e8cef368f09bb3f3d03c00ca4702c,5493.09,64,71,77.37,610
Bài 10 - Xếp hạng seller theo tổng doanh thu và số lượng đơn hàng,e9c6969d40e6a3d2d0f90013165c2b98,5481.98,10,10,548.2,611
Bài 10 - Xếp hạng seller theo tổng doanh thu và số lượng đơn hàng,4d0041cdbe51b4617d95c70b19decc74,5465.49,8,8,683.19,612
Bài 10 - Xếp hạng seller theo tổng doanh thu và số lượng đơn hàng,891071be6ba827b591264c90c2ae8a63,5454.35,92,98,55.66,613
Bài 10 - Xếp hạng seller theo tổng doanh thu và số lượng đơn hàng,0ef83d7d83ed97cd2a0049ac8be5f88a,5447.81,48,55,99.05,614
Bài 10 - Xếp hạng seller theo tổng doanh thu và số lượng đơn hàng,42b729f859728f5079499127a9c2ef37,5434.07,104,132,41.17,615
Bài 10 - Xếp hạng seller theo tổng doanh thu và số lượng đơn hàng,c68fb906c8f4b4b946d8386bfa6e5467,5433.61,45,48,113.2,616
Bài 10 - Xếp hạng seller theo tổng doanh thu và số lượng đơn hàng,8bd0f31cf0a614c658f6763bd02dea69,5423.32,33,35,154.95,617
Bài 10 - Xếp hạng seller theo tổng doanh thu và số lượng đơn hàng,db4350fd57ae30082dec7acbaacc17f9,5421.64,137,146,37.13,618
Bài 10 - Xếp hạng seller theo tổng doanh thu và số lượng đơn hàng,a3dd39f583bc80bd8c5901c95878921e,5412.16,34,37,146.27,619
Bài 10 - Xếp hạng seller theo tổng doanh thu và số lượng đơn hàng,4c498c7345e89aebad651544829beca0,5389.76,48,48,112.29,620
Bài 10 - Xếp hạng seller theo tổng doanh thu và số lượng đơn hàng,45213867cefbf2cd4c6177e10216a951,5389.16,14,14,384.94,621
Bài 10 - Xếp hạng seller theo tổng doanh thu và số lượng đơn hàng,503c1de08ae81a2d86f17951b204db55,5321.9,22,22,241.9,622
Bài 10 - Xếp hạng seller theo tổng doanh thu và số lượng đơn hàng,6860153b69cc696d5dcfe1cdaaafcf62,5318.23,74,84,63.31,623
Bài 10 - Xếp hạng seller theo tổng doanh thu và số lượng đơn hàng,715bbd5ba4e6b74cb0d2f29eb45058b0,5315.88,62,64,83.06,624
Bài 10 - Xếp hạng seller theo tổng doanh thu và số lượng đơn hàng,beadbee30901a7f61d031b6b686095ad,5311.52,64,68,78.11,625
Bài 10 - Xếp hạng seller theo tổng doanh thu và số lượng đơn hàng,65febd49fd28ec955651299159b1f527,5301.14,35,40,132.53,626
Bài 10 - Xếp hạng seller theo tổng doanh thu và số lượng đơn hàng,ce69a8021d18961dd2a40269b7c2c293,5289.05,19,19,278.37,627
Bài 10 - Xếp hạng seller theo tổng doanh thu và số lượng đơn hàng,c12b92bf1c350f3e6bf88d3596219c86,5252.84,17,17,308.99,628
Bài 10 - Xếp hạng seller theo tổng doanh thu và số lượng đơn hàng,c9a06ece156bb057372c68718ec8909b,5229.62,14,14,373.54,629
Bài 10 - Xếp hạng seller theo tổng doanh thu và số lượng đơn hàng,eed78ac17f7f795a19a709745f00cd4e,5195.84,22,56,92.78,630
Bài 10 - Xếp hạng seller theo tổng doanh thu và số lượng đơn hàng,d12c926d74ceff0a90a21184466ce161,5192.82,78,99,52.45,631
Bài 10 - Xếp hạng seller theo tổng doanh thu và số lượng đơn hàng,99002261c568a84cce14d43fcffb43ea,5188.33,36,36,144.12,632
Bài 10 - Xếp hạng seller theo tổng doanh thu và số lượng đơn hàng,0509040ea3fe50071181bbc359eb7738,5183.1,89,98,52.89,633
Bài 10 - Xếp hạng seller theo tổng doanh thu và số lượng đơn hàng,9df5750209b83567ec144eb299d7d634,5176.3,11,11,470.57,634
Bài 10 - Xếp hạng seller theo tổng doanh thu và số lượng đơn hàng,b17b679f4f5ce2e03ce6968c62648246,5160.82,55,57,90.54,635
Bài 10 - Xếp hạng seller theo tổng doanh thu và số lượng đơn hàng,232a6014e7b10cba61c6c2b2ea6bb4b0,5133.27,33,36,142.59,636
Bài 10 - Xếp hạng seller theo tổng doanh thu và số lượng đơn hàng,f0b47fbbc6dee9aafe415a6e33051b3f,5132.19,68,86,59.68,637
Bài 10 - Xếp hạng seller theo tổng doanh thu và số lượng đơn hàng,6fc26fe110feebd80a433e1f012a84f9,5128.06,35,72,71.22,638
Bài 10 - Xếp hạng seller theo tổng doanh thu và số lượng đơn hàng,1fe5540d7c1c37a595fefbacd5570d9e,5118.75,20,25,204.75,639
Bài 10 - Xếp hạng seller theo tổng doanh thu và số lượng đơn hàng,822b63912576852aea9a8436d72317b7,5097.07,8,9,566.34,640
Bài 10 - Xếp hạng seller theo tổng doanh thu và số lượng đơn hàng,8931a84a914b3fe9b1ddaa4d704947ca,5092.89,29,32,159.15,641
Bài 10 - Xếp hạng seller theo tổng doanh thu và số lượng đơn hàng,b90e891671cffd9557f33a97dc523645,5081.31,34,39,130.29,642
Bài 10 - Xếp hạng seller theo tổng doanh thu và số lượng đơn hàng,5c030029b5916fed0986310385ec9009,5079.9,7,10,507.99,643
Bài 10 - Xếp hạng seller theo tổng doanh thu và số lượng đơn hàng,8a130737016f838139d31878787a39c9,5064.32,56,62,81.68,644
Bài 10 - Xếp hạng seller theo tổng doanh thu và số lượng đơn hàng,6ec1a01e866584bb679eb9b098345919,5063.76,31,32,158.24,645
Bài 10 - Xếp hạng seller theo tổng doanh thu và số lượng đơn hàng,bccf933e006e9b94a6184af782963e77,5047.21,45,46,109.72,646
Bài 10 - Xếp hạng seller theo tổng doanh thu và số lượng đơn hàng,31da954dc0855f2495c6310f70a2f931,5032.71,29,30,167.76,647
Bài 10 - Xếp hạng seller theo tổng doanh thu và số lượng đơn hàng,99a54764c341d5dc80b4a8fac4eba3fb,5026.26,45,67,75.02,648
Bài 10 - Xếp hạng seller theo tổng doanh thu và số lượng đơn hàng,15aac934c58d886785ac1b17953ea898,5019.6,25,26,193.06,649
Bài 10 - Xếp hạng seller theo tổng doanh thu và số lượng đơn hàng,37dd29b36c458d82f74a953c40c43645,5016.43,7,8,627.05,650
Bài 10 - Xếp hạng seller theo tổng doanh thu và số lượng đơn hàng,827f8f69dfa529c561901c4f2e0f332f,5003.96,91,104,48.12,651
Bài 10 - Xếp hạng seller theo tổng doanh thu và số lượng đơn hàng,0307f7565ff85b299b6e5ef162b1b1a9,5003.57,7,7,714.8,652
Bài 10 - Xếp hạng seller theo tổng doanh thu và số lượng đơn hàng,8f580d36c1e9d6fbce95283403c7d447,4993.4,8,8,624.18,653
Bài 10 - Xếp hạng seller theo tổng doanh thu và số lượng đơn hàng,e81e1f9c3e762e620f3fb60a51499e16,4979.49,17,18,276.64,654
Bài 10 - Xếp hạng seller theo tổng doanh thu và số lượng đơn hàng,382229d1e840115ffe3dbf5ff460e417,4966.62,46,49,101.36,655
Bài 10 - Xếp hạng seller theo tổng doanh thu và số lượng đơn hàng,6b3bd31ad8fcda4b2635ec9f3ff2ecdf,4955.92,36,43,115.25,656
Bài 10 - Xếp hạng seller theo tổng doanh thu và số lượng đơn hàng,fde0cc9ea29c8ccfc0a2c22256a58c71,4921.27,35,35,140.61,657
Bài 10 - Xếp hạng seller theo tổng doanh thu và số lượng đơn hàng,3c03b12bab54d8b37d79d914bfdb1aa0,4919.77,37,43,114.41,658
Bài 10 - Xếp hạng seller theo tổng doanh thu và số lượng đơn hàng,1b938a7ec6ac5061a66a3766e0e75f90,4897.83,30,33,148.42,659
Bài 10 - Xếp hạng seller theo tổng doanh thu và số lượng đơn hàng,cb41bfbcbda0aea354a834ab222f9a59,4888.68,12,12,407.39,660
Bài 10 - Xếp hạng seller theo tổng doanh thu và số lượng đơn hàng,c840d3fdbba0790404fdae73d253b253,4881.93,9,14,348.71,661
Bài 10 - Xếp hạng seller theo tổng doanh thu và số lượng đơn hàng,b76dba6c951ab00dc4edf0a1aa88037e,4881.88,159,169,28.89,662
Bài 10 - Xếp hạng seller theo tổng doanh thu và số lượng đơn hàng,ec8879960bd2221d5c32f8e12f7da711,4881.38,36,36,135.59,663
Bài 10 - Xếp hạng seller theo tổng doanh thu và số lượng đơn hàng,968268a686aa05d1f529fb07dff08130,4880.84,12,12,406.74,664
Bài 10 - Xếp hạng seller theo tổng doanh thu và số lượng đơn hàng,2addf05f476d0637864454e93ba673d5,4877.64,12,12,406.47,665
Bài 10 - Xếp hạng seller theo tổng doanh thu và số lượng đơn hàng,f6122bc84774df1b372bdb3bb88ddb9f,4874.36,3,3,1624.79,666
Bài 10 - Xếp hạng seller theo tổng doanh thu và số lượng đơn hàng,c004e5ea15737026cecaee0447e00b75,4874.32,2,2,2437.16,667
Bài 10 - Xếp hạng seller theo tổng doanh thu và số lượng đơn hàng,55a5b51f93f2b70ea513f5a047b0262a,4849.38,39,41,118.28,668
Bài 10 - Xếp hạng seller theo tổng doanh thu và số lượng đơn hàng,e49c26c3edfa46d227d5121a6b6e4d37,4829.71,35,36,134.16,669
Bài 10 - Xếp hạng seller theo tổng doanh thu và số lượng đơn hàng,f3da5b2ff499efb8d4a6d371d175d7dd,4826.86,79,84,57.46,670
Bài 10 - Xếp hạng seller theo tổng doanh thu và số lượng đơn hàng,95f83f51203c626648c875dd41874c7f,4826.51,52,67,72.04,671
Bài 10 - Xếp hạng seller theo tổng doanh thu và số lượng đơn hàng,8f119a0aee85c0c8fc534629734e94fd,4826.45,77,83,58.15,672
Bài 10 - Xếp hạng seller theo tổng doanh thu và số lượng đơn hàng,6288c69c4ce638e59925e59193f98b16,4812.48,22,22,218.75,673
Bài 10 - Xếp hạng seller theo tổng doanh thu và số lượng đơn hàng,43f8c9950d11ecd03a0304a49e010da6,4807.22,41,41,117.25,674
Bài 10 - Xếp hạng seller theo tổng doanh thu và số lượng đơn hàng,9803a40e82e45418ab7fb84091af5231,4791.38,11,18,266.19,675
Bài 10 - Xếp hạng seller theo tổng doanh thu và số lượng đơn hàng,2e3be8a987a30d7544dbbda6861cc14e,4777.55,18,19,251.45,676
Bài 10 - Xếp hạng seller theo tổng doanh thu và số lượng đơn hàng,520b493b57809f446cb0a233bb3e25c7,4762.87,63,73,65.24,677
Bài 10 - Xếp hạng seller theo tổng doanh thu và số lượng đơn hàng,cd6efc47efaabf134f8bdb654e10b4f1,4757.16,31,32,148.66,678
Bài 10 - Xếp hạng seller theo tổng doanh thu và số lượng đơn hàng,13d058e4eeac2ce8217660b2f8a05812,4755.88,23,23,206.78,679
Bài 10 - Xếp hạng seller theo tổng doanh thu và số lượng đơn hàng,f76a3b1349b6df1ee875d1f3fa4340f0,4748.98,24,24,197.87,680
Bài 10 - Xếp hạng seller theo tổng doanh thu và số lượng đơn hàng,3f3486b61f45078d4f31ee5e43d8c5bb,4726.57,40,40,118.16,681
Bài 10 - Xếp hạng seller theo tổng doanh thu và số lượng đơn hàng,180c3376aff0e43dd5788709df48a843,4722.97,5,10,472.3,682
Bài 10 - Xếp hạng seller theo tổng doanh thu và số lượng đơn hàng,81f89e42267213cb94da7ddc301651da,4721.18,46,52,90.79,683
Bài 10 - Xếp hạng seller theo tổng doanh thu và số lượng đơn hàng,13fa2a6c6b9d0f43cb588d7c82117a12,4719.44,9,10,471.94,684
Bài 10 - Xếp hạng seller theo tổng doanh thu và số lượng đơn hàng,602044f2c16190c2c6e45eb35c2e21cb,4677.44,50,57,82.06,685
Bài 10 - Xếp hạng seller theo tổng doanh thu và số lượng đơn hàng,1eade46fba20122dc4aefb379f8c636b,4673.71,58,75,62.32,686
Bài 10 - Xếp hạng seller theo tổng doanh thu và số lượng đơn hàng,f97e2b0650c2068227e1d366140eb62f,4665.98,16,21,222.19,687
Bài 10 - Xếp hạng seller theo tổng doanh thu và số lượng đơn hàng,c500367424994318b9e779ff1ae9a330,4658.39,9,9,517.6,688
Bài 10 - Xếp hạng seller theo tổng doanh thu và số lượng đơn hàng,8cbac7e12637ed9cffa18c7875207478,4654.35,67,82,56.76,689
Bài 10 - Xếp hạng seller theo tổng doanh thu và số lượng đơn hàng,bf3c6d2a28b2b5501e6c15448982dcc9,4648.15,35,43,108.1,690
Bài 10 - Xếp hạng seller theo tổng doanh thu và số lượng đơn hàng,2199e7fe213c16213bf5d6a7eadc9a5d,4647.78,25,31,149.93,691
Bài 10 - Xếp hạng seller theo tổng doanh thu và số lượng đơn hàng,6a0cbc8af2e8abd1bdfb777943d174c6,4639.42,35,35,132.55,692
Bài 10 - Xếp hạng seller theo tổng doanh thu và số lượng đơn hàng,4d600e08ecbe08258c79e536c5a42fee,4633.46,8,8,579.18,693
Bài 10 - Xếp hạng seller theo tổng doanh thu và số lượng đơn hàng,3f995f07c49d0d55a99d5c54957f7d81,4627.2,43,43,107.61,694
Bài 10 - Xếp hạng seller theo tổng doanh thu và số lượng đơn hàng,406822777a0b9eb5c50e442dd4cd3ec5,4596.34,45,47,97.79,695
Bài 10 - Xếp hạng seller theo tổng doanh thu và số lượng đơn hàng,d5ba419e26d246a0719437cf37d9b46d,4581.51,34,35,130.9,696
Bài 10 - Xếp hạng seller theo tổng doanh thu và số lượng đơn hàng,681fce914360217db47784ae28905a96,4571.8,23,24,190.49,697
Bài 10 - Xếp hạng seller theo tổng doanh thu và số lượng đơn hàng,271c58a1d139c45eaf3316107c6d3a3b,4568.71,29,29,157.54,698
Bài 10 - Xếp hạng seller theo tổng doanh thu và số lượng đơn hàng,8ed8ea9a57c862f2c18c2fe41f601d56,4562.97,19,19,240.16,699
Bài 10 - Xếp hạng seller theo tổng doanh thu và số lượng đơn hàng,f4aba7c0bca51484c30ab7bdc34bcdd1,4557.5,110,117,38.95,700
Bài 10 - Xếp hạng seller theo tổng doanh thu và số lượng đơn hàng,6b333a05bf188ef3e1f1662a86bd9855,4554.88,12,13,350.38,701
Bài 10 - Xếp hạng seller theo tổng doanh thu và số lượng đơn hàng,e883aa812c37a7413226856f4579fe91,4554.46,26,29,157.05,702
Bài 10 - Xếp hạng seller theo tổng doanh thu và số lượng đơn hàng,238fac594e170b59c6d228f5a4f4f1d9,4545.52,29,30,151.52,703
Bài 10 - Xếp hạng seller theo tổng doanh thu và số lượng đơn hàng,3361277dc30b7cccdb0c286b24219756,4540.9,29,42,108.12,704
Bài 10 - Xếp hạng seller theo tổng doanh thu và số lượng đơn hàng,f021c962aaba8ef6eb527a9c2c8394d1,4533.87,5,5,906.77,705
Bài 10 - Xếp hạng seller theo tổng doanh thu và số lượng đơn hàng,1fdc574883ef3b33ad41562d93f3a74a,4524.27,18,18,251.35,706
Bài 10 - Xếp hạng seller theo tổng doanh thu và số lượng đơn hàng,4559697a8f7e637227c2eeaed843baff,4474.27,42,42,106.53,707
Bài 10 - Xếp hạng seller theo tổng doanh thu và số lượng đơn hàng,7f152321c60a266edc53af1925ef96c1,4471.92,20,20,223.6,708
Bài 10 - Xếp hạng seller theo tổng doanh thu và số lượng đơn hàng,56642bcb79900e777d68e91915cb4267,4471.79,48,56,79.85,709
Bài 10 - Xếp hạng seller theo tổng doanh thu và số lượng đơn hàng,f00e21b1e91a79653163b7fd8f293ff1,4471.06,31,31,144.23,710
Bài 10 - Xếp hạng seller theo tổng doanh thu và số lượng đơn hàng,282c7480173bb9c01dd41cc739fec010,4466.31,5,8,558.29,711
Bài 10 - Xếp hạng seller theo tổng doanh thu và số lượng đơn hàng,02f5837340d7eb4f653d676c7256523a,4463.88,30,30,148.8,712
Bài 10 - Xếp hạng seller theo tổng doanh thu và số lượng đơn hàng,66dc1b1632bd6a3e508510c5b3492107,4449.26,37,42,105.93,713
Bài 10 - Xếp hạng seller theo tổng doanh thu và số lượng đơn hàng,14d7985702e72162bbf13b6beb74ab2b,4441.0,37,38,116.87,714
Bài 10 - Xếp hạng seller theo tổng doanh thu và số lượng đơn hàng,870d0118f7a9d85960f29ad89d5d989a,4428.03,45,61,72.59,715
Bài 10 - Xếp hạng seller theo tổng doanh thu và số lượng đơn hàng,38e679b9e0064cd94c6f035707344dae,4418.1,28,30,147.27,716
Bài 10 - Xếp hạng seller theo tổng doanh thu và số lượng đơn hàng,6bb0724edf0b62fb91ac404873a97241,4416.52,17,18,245.36,717
Bài 10 - Xếp hạng seller theo tổng doanh thu và số lượng đơn hàng,1b8356dabde1d35e17cef975c3f82730,4413.61,56,61,72.35,718
Bài 10 - Xếp hạng seller theo tổng doanh thu và số lượng đơn hàng,070d165398b553f3b4b851c216b8a358,4396.75,32,39,112.74,719
Bài 10 - Xếp hạng seller theo tổng doanh thu và số lượng đơn hàng,3d8fa2f5b647373c8620330c4e077a9f,4390.55,43,48,91.47,720
Bài 10 - Xếp hạng seller theo tổng doanh thu và số lượng đơn hàng,79ed755314cfe6df0daef2c6cd3022cd,4366.66,23,25,174.67,721
Bài 10 - Xếp hạng seller theo tổng doanh thu và số lượng đơn hàng,edf96ef93ed595084bbcbd9224bd2894,4365.78,25,28,155.92,722
Bài 10 - Xếp hạng seller theo tổng doanh thu và số lượng đơn hàng,96804ea39d96eb908e7c3afdb671bb9e,4365.76,38,40,109.14,723
Bài 10 - Xếp hạng seller theo tổng doanh thu và số lượng đơn hàng,2745f798279e0ed033addcc1474776d7,4364.99,32,32,136.41,724
Bài 10 - Xếp hạng seller theo tổng doanh thu và số lượng đơn hàng,42fa4ee7240e9b8eb4576358ec142ba7,4364.47,22,22,198.39,725
Bài 10 - Xếp hạng seller theo tổng doanh thu và số lượng đơn hàng,3c4e0452bff7a2a788179488d3d77032,4352.52,32,36,120.9,726
Bài 10 - Xếp hạng seller theo tổng doanh thu và số lượng đơn hàng,9b1585752613ec342d03bbab9997ec48,4349.04,3,3,1449.68,727
Bài 10 - Xếp hạng seller theo tổng doanh thu và số lượng đơn hàng,ed4311e67debd72b8610a5347a743087,4342.81,25,26,167.03,728
Bài 10 - Xếp hạng seller theo tổng doanh thu và số lượng đơn hàng,6481e96574816ead57975da2c0f6d80d,4340.86,32,43,100.95,729
Bài 10 - Xếp hạng seller theo tổng doanh thu và số lượng đơn hàng,8b2492b7ff4468839593fafeed55bad9,4336.26,29,45,96.36,730
Bài 10 - Xếp hạng seller theo tổng doanh thu và số lượng đơn hàng,276677b5d08786d5dce7c2149dcce48b,4320.64,33,47,91.93,731
Bài 10 - Xếp hạng seller theo tổng doanh thu và số lượng đơn hàng,4c18691b6037662be2df78a765d98ab5,4316.51,63,67,64.43,732
Bài 10 - Xếp hạng seller theo tổng doanh thu và số lượng đơn hàng,2e13c71026e1a39ba5cc1b86dcb679aa,4310.21,24,28,153.94,733
Bài 10 - Xếp hạng seller theo tổng doanh thu và số lượng đơn hàng,e8f6dc8e6a1dcde89d20e3995c8d90b3,4308.02,36,48,89.75,734
Bài 10 - Xếp hạng seller theo tổng doanh thu và số lượng đơn hàng,23a0ffca143a15b9b5bbdb7d552f626a,4304.28,23,24,179.35,735
Bài 10 - Xếp hạng seller theo tổng doanh thu và số lượng đơn hàng,8c3b533c63cca56240f94f1e3a6b18ef,4301.77,5,8,537.72,736
Bài 10 - Xếp hạng seller theo tổng doanh thu và số lượng đơn hàng,8090490573c6c0aa343a7231ebcb8c86,4298.03,26,26,165.31,737
Bài 10 - Xếp hạng seller theo tổng doanh thu và số lượng đơn hàng,a44fb5a447105f8469bdf16bf9159f25,4292.71,19,19,225.93,738
Bài 10 - Xếp hạng seller theo tổng doanh thu và số lượng đơn hàng,c731d18cea9bf687ffee82a241c25b11,4272.65,24,26,164.33,739
Bài 10 - Xếp hạng seller theo tổng doanh thu và số lượng đơn hàng,df560393f3a51e74553ab94004ba5c87,4267.33,28,29,147.15,740
Bài 10 - Xếp hạng seller theo tổng doanh thu và số lượng đơn hàng,a0415d9b25ede3c4b1e477e9916ffc03,4247.98,10,10,424.8,741
Bài 10 - Xếp hạng seller theo tổng doanh thu và số lượng đơn hàng,9646c3513289980f17226a2fc4720dbd,4247.32,71,78,54.45,742
Bài 10 - Xếp hạng seller theo tổng doanh thu và số lượng đơn hàng,5f5b43b2bffa8656e4bc6efeb13cc649,4232.65,27,29,145.95,743
Bài 10 - Xếp hạng seller theo tổng doanh thu và số lượng đơn hàng,2d2c62bef4c8ba0dd74e0e228e808539,4230.48,16,16,264.41,744
Bài 10 - Xếp hạng seller theo tổng doanh thu và số lượng đơn hàng,994f04b3718c2bab35c2adfa8afecd2a,4221.21,49,57,74.06,745
Bài 10 - Xếp hạng seller theo tổng doanh thu và số lượng đơn hàng,e7d5b006eb624f13074497221eb37807,4220.42,28,63,66.99,746
Bài 10 - Xếp hạng seller theo tổng doanh thu và số lượng đơn hàng,f35b3c613c4f7b2275f4185d0a3c59ec,4214.29,9,9,468.25,747
Bài 10 - Xếp hạng seller theo tổng doanh thu và số lượng đơn hàng,643214e62b870443ccbe55ab29a4dccf,4199.78,66,68,61.76,748
Bài 10 - Xếp hạng seller theo tổng doanh thu và số lượng đơn hàng,2a167ca73899c85001a837d8fb4962f6,4197.62,2,3,1399.21,749
Bài 10 - Xếp hạng seller theo tổng doanh thu và số lượng đơn hàng,08cdbae123ff67ca4e36d9d641ce0119,4195.46,4,6,699.24,750
Bài 10 - Xếp hạng seller theo tổng doanh thu và số lượng đơn hàng,bede56095ba33c42038fb85f707b8a42,4184.77,2,2,2092.39,751
Bài 10 - Xếp hạng seller theo tổng doanh thu và số lượng đơn hàng,21e83881401b92b49fb09a16d3852291,4182.53,14,15,278.84,752
Bài 10 - Xếp hạng seller theo tổng doanh thu và số lượng đơn hàng,5d3bb11474a06bdc23fb9e89f1164ee0,4178.82,31,32,130.59,753
Bài 10 - Xếp hạng seller theo tổng doanh thu và số lượng đơn hàng,3bdff180c7e1f6551a643b99c265a120,4161.86,59,61,68.23,754
Bài 10 - Xếp hạng seller theo tổng doanh thu và số lượng đơn hàng,71039d19d4303bf9054d69e9a9236699,4158.65,35,38,109.44,755
Bài 10 - Xếp hạng seller theo tổng doanh thu và số lượng đơn hàng,e70053bf73d1b5863932e53a9fa47496,4158.58,7,7,594.08,756
Bài 10 - Xếp hạng seller theo tổng doanh thu và số lượng đơn hàng,38874e327ce94d11390b96eb42d61928,4158.43,6,6,693.07,757
Bài 10 - Xếp hạng seller theo tổng doanh thu và số lượng đơn hàng,2d50d6282f8aa2257819a77bfaa0efe0,4151.52,44,45,92.26,758
Bài 10 - Xếp hạng seller theo tổng doanh thu và số lượng đơn hàng,33ac3e28642ab8bda860a2f693000e78,4151.12,34,35,118.6,759
Bài 10 - Xếp hạng seller theo tổng doanh thu và số lượng đơn hàng,594f9aaa48e5bf431f011ddc5669b0d5,4136.41,37,38,108.85,760
Bài 10 - Xếp hạng seller theo tổng doanh thu và số lượng đơn hàng,5d9dc90a686a8fddacffab6bab5653a3,4131.27,12,12,344.27,761
Bài 10 - Xếp hạng seller theo tổng doanh thu và số lượng đơn hàng,d57e18d5f73c7ccb7f7339b61166898d,4111.19,61,63,65.26,762
Bài 10 - Xếp hạng seller theo tổng doanh thu và số lượng đơn hàng,c0563dd588b775f2e37747ef6ad6c92c,4094.68,28,28,146.24,763
Bài 10 - Xếp hạng seller theo tổng doanh thu và số lượng đơn hàng,77e4abfd739aed9c46480f90f81c0eb4,4092.21,18,18,227.35,764
Bài 10 - Xếp hạng seller theo tổng doanh thu và số lượng đơn hàng,1838dd9b8977065acf51d95e0053ea7a,4075.88,64,67,60.83,765
Bài 10 - Xếp hạng seller theo tổng doanh thu và số lượng đơn hàng,b1fecf4da1fa2689bccffa0121953643,4066.72,19,20,203.34,766
Bài 10 - Xếp hạng seller theo tổng doanh thu và số lượng đơn hàng,6b90f847357d8981edd79a1eb1bf0acb,4059.73,45,47,86.38,767
Bài 10 - Xếp hạng seller theo tổng doanh thu và số lượng đơn hàng,cfd7ddab722b902f7ac5b5f3ba6d723d,4058.11,12,13,312.16,768
Bài 10 - Xếp hạng seller theo tổng doanh thu và số lượng đơn hàng,f0837c8d71434931d9e38e7b79234797,4049.36,22,23,176.06,769
Bài 10 - Xếp hạng seller theo tổng doanh thu và số lượng đơn hàng,a2b5b6105ea5942300631d2e76f4ffe0,4009.34,16,16,250.58,770
Bài 10 - Xếp hạng seller theo tổng doanh thu và số lượng đơn hàng,3c010235b7345c92f125d14ee232a76b,4005.32,15,15,267.02,771
Bài 10 - Xếp hạng seller theo tổng doanh thu và số lượng đơn hàng,7f2617c58d5d06806987308b45654351,3983.27,22,23,173.19,772
Bài 10 - Xếp hạng seller theo tổng doanh thu và số lượng đơn hàng,dd533b429f380718b70ad9922c294bae,3970.98,41,45,88.24,773
Bài 10 - Xếp hạng seller theo tổng doanh thu và số lượng đơn hàng,4da0e408c99d2fdc2126dc9fce518060,3964.73,44,54,73.42,774
Bài 10 - Xếp hạng seller theo tổng doanh thu và số lượng đơn hàng,b1ac6ea7895bc3dd6f0f6f4abbdd2821,3964.33,40,41,96.69,775
Bài 10 - Xếp hạng seller theo tổng doanh thu và số lượng đơn hàng,432c37c9dfba871172ec162e20118b8c,3938.54,46,57,69.1,776
Bài 10 - Xếp hạng seller theo tổng doanh thu và số lượng đơn hàng,eb4df17aed01d918c65f0f8d650900c0,3925.46,11,11,356.86,777
Bài 10 - Xếp hạng seller theo tổng doanh thu và số lượng đơn hàng,f7ccf836d21b2fb1de37564105216cc1,3910.44,70,74,52.84,778
Bài 10 - Xếp hạng seller theo tổng doanh thu và số lượng đơn hàng,f4db9b37944bcb8873e6b456ee190bbf,3909.94,21,22,177.72,779
Bài 10 - Xếp hạng seller theo tổng doanh thu và số lượng đơn hàng,a17f621c590ea0fab3d5d883e1630ec6,3901.54,65,80,48.77,780
Bài 10 - Xếp hạng seller theo tổng doanh thu và số lượng đơn hàng,ec80e49e69745ab6c14f984bf2149423,3897.31,12,12,324.78,781
Bài 10 - Xếp hạng seller theo tổng doanh thu và số lượng đơn hàng,c9aafcd0621b2207c10e32c649cada4d,3885.9,44,52,74.73,782
Bài 10 - Xếp hạng seller theo tổng doanh thu và số lượng đơn hàng,1d0997ff06b524ce9289ffd75114ecd3,3873.57,3,3,1291.19,783
Bài 10 - Xếp hạng seller theo tổng doanh thu và số lượng đơn hàng,0c7533c71df861ec58ad7ff999ed0e8d,3863.51,61,73,52.92,784
Bài 10 - Xếp hạng seller theo tổng doanh thu và số lượng đơn hàng,960945e1a9535cbc0cd6ddd35fbe7ae8,3861.53,28,29,133.16,785
Bài 10 - Xếp hạng seller theo tổng doanh thu và số lượng đơn hàng,8ff38bc3969e67c36c48343a07090f66,3859.56,2,8,482.45,786
Bài 10 - Xếp hạng seller theo tổng doanh thu và số lượng đơn hàng,aae3bfea055532c57fb453ed3ec80b30,3857.17,48,50,77.14,787
Bài 10 - Xếp hạng seller theo tổng doanh thu và số lượng đơn hàng,3364a91ec4d56c98e44174de954b94f6,3853.85,6,6,642.31,788
Bài 10 - Xếp hạng seller theo tổng doanh thu và số lượng đơn hàng,3b872fd4747f01cc56206f2934198618,3843.11,25,27,142.34,789
Bài 10 - Xếp hạng seller theo tổng doanh thu và số lượng đơn hàng,4677a5437afda5fa7140b927b07be1cc,3835.7,11,11,348.7,790
Bài 10 - Xếp hạng seller theo tổng doanh thu và số lượng đơn hàng,e48b04bf1aa1ef711caebeb7aede6180,3832.73,25,25,153.31,791
Bài 10 - Xếp hạng seller theo tổng doanh thu và số lượng đơn hàng,218f991754f360af9c2daa5e0b8e990c,3819.54,14,17,224.68,792
Bài 10 - Xếp hạng seller theo tổng doanh thu và số lượng đơn hàng,f326006815956455b2859abd58fe7e39,3813.18,9,30,127.11,793
Bài 10 - Xếp hạng seller theo tổng doanh thu và số lượng đơn hàng,5f1dc28029d2c244352a68107ec2b542,3803.46,62,78,48.76,794
Bài 10 - Xếp hạng seller theo tổng doanh thu và số lượng đơn hàng,c8b3445d737de6befde0c88ede534a5e,3800.79,30,36,105.58,795
Bài 10 - Xếp hạng seller theo tổng doanh thu và số lượng đơn hàng,244c2f1bff6afe1f2eaf9bfe9b2aed38,3794.87,23,27,140.55,796
Bài 10 - Xếp hạng seller theo tổng doanh thu và số lượng đơn hàng,977f9f63dd360c2a32ece2f93ad6d306,3793.85,24,25,151.75,797
Bài 10 - Xếp hạng seller theo tổng doanh thu và số lượng đơn hàng,a938325a4b357fd23a6a4d5bb126408e,3791.81,24,25,151.67,798
Bài 10 - Xếp hạng seller theo tổng doanh thu và số lượng đơn hàng,f2336e113377dd21c744d9c4fc8293a9,3762.08,4,4,940.52,799
Bài 10 - Xếp hạng seller theo tổng doanh thu và số lượng đơn hàng,54c04bdb5ec46762f8f08c7e8f86ed4a,3757.78,18,19,197.78,800
Bài 10 - Xếp hạng seller theo tổng doanh thu và số lượng đơn hàng,5bc24d989e71e93c33e50a7782431b0e,3736.53,17,17,219.8,801
Bài 10 - Xếp hạng seller theo tổng doanh thu và số lượng đơn hàng,cb3dd9ce66268c7a3ca7241ac70ab58c,3725.71,50,52,71.65,802
Bài 10 - Xếp hạng seller theo tổng doanh thu và số lượng đơn hàng,52562a9f449c3dc3d53f5f5b9ed74903,3710.64,14,14,265.05,803
Bài 10 - Xếp hạng seller theo tổng doanh thu và số lượng đơn hàng,bce6a5ecf98e99fd2a8868b15c51f04b,3706.5,14,15,247.1,804
Bài 10 - Xếp hạng seller theo tổng doanh thu và số lượng đơn hàng,430315b7bb4b6e4b3c978f9dfa9b0558,3704.63,20,21,176.41,805
Bài 10 - Xếp hạng seller theo tổng doanh thu và số lượng đơn hàng,cce6ab8d1682639fe45ab70234f1665f,3690.14,63,66,55.91,806
Bài 10 - Xếp hạng seller theo tổng doanh thu và số lượng đơn hàng,cb5df0dcb9e280b1780e9d589889f2c7,3689.21,16,19,194.17,807
Bài 10 - Xếp hạng seller theo tổng doanh thu và số lượng đơn hàng,ed46f1eb4a638113deb2a1137b5f22e9,3686.68,4,4,921.67,808
Bài 10 - Xếp hạng seller theo tổng doanh thu và số lượng đơn hàng,5c6d4016c2a288f074fa0848a2b653d2,3673.17,32,35,104.95,809
Bài 10 - Xếp hạng seller theo tổng doanh thu và số lượng đơn hàng,0ebd97a106433a45a4aebe57c1799778,3661.68,31,32,114.43,810
Bài 10 - Xếp hạng seller theo tổng doanh thu và số lượng đơn hàng,a6fe7de3d16f6149ffe280349a8535a0,3647.42,51,52,70.14,811
Bài 10 - Xếp hạng seller theo tổng doanh thu và số lượng đơn hàng,e89c4adbe7b1d0819dbb636e16461cf1,3636.15,24,25,145.45,812
Bài 10 - Xếp hạng seller theo tổng doanh thu và số lượng đơn hàng,318f287a62ab7ac10b703ac37435a231,3634.6,52,62,58.62,813
Bài 10 - Xếp hạng seller theo tổng doanh thu và số lượng đơn hàng,2a1348e9addc1af5aaa619b1a3679d6b,3631.4,52,55,66.03,814
Bài 10 - Xếp hạng seller theo tổng doanh thu và số lượng đơn hàng,b8555308bfdb4ca1ed54325a58da9a97,3630.03,26,28,129.64,815
Bài 10 - Xếp hạng seller theo tổng doanh thu và số lượng đơn hàng,c64a2aec32cc408a8a4c6d7c46017f91,3628.17,9,9,403.13,816
Bài 10 - Xếp hạng seller theo tổng doanh thu và số lượng đơn hàng,6750d71153f00fc58829af2a8ef1bcf1,3626.5,6,6,604.42,817
Bài 10 - Xếp hạng seller theo tổng doanh thu và số lượng đơn hàng,d93919c944be9cff128f6c9cb899eacb,3624.01,33,33,109.82,818
Bài 10 - Xếp hạng seller theo tổng doanh thu và số lượng đơn hàng,244b04680fdbded0acf5aebd9c92b44a,3616.51,3,3,1205.5,819
Bài 10 - Xếp hạng seller theo tổng doanh thu và số lượng đơn hàng,c394e193cda3b4225ff2094d32184849,3611.44,3,12,300.95,820
Bài 10 - Xếp hạng seller theo tổng doanh thu và số lượng đơn hàng,afa6714acee029b2dfdf357e5579cc03,3603.58,16,17,211.98,821
Bài 10 - Xếp hạng seller theo tổng doanh thu và số lượng đơn hàng,585175ec331ea177fa47199e39a6170a,3602.47,1,1,3602.47,822
Bài 10 - Xếp hạng seller theo tổng doanh thu và số lượng đơn hàng,ae7ab174effdead6c241e547e4ca13f0,3574.06,6,7,510.58,823
Bài 10 - Xếp hạng seller theo tổng doanh thu và số lượng đơn hàng,974cf2cb8f4b7add98709c30df02fe10,3559.68,33,33,107.87,824
Bài 10 - Xếp hạng seller theo tổng doanh thu và số lượng đơn hàng,20d83f3ef0e6925fd74bfd59170babf7,3557.21,40,54,65.87,825
Bài 10 - Xếp hạng seller theo tổng doanh thu và số lượng đơn hàng,d17f467e4bf608a510c20d82f4ba3b6b,3556.55,12,12,296.38,826
Bài 10 - Xếp hạng seller theo tổng doanh thu và số lượng đơn hàng,5b51032eddd242adc84c38acab88f23d,3548.95,12,14,253.5,827
Bài 10 - Xếp hạng seller theo tổng doanh thu và số lượng đơn hàng,aeb36d67f1414f234d42a29e27cf1f17,3548.1,4,4,887.02,828
Bài 10 - Xếp hạng seller theo tổng doanh thu và số lượng đơn hàng,f593898ec748b7a8cb81fc04edafd98a,3541.12,20,23,153.96,829
Bài 10 - Xếp hạng seller theo tổng doanh thu và số lượng đơn hàng,8d79c8a04e42d722a75097ce5cbcf2ef,3535.16,27,28,126.26,830
Bài 10 - Xếp hạng seller theo tổng doanh thu và số lượng đơn hàng,bb7a14e229b1c95156719c3d9552eeee,3519.45,11,11,319.95,831
Bài 10 - Xếp hạng seller theo tổng doanh thu và số lượng đơn hàng,f61c63d13f7cd800549d5acdd390ae72,3501.69,26,26,134.68,832
Bài 10 - Xếp hạng seller theo tổng doanh thu và số lượng đơn hàng,b335c59ab742f751a85db9c411a86739,3480.72,33,35,99.45,833
Bài 10 - Xếp hạng seller theo tổng doanh thu và số lượng đơn hàng,1771297ac436903d1dd6b0e9279aa505,3466.43,28,36,96.29,834
Bài 10 - Xếp hạng seller theo tổng doanh thu và số lượng đơn hàng,fce62094ffe6a4009188ec44e681dfdd,3452.63,4,11,313.88,835
Bài 10 - Xếp hạng seller theo tổng doanh thu và số lượng đơn hàng,2156f2671501a81034d7d07f217609d0,3433.89,22,22,156.09,836
Bài 10 - Xếp hạng seller theo tổng doanh thu và số lượng đơn hàng,55f7a3319d80f7fdf078b8f03e6725fe,3420.45,22,22,155.48,837
Bài 10 - Xếp hạng seller theo tổng doanh thu và số lượng đơn hàng,f7720c4fa8e3aba4546301ab80ea1f1b,3418.97,60,78,43.83,838
Bài 10 - Xếp hạng seller theo tổng doanh thu và số lượng đơn hàng,1ce3ae5a399804d1a87e706f8a813c3e,3416.69,40,44,77.65,839
Bài 10 - Xếp hạng seller theo tổng doanh thu và số lượng đơn hàng,bd697db56ff8e7c9cd1abeb7f72029b2,3415.2,22,22,155.24,840
Bài 10 - Xếp hạng seller theo tổng doanh thu và số lượng đơn hàng,a1474fd46fd3430168f7ec202da39408,3413.52,12,14,243.82,841
Bài 10 - Xếp hạng seller theo tổng doanh thu và số lượng đơn hàng,5bc55dbe2f12b6af6d83ed46023e0dc8,3409.38,17,21,162.35,842
Bài 10 - Xếp hạng seller theo tổng doanh thu và số lượng đơn hàng,3fd1e727ba94cfe122d165e176ce7967,3394.42,37,38,89.33,843
Bài 10 - Xếp hạng seller theo tổng doanh thu và số lượng đơn hàng,5cbbd5a299cab112b7bf23862255e43e,3385.21,36,38,89.08,844
Bài 10 - Xếp hạng seller theo tổng doanh thu và số lượng đơn hàng,49e7217cfe4e427191c378ec626d8737,3378.31,13,14,241.31,845
Bài 10 - Xếp hạng seller theo tổng doanh thu và số lượng đơn hàng,d25aa0aaacb370e912f8cf6efeba38b3,3373.13,17,21,160.63,846
Bài 10 - Xếp hạng seller theo tổng doanh thu và số lượng đơn hàng,e99e927c81e3f51739c94fcdfca9f10f,3360.47,22,25,134.42,847
Bài 10 - Xếp hạng seller theo tổng doanh thu và số lượng đơn hàng,5b35136197710e16ac5e7b7c2bd4ea85,3350.29,7,9,372.25,848
Bài 10 - Xếp hạng seller theo tổng doanh thu và số lượng đơn hàng,cd06602b43d8800bd0afad514919d35c,3335.33,44,53,62.93,849
Bài 10 - Xếp hạng seller theo tổng doanh thu và số lượng đơn hàng,31561f325664a8a7aba4c8d0c3a9b3db,3329.36,36,38,87.61,850
Bài 10 - Xếp hạng seller theo tổng doanh thu và số lượng đơn hàng,fd386aa7bed2af3c7035c65506c9b4a3,3316.17,69,76,43.63,851
Bài 10 - Xếp hạng seller theo tổng doanh thu và số lượng đơn hàng,4305fe92735c8a43d154ff6dd2b8d927,3314.25,19,21,157.82,852
Bài 10 - Xếp hạng seller theo tổng doanh thu và số lượng đơn hàng,33576ec5412fb5905d876f12f33bfde6,3287.98,31,32,102.75,853
Bài 10 - Xếp hạng seller theo tổng doanh thu và số lượng đơn hàng,51702dc2a3e106c76dbff722b5bf0726,3287.04,13,14,234.79,854
Bài 10 - Xếp hạng seller theo tổng doanh thu và số lượng đơn hàng,efcd8d2104f1a05d028af7bad20d974b,3280.19,47,51,64.32,855
Bài 10 - Xếp hạng seller theo tổng doanh thu và số lượng đơn hàng,730937bf88cb151eb2eb849f642fc213,3277.17,22,26,126.05,856
Bài 10 - Xếp hạng seller theo tổng doanh thu và số lượng đơn hàng,850913d59ce317156b00f3705f1c3edb,3270.96,32,34,96.2,857
Bài 10 - Xếp hạng seller theo tổng doanh thu và số lượng đơn hàng,b494891378bd8f4560abe576c52deacd,3270.82,20,22,148.67,858
Bài 10 - Xếp hạng seller theo tổng doanh thu và số lượng đơn hàng,ede0c03645598cdfc63ca8237acbe73d,3269.87,46,50,65.4,859
Bài 10 - Xếp hạng seller theo tổng doanh thu và số lượng đơn hàng,df56d7b40d437f88407c5f78b63bc328,3251.5,22,25,130.06,860
Bài 10 - Xếp hạng seller theo tổng doanh thu và số lượng đơn hàng,60562ab00b8054280520d390c8c0045c,3247.09,17,17,191.01,861
Bài 10 - Xếp hạng seller theo tổng doanh thu và số lượng đơn hàng,d9e8c084b68fe958861d8f2c21202e6b,3231.86,9,12,269.32,862
Bài 10 - Xếp hạng seller theo tổng doanh thu và số lượng đơn hàng,d93844a9c55ba7ce353388bcf849ea56,3229.52,12,14,230.68,863
Bài 10 - Xếp hạng seller theo tổng doanh thu và số lượng đơn hàng,3cfa1358a6caa965278721344c8d76f2,3221.53,5,5,644.31,864
Bài 10 - Xếp hạng seller theo tổng doanh thu và số lượng đơn hàng,4992e76a42cb3aad7a7047e0d3d7e729,3218.57,57,74,43.49,865
Bài 10 - Xếp hạng seller theo tổng doanh thu và số lượng đơn hàng,4c8545742faaf58fafd5fd14d25d75cf,3216.31,4,4,804.08,866
Bài 10 - Xếp hạng seller theo tổng doanh thu và số lượng đơn hàng,a369d693961cb93b61ca2cc518872a85,3213.79,11,18,178.54,867
Bài 10 - Xếp hạng seller theo tổng doanh thu và số lượng đơn hàng,6338ea67c41078a46ad99cc009654956,3210.39,37,44,72.96,868
Bài 10 - Xếp hạng seller theo tổng doanh thu và số lượng đơn hàng,8ab42aa58097fd4668d60cc648225d5f,3210.39,20,26,123.48,869
Bài 10 - Xếp hạng seller theo tổng doanh thu và số lượng đơn hàng,ffa6adafb71b807dc13159e26431354c,3206.98,18,18,178.17,870
Bài 10 - Xếp hạng seller theo tổng doanh thu và số lượng đơn hàng,fec6275253471ace26d209bbaa64cd0f,3195.67,9,10,319.57,871
Bài 10 - Xếp hạng seller theo tổng doanh thu và số lượng đơn hàng,f44b6f775a2b390380e0e30b5c9d3eee,3188.24,10,10,318.82,872
Bài 10 - Xếp hạng seller theo tổng doanh thu và số lượng đơn hàng,1996942dc085d7773ba77a529b163cd0,3183.43,10,10,318.34,873
Bài 10 - Xếp hạng seller theo tổng doanh thu và số lượng đơn hàng,be9a160a9011f627c3e121d076c1ec7b,3182.52,7,7,454.65,874
Bài 10 - Xếp hạng seller theo tổng doanh thu và số lượng đơn hàng,4342d4b2ba6b161468c63a7e7cfce593,3163.31,20,20,158.17,875
Bài 10 - Xếp hạng seller theo tổng doanh thu và số lượng đơn hàng,0885aaf116795758dfeb5f1032487bcd,3162.32,28,30,105.41,876
Bài 10 - Xếp hạng seller theo tổng doanh thu và số lượng đơn hàng,612a743d294c27884fb7b80d2b19ba35,3162.15,2,3,1054.05,877
Bài 10 - Xếp hạng seller theo tổng doanh thu và số lượng đơn hàng,56e361f411e38dcef17cdc2a3d99628b,3155.76,5,10,315.58,878
Bài 10 - Xếp hạng seller theo tổng doanh thu và số lượng đơn hàng,1987cd4be10fe09ee50454f9c354d1c6,3135.23,14,16,195.95,879
Bài 10 - Xếp hạng seller theo tổng doanh thu và số lượng đơn hàng,8f54d64f28a993550aa7943f12572959,3133.12,15,16,195.82,880
Bài 10 - Xếp hạng seller theo tổng doanh thu và số lượng đơn hàng,157c3e4b42f81ac4a44e8b1ca2fe9876,3131.82,23,31,101.03,881
Bài 10 - Xếp hạng seller theo tổng doanh thu và số lượng đơn hàng,9906e7aa42a3c067b7c9a564d01c4320,3115.6,12,16,194.73,882
Bài 10 - Xếp hạng seller theo tổng doanh thu và số lượng đơn hàng,13074f016982ff2bd6c58ced8682f000,3111.7,14,15,207.45,883
Bài 10 - Xếp hạng seller theo tổng doanh thu và số lượng đơn hàng,9c068d10aca38e85c50202e17b4a7e88,3108.83,17,17,182.87,884
Bài 10 - Xếp hạng seller theo tổng doanh thu và số lượng đơn hàng,62c50c1af4dfdc4149d25c5222043d39,3096.03,14,19,162.95,885
Bài 10 - Xếp hạng seller theo tổng doanh thu và số lượng đơn hàng,82bd0703a4aefd6b599e5bfdaed378fb,3084.84,21,24,128.54,886
Bài 10 - Xếp hạng seller theo tổng doanh thu và số lượng đơn hàng,d32e3909cfb714fb2a6cb092c85b9c5f,3078.9,10,11,279.9,887
Bài 10 - Xếp hạng seller theo tổng doanh thu và số lượng đơn hàng,820cc752a266cdc6c1a1e61dd4583330,3078.77,15,15,205.25,888
Bài 10 - Xếp hạng seller theo tổng doanh thu và số lượng đơn hàng,b1204cfda1d4948679db3cfc0d3cb95c,3078.15,7,11,279.83,889
Bài 10 - Xếp hạng seller theo tổng doanh thu và số lượng đơn hàng,78744a20ee2f80ba64f6804c25def2b8,3068.85,6,6,511.47,890
Bài 10 - Xếp hạng seller theo tổng doanh thu và số lượng đơn hàng,d3dcf0604eabf0224fbd5948b5e02f69,3067.41,9,9,340.82,891
Bài 10 - Xếp hạng seller theo tổng doanh thu và số lượng đơn hàng,082e0bf4cb865a6533b1e8e498cc0255,3064.33,11,23,133.23,892
Bài 10 - Xếp hạng seller theo tổng doanh thu và số lượng đơn hàng,b74d1c09cb380e1d03a6f859c6f4224b,3053.2,31,39,78.29,893
Bài 10 - Xếp hạng seller theo tổng doanh thu và số lượng đơn hàng,ccf8813e5a7d6c84d865cd38bfc2b130,3051.29,26,26,117.36,894
Bài 10 - Xếp hạng seller theo tổng doanh thu và số lượng đơn hàng,f125f3a310c2e5f822d116147de1e474,3049.29,16,22,138.6,895
Bài 10 - Xếp hạng seller theo tổng doanh thu và số lượng đơn hàng,3504c0cb71d7fa48d967e0e4c94d59d9,3037.31,53,53,57.31,896
Bài 10 - Xếp hạng seller theo tổng doanh thu và số lượng đơn hàng,5a93f3ab0ef4c84ed5e1b5dbf23978bc,3035.39,39,44,68.99,897
Bài 10 - Xếp hạng seller theo tổng doanh thu và số lượng đơn hàng,0bb738e4d789e63e2267697c42d35a2d,3030.64,30,31,97.76,898
Bài 10 - Xếp hạng seller theo tổng doanh thu và số lượng đơn hàng,1d4587203296c8f4ad134dc286fa6db0,3027.54,42,43,70.41,899
Bài 10 - Xếp hạng seller theo tổng doanh thu và số lượng đơn hàng,dd58ee93286b0821565574c570e9e1dc,3023.31,2,2,1511.66,900
Bài 10 - Xếp hạng seller theo tổng doanh thu và số lượng đơn hàng,f214d28e8d8e3ef068748498ccc2f813,3021.52,54,59,51.21,901
Bài 10 - Xếp hạng seller theo tổng doanh thu và số lượng đơn hàng,606ce7768feac12c5e8bd58db8b08f0f,3018.86,5,5,603.77,902
Bài 10 - Xếp hạng seller theo tổng doanh thu và số lượng đơn hàng,e908c0f3646e8b60375734a350d95d71,3009.53,1,1,3009.53,903
Bài 10 - Xếp hạng seller theo tổng doanh thu và số lượng đơn hàng,b56906f7fd1696e043f1bcce164c487b,2995.42,40,42,71.32,904
Bài 10 - Xếp hạng seller theo tổng doanh thu và số lượng đơn hàng,6f229cc508fc6915ed5c499efd93baa4,2988.68,13,14,213.48,905
Bài 10 - Xếp hạng seller theo tổng doanh thu và số lượng đơn hàng,5abb8ea023c77787f2c15da891c8d384,2987.2,13,13,229.78,906
Bài 10 - Xếp hạng seller theo tổng doanh thu và số lượng đơn hàng,f805b96fa705ba7995a221f1749dc141,2986.87,7,7,426.7,907
Bài 10 - Xếp hạng seller theo tổng doanh thu và số lượng đơn hàng,fe26f3ecb51a15e6d8335cd92da42562,2971.55,7,7,424.51,908
Bài 10 - Xếp hạng seller theo tổng doanh thu và số lượng đơn hàng,052577151711aec5c744fe12e66db3e1,2970.42,4,4,742.61,909
Bài 10 - Xếp hạng seller theo tổng doanh thu và số lượng đơn hàng,d3f39f05462b79a4562d35893a28f159,2968.77,34,38,78.13,910
Bài 10 - Xếp hạng seller theo tổng doanh thu và số lượng đơn hàng,47efca563408aae19bb7206c2d969ea9,2965.32,12,12,247.11,911
Bài 10 - Xếp hạng seller theo tổng doanh thu và số lượng đơn hàng,f1b93673502375d491780bb49d615dbc,2959.28,8,10,295.93,912
Bài 10 - Xếp hạng seller theo tổng doanh thu và số lượng đơn hàng,cac876b37d3abcd6bd76caca30277996,2958.79,27,33,89.66,913
Bài 10 - Xếp hạng seller theo tổng doanh thu và số lượng đơn hàng,323ce52b5b81df2cd804b017b7f09aa7,2955.67,30,30,98.52,914
Bài 10 - Xếp hạng seller theo tổng doanh thu và số lượng đơn hàng,4b0fdb526525f9890eb145bf1534640e,2954.21,18,20,147.71,915
Bài 10 - Xếp hạng seller theo tổng doanh thu và số lượng đơn hàng,116ccb1a1604bc88e4d234a8c23f33de,2948.33,61,73,40.39,916
Bài 10 - Xếp hạng seller theo tổng doanh thu và số lượng đơn hàng,888faa8bfb0b159c37de6d898b961c31,2945.0,19,23,128.04,917
Bài 10 - Xếp hạng seller theo tổng doanh thu và số lượng đơn hàng,daeb5653dd96c1b11860f72209795012,2938.06,40,41,71.66,918
Bài 10 - Xếp hạng seller theo tổng doanh thu và số lượng đơn hàng,bc302730ea8cf49b5c74f579febb5bbf,2930.17,11,11,266.38,919
Bài 10 - Xếp hạng seller theo tổng doanh thu và số lượng đơn hàng,655220df33262c7e0c4949a147366f94,2926.53,13,15,195.1,920
Bài 10 - Xếp hạng seller theo tổng doanh thu và số lượng đơn hàng,04aba03279157f6d4e0fe8ccaf21963c,2922.33,16,16,182.65,921
Bài 10 - Xếp hạng seller theo tổng doanh thu và số lượng đơn hàng,2c4c47cb51acd5ea5db5e0ae0e26542a,2917.37,12,15,194.49,922
Bài 10 - Xếp hạng seller theo tổng doanh thu và số lượng đơn hàng,5160d23075764e18e07c1f4a87fad743,2915.42,34,39,74.75,923
Bài 10 - Xếp hạng seller theo tổng doanh thu và số lượng đơn hàng,0725b8c0f3f906e58f70cbe76b7c748c,2905.99,17,37,78.54,924
Bài 10 - Xếp hạng seller theo tổng doanh thu và số lượng đơn hàng,41ab63a91b8b264e8c8780368bf1dd5b,2874.22,12,13,221.09,925
Bài 10 - Xếp hạng seller theo tổng doanh thu và số lượng đơn hàng,491a5ada3aa1678414e990262c4bbdc1,2873.81,2,2,1436.91,926
Bài 10 - Xếp hạng seller theo tổng doanh thu và số lượng đơn hàng,f1c1ac3f3efc07e659c035008e615e66,2864.78,4,14,204.63,927
Bài 10 - Xếp hạng seller theo tổng doanh thu và số lượng đơn hàng,4e8dacf3d38f281ae26c3e0321d92d88,2861.11,10,15,190.74,928
Bài 10 - Xếp hạng seller theo tổng doanh thu và số lượng đơn hàng,3a734b715d333a2588a3d54a0c9b8746,2859.16,18,24,119.13,929
Bài 10 - Xếp hạng seller theo tổng doanh thu và số lượng đơn hàng,8a87611c08849ffeeccab52aa798b6c7,2855.12,13,14,203.94,930
Bài 10 - Xếp hạng seller theo tổng doanh thu và số lượng đơn hàng,fdaaf5bfda82b7b80535610c831b8d09,2848.32,10,15,189.89,931
Bài 10 - Xếp hạng seller theo tổng doanh thu và số lượng đơn hàng,bb5bd94c8f59cc050072d2930c869cac,2846.64,16,17,167.45,932
Bài 10 - Xếp hạng seller theo tổng doanh thu và số lượng đơn hàng,8603f0038fe0e52fedd3382d266723de,2845.12,10,10,284.51,933
Bài 10 - Xếp hạng seller theo tổng doanh thu và số lượng đơn hàng,1c40343cc5d18c2d8248ac2f3366de34,2839.42,21,22,129.06,934
Bài 10 - Xếp hạng seller theo tổng doanh thu và số lượng đơn hàng,7fc87cc3e89b3d1d5cabdca32f8485aa,2835.82,14,14,202.56,935
Bài 10 - Xếp hạng seller theo tổng doanh thu và số lượng đơn hàng,7238a95bb63ef7e498389fb863b834a1,2835.11,15,15,189.01,936
Bài 10 - Xếp hạng seller theo tổng doanh thu và số lượng đơn hàng,cea729054f157f5870bdd321a958d994,2831.62,24,26,108.91,937
Bài 10 - Xếp hạng seller theo tổng doanh thu và số lượng đơn hàng,ea6b12bf9ffe2bac34602ec631d97a47,2831.32,11,11,257.39,938
Bài 10 - Xếp hạng seller theo tổng doanh thu và số lượng đơn hàng,0ed6ce5d87fd9c69eaacaeb778d67235,2829.25,43,43,65.8,939
Bài 10 - Xếp hạng seller theo tổng doanh thu và số lượng đơn hàng,c013e57c075a06e5b5c48ee03c525719,2828.66,42,45,62.86,940
Bài 10 - Xếp hạng seller theo tổng doanh thu và số lượng đơn hàng,ffdd9f82b9a447f6f8d4b91554cc7dd3,2828.66,18,20,141.43,941
Bài 10 - Xếp hạng seller theo tổng doanh thu và số lượng đơn hàng,e9511df20ccd82658a30c37b7fb343af,2823.1,22,30,94.1,942
Bài 10 - Xếp hạng seller theo tổng doanh thu và số lượng đơn hàng,458d868c9642f55f18f04e951a3fdde6,2822.75,2,2,1411.38,943
Bài 10 - Xếp hạng seller theo tổng doanh thu và số lượng đơn hàng,1444c08e64d55fb3c25f0f09c07ffcf2,2818.74,1,1,2818.74,944
Bài 10 - Xếp hạng seller theo tổng doanh thu và số lượng đơn hàng,6989574bd97d9773f10d232b6c07da59,2799.5,7,7,399.93,945
Bài 10 - Xếp hạng seller theo tổng doanh thu và số lượng đơn hàng,1b7e5006cb25dd23ce8686691013b121,2785.96,11,11,253.27,946
Bài 10 - Xếp hạng seller theo tổng doanh thu và số lượng đơn hàng,14a08204d03bb6b6bde8029f801ae0eb,2779.1,28,38,73.13,947
Bài 10 - Xếp hạng seller theo tổng doanh thu và số lượng đơn hàng,729b2d09b2a0bdab221076327f13d050,2768.66,49,61,45.39,948
Bài 10 - Xếp hạng seller theo tổng doanh thu và số lượng đơn hàng,fe49ee029e61e789a1f3a5525f57ba8d,2752.44,17,17,161.91,949
Bài 10 - Xếp hạng seller theo tổng doanh thu và số lượng đơn hàng,f615fe7efbef0f4f08fd3086bc7a3e60,2748.96,23,24,114.54,950
Bài 10 - Xếp hạng seller theo tổng doanh thu và số lượng đơn hàng,0015a82c2db000af6aaaf3ae2ecb0532,2748.06,3,3,916.02,951
Bài 10 - Xếp hạng seller theo tổng doanh thu và số lượng đơn hàng,0ffa40d54288e4f3499b8780dd0f144f,2746.47,33,35,78.47,952
Bài 10 - Xếp hạng seller theo tổng doanh thu và số lượng đơn hàng,8f78f0903005064036736c7173a5c2ed,2745.95,13,21,130.76,953
Bài 10 - Xếp hạng seller theo tổng doanh thu và số lượng đơn hàng,e38db885400cd35c71dfd162f2c1dbcf,2737.55,30,32,85.55,954
Bài 10 - Xếp hạng seller theo tổng doanh thu và số lượng đơn hàng,6df688df543f90e9b38f4319e75a9d88,2733.56,40,56,48.81,955
Bài 10 - Xếp hạng seller theo tổng doanh thu và số lượng đơn hàng,9a84ba99f5367fdbd4598363496f1ea2,2720.93,16,16,170.06,956
Bài 10 - Xếp hạng seller theo tổng doanh thu và số lượng đơn hàng,5eeb9c756d9780b96283e5a2ac6da334,2718.74,9,9,302.08,957
Bài 10 - Xếp hạng seller theo tổng doanh thu và số lượng đơn hàng,df91910b6a03bb2e3358fa6a35e32f6f,2707.12,14,14,193.37,958
Bài 10 - Xếp hạng seller theo tổng doanh thu và số lượng đơn hàng,c2d70ce2c5d0a2eb75e78668236e6dc8,2699.92,13,15,179.99,959
Bài 10 - Xếp hạng seller theo tổng doanh thu và số lượng đơn hàng,de0c78824586e9a5f5f04fd84e25df39,2697.83,14,16,168.61,960
Bài 10 - Xếp hạng seller theo tổng doanh thu và số lượng đơn hàng,4978a02ea9c8be7a9b5480680f40334e,2696.84,18,19,141.94,961
Bài 10 - Xếp hạng seller theo tổng doanh thu và số lượng đơn hàng,78c99c6dff4eeae5be99bf635ed21e3f,2695.77,31,39,69.12,962
Bài 10 - Xếp hạng seller theo tổng doanh thu và số lượng đơn hàng,1354d51653f645349064725ed204e85e,2694.72,18,20,134.74,963
Bài 10 - Xếp hạng seller theo tổng doanh thu và số lượng đơn hàng,ed859002ad59dbf8cf3602696a6c3000,2690.64,7,13,206.97,964
Bài 10 - Xếp hạng seller theo tổng doanh thu và số lượng đơn hàng,fb89df7f89fd1b8f03fa2acca1ba7364,2687.43,22,25,107.5,965
Bài 10 - Xếp hạng seller theo tổng doanh thu và số lượng đơn hàng,dc8798cbf453b7e0f98745e396cc5616,2680.7,41,51,52.56,966
Bài 10 - Xếp hạng seller theo tổng doanh thu và số lượng đơn hàng,cfe94489ddd337d1e29e12f2a7205d10,2672.82,20,24,111.37,967
Bài 10 - Xếp hạng seller theo tổng doanh thu và số lượng đơn hàng,a08692680c77d30a0b4280da5df01c5a,2660.91,6,17,156.52,968
Bài 10 - Xếp hạng seller theo tổng doanh thu và số lượng đơn hàng,acadd4d36859671cb635527c6c977533,2646.94,12,12,220.58,969
Bài 10 - Xếp hạng seller theo tổng doanh thu và số lượng đơn hàng,6bbcb8924baf70b7fe2fe2097e8cd407,2646.83,10,11,240.62,970
Bài 10 - Xếp hạng seller theo tổng doanh thu và số lượng đơn hàng,d06d019f72a04e5497a0b64190af170c,2641.44,17,17,155.38,971
Bài 10 - Xếp hạng seller theo tổng doanh thu và số lượng đơn hàng,fa74b2f3287d296e9fbd2cc80f2d1cf1,2635.68,11,11,239.61,972
Bài 10 - Xếp hạng seller theo tổng doanh thu và số lượng đơn hàng,3d39fbf22a665714baf62fae36029e23,2634.83,8,8,329.35,973
Bài 10 - Xếp hạng seller theo tổng doanh thu và số lượng đơn hàng,76833248bbc0e65a0293ec62023e4396,2630.68,2,2,1315.34,974
Bài 10 - Xếp hạng seller theo tổng doanh thu và số lượng đơn hàng,7f7b8245c336066a1f9933c359f11d77,2630.23,38,43,61.17,975
Bài 10 - Xếp hạng seller theo tổng doanh thu và số lượng đơn hàng,7b8e8ec35bad4b0ef7e3963650b0a87b,2616.3,5,5,523.26,976
Bài 10 - Xếp hạng seller theo tổng doanh thu và số lượng đơn hàng,c6381d2d013342748761e906d45aff76,2614.26,15,28,93.37,977
Bài 10 - Xếp hạng seller theo tổng doanh thu và số lượng đơn hàng,77a515caa36327151d1cc6c32a9f00e1,2613.58,26,26,100.52,978
Bài 10 - Xếp hạng seller theo tổng doanh thu và số lượng đơn hàng,cd843d4cf8ef32827de0396605163ba3,2612.56,5,5,522.51,979
Bài 10 - Xếp hạng seller theo tổng doanh thu và số lượng đơn hàng,34f563c82a85b99ae9e6d60db5fc2e28,2578.5,8,8,322.31,980
Bài 10 - Xếp hạng seller theo tổng doanh thu và số lượng đơn hàng,412a4720f3e9431b4afa1476a1acddbe,2569.16,21,22,116.78,981
Bài 10 - Xếp hạng seller theo tổng doanh thu và số lượng đơn hàng,b83cedfb587e7911540e3f576d6917ce,2568.75,24,25,102.75,982
Bài 10 - Xếp hạng seller theo tổng doanh thu và số lượng đơn hàng,723cd880edaacdb998898b67c8f9da30,2549.63,11,12,212.47,983
Bài 10 - Xếp hạng seller theo tổng doanh thu và số lượng đơn hàng,3481aa57cd91f9f9d3fa1fa12d9a3bf7,2547.17,25,25,101.89,984
Bài 10 - Xếp hạng seller theo tổng doanh thu và số lượng đơn hàng,91f0eec23d4a61d7d7caeefa3f0ad1ca,2545.26,11,11,231.39,985
Bài 10 - Xếp hạng seller theo tổng doanh thu và số lượng đơn hàng,cf2384dd2f1dddea3f838efed0945e65,2534.94,16,16,158.43,986
Bài 10 - Xếp hạng seller theo tổng doanh thu và số lượng đơn hàng,9bcdfa7b615b3abb9461d9e3ad9886ae,2523.79,14,20,126.19,987
Bài 10 - Xếp hạng seller theo tổng doanh thu và số lượng đơn hàng,120476eb7a04c149d14772edaf5d9bf2,2519.63,4,6,419.94,988
Bài 10 - Xếp hạng seller theo tổng doanh thu và số lượng đơn hàng,e6a69c4a27dfdd98ffe5aa757ad744bc,2518.94,24,29,86.86,989
Bài 10 - Xếp hạng seller theo tổng doanh thu và số lượng đơn hàng,8bdd8e3fd58bafa48af76b2c5fd71974,2515.55,11,11,228.69,990
Bài 10 - Xếp hạng seller theo tổng doanh thu và số lượng đơn hàng,30c7f28fd3a5897b2c82d152bb760c17,2503.16,7,7,357.59,991
Bài 10 - Xếp hạng seller theo tổng doanh thu và số lượng đơn hàng,0417b067eeab773d2f7061a726dc477f,2501.75,13,13,192.44,992
Bài 10 - Xếp hạng seller theo tổng doanh thu và số lượng đơn hàng,17908cf9b444ee34047cadd5c0f4a516,2495.41,11,11,226.86,993
Bài 10 - Xếp hạng seller theo tổng doanh thu và số lượng đơn hàng,1b1ae47a313a825a7ccceb8e2e30fa9d,2490.4,11,11,226.4,994
Bài 10 - Xếp hạng seller theo tổng doanh thu và số lượng đơn hàng,165b1235e9e9942cb5fae67103576fb0,2489.8,11,16,155.61,995
Bài 10 - Xếp hạng seller theo tổng doanh thu và số lượng đơn hàng,4391ea5c5990502176a1dcda44a2373d,2484.3,3,5,496.86,996
Bài 10 - Xếp hạng seller theo tổng doanh thu và số lượng đơn hàng,2be17df1c49978426251562096c3cc09,2477.55,16,16,154.85,997
Bài 10 - Xếp hạng seller theo tổng doanh thu và số lượng đơn hàng,bf84056e679dbe9c69929847a40e338f,2477.32,36,40,61.93,998
Bài 10 - Xếp hạng seller theo tổng doanh thu và số lượng đơn hàng,f5f2ab9bdb6b30c14c61be68c5ed37da,2474.55,18,18,137.48,999
Bài 10 - Xếp hạng seller theo tổng doanh thu và số lượng đơn hàng,272f092de69afedd4d2969440b37f18f,2471.34,26,40,61.78,1000
Bài 10 - Xếp hạng seller theo tổng doanh thu và số lượng đơn hàng,2f09f7d37a97956d11cc1a7cadd5262b,2468.41,11,12,205.7,1001
Bài 10 - Xếp hạng seller theo tổng doanh thu và số lượng đơn hàng,53d00c40e32aeb924a84ce72b1af869d,2462.07,17,17,144.83,1002
Bài 10 - Xếp hạng seller theo tổng doanh thu và số lượng đơn hàng,4c8b8048e33af2bf94f2eb547746a916,2458.81,23,27,91.07,1003
Bài 10 - Xếp hạng seller theo tổng doanh thu và số lượng đơn hàng,8fe8786ee000001ab51d030dfd4a7bf1,2456.44,5,5,491.29,1004
Bài 10 - Xếp hạng seller theo tổng doanh thu và số lượng đơn hàng,3e8bd881d92466e63ba9e3e809cd3c50,2450.25,9,10,245.03,1005
Bài 10 - Xếp hạng seller theo tổng doanh thu và số lượng đơn hàng,e5475dcab1e07b63d7f6e902d8f5eda8,2443.22,19,19,128.59,1006
Bài 10 - Xếp hạng seller theo tổng doanh thu và số lượng đơn hàng,8ca1551acf9832a4cf467bbbac15851f,2442.94,11,12,203.58,1007
Bài 10 - Xếp hạng seller theo tổng doanh thu và số lượng đơn hàng,c8467937e403e76a8ee9f0ab13f6f5ef,2442.74,30,33,74.02,1008
Bài 10 - Xếp hạng seller theo tổng doanh thu và số lượng đơn hàng,6b536a23086fba0d58c08d68814397f6,2437.97,19,23,106.0,1009
Bài 10 - Xếp hạng seller theo tổng doanh thu và số lượng đơn hàng,373ee4a3a775a733770ca3f790b8b9ac,2431.81,13,22,110.54,1010
Bài 10 - Xếp hạng seller theo tổng doanh thu và số lượng đơn hàng,07bf9669d84d1f11be443a9dd938f698,2422.22,18,24,100.93,1011
Bài 10 - Xếp hạng seller theo tổng doanh thu và số lượng đơn hàng,93b9a99027bd8bd6af682aff18dd19bf,2420.11,20,21,115.24,1012
Bài 10 - Xếp hạng seller theo tổng doanh thu và số lượng đơn hàng,9dda5bbacd45e18d6485fee649205d09,2419.33,19,22,109.97,1013
Bài 10 - Xếp hạng seller theo tổng doanh thu và số lượng đơn hàng,6aa3928696eab49a19a466e665a649fd,2410.68,18,22,109.58,1014
Bài 10 - Xếp hạng seller theo tổng doanh thu và số lượng đơn hàng,72bc2cce903c872fe376a8faaa81d237,2404.97,17,18,133.61,1015
Bài 10 - Xếp hạng seller theo tổng doanh thu và số lượng đơn hàng,abbf6046bbdf1028606a5bc7f00c99e7,2393.14,7,7,341.88,1016
Bài 10 - Xếp hạng seller theo tổng doanh thu và số lượng đơn hàng,55bb6fe5bebe5012e2d7d9928e1128ff,2393.02,15,16,149.56,1017
Bài 10 - Xếp hạng seller theo tổng doanh thu và số lượng đơn hàng,54583ab379489add547fe47b628db589,2391.08,10,10,239.11,1018
Bài 10 - Xếp hạng seller theo tổng doanh thu và số lượng đơn hàng,5debea795b07621e1f90532e18f96145,2388.13,25,33,72.37,1019
Bài 10 - Xếp hạng seller theo tổng doanh thu và số lượng đơn hàng,6a38087bc8ad4f89ff453561005f6dea,2381.35,15,22,108.24,1020
Bài 10 - Xếp hạng seller theo tổng doanh thu và số lượng đơn hàng,3a1a1fec38dd360f15fc912e821e169d,2378.63,15,15,158.58,1021
Bài 10 - Xếp hạng seller theo tổng doanh thu và số lượng đơn hàng,5b581417df4480f632484ba681e53944,2376.3,12,13,182.79,1022
Bài 10 - Xếp hạng seller theo tổng doanh thu và số lượng đơn hàng,d97df38225e5abadaff1e72cb72b823c,2362.92,29,29,81.48,1023
Bài 10 - Xếp hạng seller theo tổng doanh thu và số lượng đơn hàng,f41ce2e25237f9092cd8e6e7516c7a2f,2362.6,27,28,84.38,1024
Bài 10 - Xếp hạng seller theo tổng doanh thu và số lượng đơn hàng,25cf099de44674fde97473224f9d59ab,2359.55,50,50,47.19,1025
Bài 10 - Xếp hạng seller theo tổng doanh thu và số lượng đơn hàng,e5f9e61ceb5f523cc966e0f34095032f,2353.44,4,4,588.36,1026
Bài 10 - Xếp hạng seller theo tổng doanh thu và số lượng đơn hàng,3586b8580d9c917874e053a1bb37b5ff,2352.35,36,43,54.71,1027
Bài 10 - Xếp hạng seller theo tổng doanh thu và số lượng đơn hàng,87d30a6a0cbf89356e49324971ab1d24,2349.91,17,17,138.23,1028
Bài 10 - Xếp hạng seller theo tổng doanh thu và số lượng đơn hàng,747e73c01a4593d4cf60dcf970fd2689,2341.76,3,3,780.59,1029
Bài 10 - Xếp hạng seller theo tổng doanh thu và số lượng đơn hàng,7ade73f1b9b4e965f9009a4c3a7e2c15,2338.17,27,28,83.51,1030
Bài 10 - Xếp hạng seller theo tổng doanh thu và số lượng đơn hàng,bf100ecb7997df312b285358fb32f92c,2337.01,20,21,111.29,1031
Bài 10 - Xếp hạng seller theo tổng doanh thu và số lượng đơn hàng,65b081a070633e057c462abdd6fb9dd8,2326.67,19,20,116.33,1032
Bài 10 - Xếp hạng seller theo tổng doanh thu và số lượng đơn hàng,4e5725ba188db8252977a4f0227bd462,2313.2,22,25,92.53,1033
Bài 10 - Xếp hạng seller theo tổng doanh thu và số lượng đơn hàng,3a4127e1ba7208ea37044c5092aae170,2310.95,6,6,385.16,1034
Bài 10 - Xếp hạng seller theo tổng doanh thu và số lượng đơn hàng,95ec4458365c4d11f452ccf538377619,2303.43,27,31,74.3,1035
Bài 10 - Xếp hạng seller theo tổng doanh thu và số lượng đơn hàng,ea65d8b58316a6f2362f2a9e4b3e86ad,2292.22,9,16,143.26,1036
Bài 10 - Xếp hạng seller theo tổng doanh thu và số lượng đơn hàng,7fdb0720c8d7c9075538b365dc8c3a22,2288.31,9,10,228.83,1037
Bài 10 - Xếp hạng seller theo tổng doanh thu và số lượng đơn hàng,1dc2de47ee26a0a5b12dc14fd6dc0dea,2287.5,25,27,84.72,1038
Bài 10 - Xếp hạng seller theo tổng doanh thu và số lượng đơn hàng,e2c92f9c1c7746d899d18f2e158bbff7,2286.61,14,14,163.33,1039
Bài 10 - Xếp hạng seller theo tổng doanh thu và số lượng đơn hàng,bc2ac6b95e1accce9858528ee566c17e,2279.56,18,22,103.62,1040
Bài 10 - Xếp hạng seller theo tổng doanh thu và số lượng đơn hàng,5075aaa8404020ae6aa8bf4792099b41,2270.52,13,23,98.72,1041
Bài 10 - Xếp hạng seller theo tổng doanh thu và số lượng đơn hàng,2a6fbeaa7ab9e5d59a35841a8da71ce4,2265.28,30,30,75.51,1042
Bài 10 - Xếp hạng seller theo tổng doanh thu và số lượng đơn hàng,ffeee66ac5d5a62fe688b9d26f83f534,2259.55,14,14,161.4,1043
Bài 10 - Xếp hạng seller theo tổng doanh thu và số lượng đơn hàng,c8417879a15366a17c30af34c798c332,2255.44,26,36,62.65,1044
Bài 10 - Xếp hạng seller theo tổng doanh thu và số lượng đơn hàng,e24d3429d294b2eb200b064ebb035879,2250.7,19,22,102.3,1045
Bài 10 - Xếp hạng seller theo tổng doanh thu và số lượng đơn hàng,7139dc5186aa238b006e066d8fbab2e4,2247.93,22,24,93.66,1046
Bài 10 - Xếp hạng seller theo tổng doanh thu và số lượng đơn hàng,f63d8f293af3a6454377546bd9dd19ff,2246.95,17,28,80.25,1047
Bài 10 - Xếp hạng seller theo tổng doanh thu và số lượng đơn hàng,5b33b527da3c5b969cc99dc435cad09a,2238.34,16,17,131.67,1048
Bài 10 - Xếp hạng seller theo tổng doanh thu và số lượng đơn hàng,3ca08eeb8d5595949fed424bd3677742,2235.1,14,14,159.65,1049
Bài 10 - Xếp hạng seller theo tổng doanh thu và số lượng đơn hàng,d6ab728cf30867cf3f1a2e216ae2f9b7,2233.82,12,14,159.56,1050
Bài 10 - Xếp hạng seller theo tổng doanh thu và số lượng đơn hàng,a36b125ac6d5fdbc7f50de85c9157bdc,2232.63,24,26,85.87,1051
Bài 10 - Xếp hạng seller theo tổng doanh thu và số lượng đơn hàng,dfc475d54e1b6dbeeb7d7d9bdaa63827,2228.07,19,21,106.1,1052
Bài 10 - Xếp hạng seller theo tổng doanh thu và số lượng đơn hàng,392e0502231ae2f8b29994ef6398cd77,2227.59,20,20,111.38,1053
Bài 10 - Xếp hạng seller theo tổng doanh thu và số lượng đơn hàng,9449f25aeaf531019b76999ea49a6949,2225.84,10,10,222.58,1054
Bài 10 - Xếp hạng seller theo tổng doanh thu và số lượng đơn hàng,198c7ea11960a9844b544d9bcdca860c,2225.38,25,25,89.02,1055
Bài 10 - Xếp hạng seller theo tổng doanh thu và số lượng đơn hàng,adcf50477d6a1f5d91bb9d54c4903cb5,2223.8,19,38,58.52,1056
Bài 10 - Xếp hạng seller theo tổng doanh thu và số lượng đơn hàng,fac1a9017ade7bdc94058fc1c969f355,2222.91,9,10,222.29,1057
Bài 10 - Xếp hạng seller theo tổng doanh thu và số lượng đơn hàng,3bfba5a77604f6dfae7e6dd7aaf65821,2218.19,4,4,554.55,1058
Bài 10 - Xếp hạng seller theo tổng doanh thu và số lượng đơn hàng,1782ce2db72c3dda627d5e7c898104e1,2218.17,9,10,221.82,1059
Bài 10 - Xếp hạng seller theo tổng doanh thu và số lượng đơn hàng,c679fb69a36e1d8349e8c50a217b4d58,2213.89,14,17,130.23,1060
Bài 10 - Xếp hạng seller theo tổng doanh thu và số lượng đơn hàng,3d2531eccfbde1d7c8db7a3a12fb267a,2212.6,10,10,221.26,1061
Bài 10 - Xếp hạng seller theo tổng doanh thu và số lượng đơn hàng,1690cada046eb7e92c12f98b1f8a8167,2211.38,11,11,201.03,1062
Bài 10 - Xếp hạng seller theo tổng doanh thu và số lượng đơn hàng,9b00ed88b7fdb95d6ff76e27c1b52d16,2203.36,47,51,43.2,1063
Bài 10 - Xếp hạng seller theo tổng doanh thu và số lượng đơn hàng,71592660bbcb6a4664e97b6f8b68babc,2200.55,6,7,314.36,1064
Bài 10 - Xếp hạng seller theo tổng doanh thu và số lượng đơn hàng,731ef20c231d9a7103a425e83fd91271,2197.6,2,3,732.53,1065
Bài 10 - Xếp hạng seller theo tổng doanh thu và số lượng đơn hàng,1b8b75e227c9a9c100d0c210fb6176ce,2195.61,19,19,115.56,1066
Bài 10 - Xếp hạng seller theo tổng doanh thu và số lượng đơn hàng,1976a05ecf2996d6ffb7b5430e635fe7,2190.66,8,9,243.41,1067
Bài 10 - Xếp hạng seller theo tổng doanh thu và số lượng đơn hàng,15cd6eefe58588619aaed41dfa6621b1,2188.86,16,18,121.6,1068
Bài 10 - Xếp hạng seller theo tổng doanh thu và số lượng đơn hàng,411f3b52d857390502ee4e4d5ceabc2d,2182.72,21,30,72.76,1069
Bài 10 - Xếp hạng seller theo tổng doanh thu và số lượng đơn hàng,a5a1bfcf728ab0e19182959cf0771ee4,2160.85,21,24,90.04,1070
Bài 10 - Xếp hạng seller theo tổng doanh thu và số lượng đơn hàng,d9a84e1403de8da0c3aa531d6d108ba6,2157.34,54,59,36.57,1071
Bài 10 - Xếp hạng seller theo tổng doanh thu và số lượng đơn hàng,8de8fe3af4449ed695d2434c933ed73e,2155.35,1,1,2155.35,1072
Bài 10 - Xếp hạng seller theo tổng doanh thu và số lượng đơn hàng,112453736dbe3889cfb74e1aaa0ba0c1,2154.77,7,14,153.91,1073
Bài 10 - Xếp hạng seller theo tổng doanh thu và số lượng đơn hàng,d1ef48b38baca7e831711c4a0aeb398f,2144.69,29,35,61.28,1074
Bài 10 - Xếp hạng seller theo tổng doanh thu và số lượng đơn hàng,5ab05b6d86d417796c69ffd6774ec832,2142.85,10,12,178.57,1075
Bài 10 - Xếp hạng seller theo tổng doanh thu và số lượng đơn hàng,1dfe5347016252a7884b694d4f10f5c4,2129.73,21,27,78.88,1076
Bài 10 - Xếp hạng seller theo tổng doanh thu và số lượng đơn hàng,c4fb51fb1c5b7c07bc5e67be6e7e8f6e,2126.61,15,16,132.91,1077
Bài 10 - Xếp hạng seller theo tổng doanh thu và số lượng đơn hàng,ec4608a1f76453166bb312b2968aeaf4,2121.36,18,35,60.61,1078
Bài 10 - Xếp hạng seller theo tổng doanh thu và số lượng đơn hàng,91f5779a8731baca4809fdeade81803f,2117.09,6,6,352.85,1079
Bài 10 - Xếp hạng seller theo tổng doanh thu và số lượng đơn hàng,f5f1f2c5f923f36ad79ea1d07185ddc9,2115.83,12,13,162.76,1080
Bài 10 - Xếp hạng seller theo tổng doanh thu và số lượng đơn hàng,058cb5aeb36d7c0fcae20fc85d5e0a59,2107.42,12,13,162.11,1081
Bài 10 - Xếp hạng seller theo tổng doanh thu và số lượng đơn hàng,d3674f271c91f824f82d24d92011f669,2101.82,20,20,105.09,1082
Bài 10 - Xếp hạng seller theo tổng doanh thu và số lượng đơn hàng,f9903dd0f812c7e771fcad47b6fff231,2101.48,10,15,140.1,1083
Bài 10 - Xếp hạng seller theo tổng doanh thu và số lượng đơn hàng,3935fe5fe0f82787a9dcb8deb62be09d,2101.35,16,17,123.61,1084
Bài 10 - Xếp hạng seller theo tổng doanh thu và số lượng đơn hàng,5b85809efd0d0e4dea1a9544e1280ed9,2097.36,12,14,149.81,1085
Bài 10 - Xếp hạng seller theo tổng doanh thu và số lượng đơn hàng,013900e863eace745d3ec7614cab5b1a,2089.37,23,26,80.36,1086
Bài 10 - Xếp hạng seller theo tổng doanh thu và số lượng đơn hàng,ffc470761de7d0232558ba5e786e57b7,2087.13,28,31,67.33,1087
Bài 10 - Xếp hạng seller theo tổng doanh thu và số lượng đơn hàng,74bafed391319577bce6f4d2acc0589a,2084.73,3,3,694.91,1088
Bài 10 - Xếp hạng seller theo tổng doanh thu và số lượng đơn hàng,75fbb52eda0cbc24f479d3b2fbfa8d3e,2074.51,40,43,48.24,1089
Bài 10 - Xếp hạng seller theo tổng doanh thu và số lượng đơn hàng,c5f7feb04a6a1fb3596322bfc3cf1917,2058.46,11,11,187.13,1090
Bài 10 - Xếp hạng seller theo tổng doanh thu và số lượng đơn hàng,7ecd59e5e20407131822c1a68ac59c1f,2054.52,24,29,70.85,1091
Bài 10 - Xếp hạng seller theo tổng doanh thu và số lượng đơn hàng,845e8036c3f7bf62099352f5ed910240,2045.24,21,24,85.22,1092
Bài 10 - Xếp hạng seller theo tổng doanh thu và số lượng đơn hàng,b2a6d334e2833acea353624840e25a0e,2038.59,25,26,78.41,1093
Bài 10 - Xếp hạng seller theo tổng doanh thu và số lượng đơn hàng,3785b653b1b82de85ab47dd139938091,2033.27,21,24,84.72,1094
Bài 10 - Xếp hạng seller theo tổng doanh thu và số lượng đơn hàng,8ec76bb0965af3f007692b26fa9d6623,2028.75,1,1,2028.75,1095
Bài 10 - Xếp hạng seller theo tổng doanh thu và số lượng đơn hàng,002100f778ceb8431b7a1020ff7ab48f,2028.16,51,55,36.88,1096
Bài 10 - Xếp hạng seller theo tổng doanh thu và số lượng đơn hàng,a70e9066dbfd10b6b97a3f54a1356762,2027.4,2,4,506.85,1097
Bài 10 - Xếp hạng seller theo tổng doanh thu và số lượng đơn hàng,656591be56071d4c9ef4e5fee78a578a,2021.2,7,11,183.75,1098
Bài 10 - Xếp hạng seller theo tổng doanh thu và số lượng đơn hàng,293dee954235e4e4e43f129313625ebe,2019.22,8,8,252.4,1099
Bài 10 - Xếp hạng seller theo tổng doanh thu và số lượng đơn hàng,2a61c271b1ac763450d846849783e922,2013.13,18,23,87.53,1100
Bài 10 - Xếp hạng seller theo tổng doanh thu và số lượng đơn hàng,901b460cdce0c64e471230d7f2f9f3a3,2012.56,5,5,402.51,1101
Bài 10 - Xếp hạng seller theo tổng doanh thu và số lượng đơn hàng,f1ed6bd0a9b11b581f16c851c6a5a527,1996.58,17,18,110.92,1102
Bài 10 - Xếp hạng seller theo tổng doanh thu và số lượng đơn hàng,7586919161935337bf6b6d7ff5779648,1994.93,11,18,110.83,1103
Bài 10 - Xếp hạng seller theo tổng doanh thu và số lượng đơn hàng,5b0cc932433fa5184b5b94bfe6bcc256,1994.09,12,17,117.3,1104
Bài 10 - Xếp hạng seller theo tổng doanh thu và số lượng đơn hàng,3092c0b297aacfb4bb6e056ebe13b9b8,1983.99,19,21,94.48,1105
Bài 10 - Xếp hạng seller theo tổng doanh thu và số lượng đơn hàng,15fa791d5e017f66402dc28c44480657,1983.29,8,8,247.91,1106
Bài 10 - Xếp hạng seller theo tổng doanh thu và số lượng đơn hàng,e63e8bfa530fb16910dd6956e592bb81,1979.17,42,43,46.03,1107
Bài 10 - Xếp hạng seller theo tổng doanh thu và số lượng đơn hàng,094ced053e257ae8cae57205592d6712,1978.23,19,19,104.12,1108
Bài 10 - Xếp hạng seller theo tổng doanh thu và số lượng đơn hàng,718539d38d07dd351c76db862760e2e2,1977.95,37,45,43.95,1109
Bài 10 - Xếp hạng seller theo tổng doanh thu và số lượng đơn hàng,81783131d2a97c8d44d406a4be81b5d9,1977.58,13,15,131.84,1110
Bài 10 - Xếp hạng seller theo tổng doanh thu và số lượng đơn hàng,ca4b77513ac2040591b0d8fae6958380,1973.62,14,15,131.57,1111
Bài 10 - Xếp hạng seller theo tổng doanh thu và số lượng đơn hàng,406740ee611378a662d274c7d8c43c4a,1972.08,8,10,197.21,1112
Bài 10 - Xếp hạng seller theo tổng doanh thu và số lượng đơn hàng,c3e1abd72a42fe690fcd89cf5720fe29,1967.58,13,13,151.35,1113
Bài 10 - Xếp hạng seller theo tổng doanh thu và số lượng đơn hàng,1ca4bdb0cd7fc48e949bac066188ed26,1963.08,4,4,490.77,1114
Bài 10 - Xếp hạng seller theo tổng doanh thu và số lượng đơn hàng,4b1eaadf791bdbbad8c4a35b65236d52,1962.82,8,8,245.35,1115
Bài 10 - Xếp hạng seller theo tổng doanh thu và số lượng đơn hàng,dd4d95ba2d15c071e6c695e2ef6ce169,1962.41,4,4,490.6,1116
Bài 10 - Xếp hạng seller theo tổng doanh thu và số lượng đơn hàng,a4bd6e9adf39b63f43dc545d3ca1f53d,1960.97,4,5,392.19,1117
Bài 10 - Xếp hạng seller theo tổng doanh thu và số lượng đơn hàng,52f0fe436a347ddad7ed5f9aa4e27eaa,1960.9,21,23,85.26,1118
Bài 10 - Xếp hạng seller theo tổng doanh thu và số lượng đơn hàng,39d54ff918774174706fb065d7f9dc07,1956.99,23,25,78.28,1119
Bài 10 - Xếp hạng seller theo tổng doanh thu và số lượng đơn hàng,8378eb36b6b70c5734e83ad7b8cdc3b7,1956.67,7,13,150.51,1120
Bài 10 - Xếp hạng seller theo tổng doanh thu và số lượng đơn hàng,2ff6b7bff164ef05590a52734e1296da,1955.12,7,7,279.3,1121
Bài 10 - Xếp hạng seller theo tổng doanh thu và số lượng đơn hàng,fa3a0b5aabb344b9a92e3524b0202123,1953.41,7,7,279.06,1122
Bài 10 - Xếp hạng seller theo tổng doanh thu và số lượng đơn hàng,df0f42bc4c2142eacf0eaf2cffd0cfbb,1946.45,14,16,121.65,1123
Bài 10 - Xếp hạng seller theo tổng doanh thu và số lượng đơn hàng,d5b9a084373da994a6e37f732169a853,1945.29,7,7,277.9,1124
Bài 10 - Xếp hạng seller theo tổng doanh thu và số lượng đơn hàng,0b18d63d0cd1d723567903fd34a07df2,1944.03,9,14,138.86,1125
Bài 10 - Xếp hạng seller theo tổng doanh thu và số lượng đơn hàng,8a2d12a90e92f012ce5226fc6592b653,1933.62,18,18,107.42,1126
Bài 10 - Xếp hạng seller theo tổng doanh thu và số lượng đơn hàng,d354c38a7182125a748cb10474fe963b,1926.18,18,20,96.31,1127
Bài 10 - Xếp hạng seller theo tổng doanh thu và số lượng đơn hàng,26e2c91ef821e1ff8985f408788fe35b,1923.87,12,14,137.42,1128
Bài 10 - Xếp hạng seller theo tổng doanh thu và số lượng đơn hàng,0ac4201fda2c68ebc0e47cb9423cf3c9,1910.87,13,14,136.49,1129
Bài 10 - Xếp hạng seller theo tổng doanh thu và số lượng đơn hàng,edc518ba25576a0188a0e8f2c3af186f,1909.55,6,8,238.69,1130
Bài 10 - Xếp hạng seller theo tổng doanh thu và số lượng đơn hàng,6ddc28b61be28373b4503a1f61cf98a9,1900.09,11,11,172.74,1131
Bài 10 - Xếp hạng seller theo tổng doanh thu và số lượng đơn hàng,e64d65bc8dbec2accda90c58de5d1246,1899.96,12,12,158.33,1132
Bài 10 - Xếp hạng seller theo tổng doanh thu và số lượng đơn hàng,66fd84ee7528c0c0de85d0f44a73d5ab,1891.3,11,21,90.06,1133
Bài 10 - Xếp hạng seller theo tổng doanh thu và số lượng đơn hàng,8daab2245ebdc277c51098d01c5ad8ef,1888.64,16,16,118.04,1134
Bài 10 - Xếp hạng seller theo tổng doanh thu và số lượng đơn hàng,77fccaae319668a8ab6cd0fd16aec48c,1888.44,11,12,157.37,1135
Bài 10 - Xếp hạng seller theo tổng doanh thu và số lượng đơn hàng,8a1ff5c35f6595a73fef4c7b96e4908a,1882.8,2,2,941.4,1136
Bài 10 - Xếp hạng seller theo tổng doanh thu và số lượng đơn hàng,659e8466eb3ff1b0e8740d74fb7bbedd,1880.0,11,14,134.29,1137
Bài 10 - Xếp hạng seller theo tổng doanh thu và số lượng đơn hàng,af3ef48d0e13835e529c29ac573c63e5,1873.13,21,21,89.2,1138
Bài 10 - Xếp hạng seller theo tổng doanh thu và số lượng đơn hàng,5f67c6082caacb26e431a7b17940cece,1871.03,13,14,133.65,1139
Bài 10 - Xếp hạng seller theo tổng doanh thu và số lượng đơn hàng,866558b3bccef2dbc6d29a2b5995016f,1870.75,5,6,311.79,1140
Bài 10 - Xếp hạng seller theo tổng doanh thu và số lượng đơn hàng,b33aaadd1a8891d2dfef0c4c3bdf0371,1863.04,16,17,109.59,1141
Bài 10 - Xếp hạng seller theo tổng doanh thu và số lượng đơn hàng,0887a9f087bcd5d9f6642b52f897fc6c,1862.35,12,12,155.2,1142
Bài 10 - Xếp hạng seller theo tổng doanh thu và số lượng đơn hàng,06bb3a2fe5e7b7a845b13e8fb91bd944,1862.33,17,18,103.46,1143
Bài 10 - Xếp hạng seller theo tổng doanh thu và số lượng đơn hàng,2709af9587499e95e803a6498a5a56e9,1859.02,26,47,39.55,1144
Bài 10 - Xếp hạng seller theo tổng doanh thu và số lượng đơn hàng,8b87cd0d43d49b9bdf40f56229364d59,1853.9,5,5,370.78,1145
Bài 10 - Xếp hạng seller theo tổng doanh thu và số lượng đơn hàng,7a2d2949aea47fab95fd98d6c9f618b1,1850.23,11,12,154.19,1146
Bài 10 - Xếp hạng seller theo tổng doanh thu và số lượng đơn hàng,3771c85bac139d2344864ede5d9341e3,1842.26,26,30,61.41,1147
Bài 10 - Xếp hạng seller theo tổng doanh thu và số lượng đơn hàng,d4e12e7884759a14fa0f5f896c791cae,1839.67,29,32,57.49,1148
Bài 10 - Xếp hạng seller theo tổng doanh thu và số lượng đơn hàng,02c988090b766852e088c69d7fb3b551,1836.95,13,17,108.06,1149
Bài 10 - Xếp hạng seller theo tổng doanh thu và số lượng đơn hàng,f918546be4bec7104d117789ba758b2b,1830.15,20,23,79.57,1150
Bài 10 - Xếp hạng seller theo tổng doanh thu và số lượng đơn hàng,41b86b552e54e3a7009596125aa8b167,1829.91,10,11,166.36,1151
Bài 10 - Xếp hạng seller theo tổng doanh thu và số lượng đơn hàng,bafc5aa11e413978be29040f51342e70,1829.47,9,9,203.27,1152
Bài 10 - Xếp hạng seller theo tổng doanh thu và số lượng đơn hàng,f3c38ab652836d21de61fb8314b69182,1828.59,15,15,121.91,1153
Bài 10 - Xếp hạng seller theo tổng doanh thu và số lượng đơn hàng,4bf658053d453036c70976bccb2c31b2,1824.56,2,2,912.28,1154
Bài 10 - Xếp hạng seller theo tổng doanh thu và số lượng đơn hàng,1660ad786c27fd935378b6192a90b417,1818.28,12,13,139.87,1155
Bài 10 - Xếp hạng seller theo tổng doanh thu và số lượng đơn hàng,cbf09e831b0c11f6f23ffb51004db972,1815.4,10,10,181.54,1156
Bài 10 - Xếp hạng seller theo tổng doanh thu và số lượng đơn hàng,138dbe45fc62f1e244378131a6801526,1814.8,49,58,31.29,1157
Bài 10 - Xếp hạng seller theo tổng doanh thu và số lượng đơn hàng,04e38a233f726ef161074ab1c9b0399a,1811.27,23,28,64.69,1158
Bài 10 - Xếp hạng seller theo tổng doanh thu và số lượng đơn hàng,e256a62e0ac58c0edfba09966142d561,1809.55,12,14,129.25,1159
Bài 10 - Xếp hạng seller theo tổng doanh thu và số lượng đơn hàng,02dcd3e8e25bee036e32512bcf175493,1804.07,14,17,106.12,1160
Bài 10 - Xếp hạng seller theo tổng doanh thu và số lượng đơn hàng,081acf3de680d554796c9cf041be7bc2,1802.8,4,8,225.35,1161
Bài 10 - Xếp hạng seller theo tổng doanh thu và số lượng đơn hàng,97512d3fc193b2d1dfcdba0f9d1f0f8a,1800.42,12,13,138.49,1162
Bài 10 - Xếp hạng seller theo tổng doanh thu và số lượng đơn hàng,53b0300ca793f9834cd69c0678d35ee8,1799.46,5,10,179.95,1163
Bài 10 - Xếp hạng seller theo tổng doanh thu và số lượng đơn hàng,01bcc9d254a0143f0ce9791b960b2a47,1798.87,11,11,163.53,1164
Bài 10 - Xếp hạng seller theo tổng doanh thu và số lượng đơn hàng,a23266650e7c84bb93fbbba502137478,1791.44,11,16,111.97,1165
Bài 10 - Xếp hạng seller theo tổng doanh thu và số lượng đơn hàng,cb810bd318f51b3dc3c753944d61a1fa,1789.02,1,1,1789.02,1166
Bài 10 - Xếp hạng seller theo tổng doanh thu và số lượng đơn hàng,d8c7ba53e7e38711eaef8c2849d6d2e1,1788.34,22,22,81.29,1167
Bài 10 - Xếp hạng seller theo tổng doanh thu và số lượng đơn hàng,f235413f677777a0738ff215d0184901,1788.34,3,3,596.11,1168
Bài 10 - Xếp hạng seller theo tổng doanh thu và số lượng đơn hàng,fe701d88b67eaca109dffd464d1be9f9,1787.94,11,11,162.54,1169
Bài 10 - Xếp hạng seller theo tổng doanh thu và số lượng đơn hàng,44f091b5abab8018f682fce8124b85e5,1787.71,6,6,297.95,1170
Bài 10 - Xếp hạng seller theo tổng doanh thu và số lượng đơn hàng,817f85dbb65aa3e70831d90fe75cdf89,1783.89,11,11,162.17,1171
Bài 10 - Xếp hạng seller theo tổng doanh thu và số lượng đơn hàng,01fd077212124329bac32490e8ef80d9,1783.36,31,39,45.73,1172
Bài 10 - Xếp hạng seller theo tổng doanh thu và số lượng đơn hàng,6806dad1da97bfb5a9038eac6881f706,1783.26,10,14,127.38,1173
Bài 10 - Xếp hạng seller theo tổng doanh thu và số lượng đơn hàng,d2e753bb80b7d4faa77483ed00edc8ca,1774.94,14,15,118.33,1174
Bài 10 - Xếp hạng seller theo tổng doanh thu và số lượng đơn hàng,5f3ae9136c875522250f8184f253413a,1773.76,43,46,38.56,1175
Bài 10 - Xếp hạng seller theo tổng doanh thu và số lượng đơn hàng,ffff564a4f9085cd26170f4732393726,1770.86,20,20,88.54,1176
Bài 10 - Xếp hạng seller theo tổng doanh thu và số lượng đơn hàng,5b97c06a046398e7005b2b7c0d707a92,1769.59,4,4,442.4,1177
Bài 10 - Xếp hạng seller theo tổng doanh thu và số lượng đơn hàng,78a4d36f65a019172c6154468831a69f,1768.9,7,7,252.7,1178
Bài 10 - Xếp hạng seller theo tổng doanh thu và số lượng đơn hàng,6b1c4d4d9ccf0be3d8544eb0e71e5318,1759.04,1,1,1759.04,1179
Bài 10 - Xếp hạng seller theo tổng doanh thu và số lượng đơn hàng,83b08de96980757220871b31bf6cffca,1758.38,5,7,251.2,1180
Bài 10 - Xếp hạng seller theo tổng doanh thu và số lượng đơn hàng,b0f2a6122a90a93eb03e68653dd960e3,1758.28,6,7,251.18,1181
Bài 10 - Xếp hạng seller theo tổng doanh thu và số lượng đơn hàng,2e1a7d075abe038c1b2743005fe42ff1,1750.55,19,23,76.11,1182
Bài 10 - Xếp hạng seller theo tổng doanh thu và số lượng đơn hàng,6eb94e1466490d327a09abf8f3552a50,1749.77,10,10,174.98,1183
Bài 10 - Xếp hạng seller theo tổng doanh thu và số lượng đơn hàng,e7f3bf1ecd8526eb7f3b18059e6716e5,1747.69,18,19,91.98,1184
Bài 10 - Xếp hạng seller theo tổng doanh thu và số lượng đơn hàng,0eaa7e33d73809f1f925f7d07c506cbd,1746.9,15,15,116.46,1185
Bài 10 - Xếp hạng seller theo tổng doanh thu và số lượng đơn hàng,7813ea3ebd9411dc600b4dd01f7a97b9,1745.99,9,9,194.0,1186
Bài 10 - Xếp hạng seller theo tổng doanh thu và số lượng đơn hàng,5e105f5c9f63f5f1fd75d6cb942e55b1,1745.73,8,8,218.22,1187
Bài 10 - Xếp hạng seller theo tổng doanh thu và số lượng đơn hàng,7e26c750b4cb9f6766f58265ff9ebe95,1733.18,23,27,64.19,1188
Bài 10 - Xếp hạng seller theo tổng doanh thu và số lượng đơn hàng,d4ffeb15b67e81ff9af2b4252d99fb7e,1724.81,11,12,143.73,1189
Bài 10 - Xếp hạng seller theo tổng doanh thu và số lượng đơn hàng,431050a06a317f2b38168dec3dcd2b46,1720.95,12,12,143.41,1190
Bài 10 - Xếp hạng seller theo tổng doanh thu và số lượng đơn hàng,f08c008c8a8d31417763738a1788a2a8,1714.69,22,23,74.55,1191
Bài 10 - Xếp hạng seller theo tổng doanh thu và số lượng đơn hàng,b6e1504972665f739dec4facb9943775,1710.37,14,14,122.17,1192
Bài 10 - Xếp hạng seller theo tổng doanh thu và số lượng đơn hàng,70f84699be677ec988d1fa824aef7d90,1704.44,5,5,340.89,1193
Bài 10 - Xếp hạng seller theo tổng doanh thu và số lượng đơn hàng,3a490ba60afa30ece0e7d50cfe74a4f0,1695.07,8,8,211.88,1194
Bài 10 - Xếp hạng seller theo tổng doanh thu và số lượng đơn hàng,a414555ce331b8c8aea4a9cb8395194d,1693.59,7,8,211.7,1195
Bài 10 - Xếp hạng seller theo tổng doanh thu và số lượng đơn hàng,a1040efe9ff4a6f93c28b0499eada8f5,1693.31,1,1,1693.31,1196
Bài 10 - Xếp hạng seller theo tổng doanh thu và số lượng đơn hàng,427165bf50f8ca07efc7bdc2bfcf1688,1692.9,5,5,338.58,1197
Bài 10 - Xếp hạng seller theo tổng doanh thu và số lượng đơn hàng,671585f5a2af58b6e276bc01003c0d2b,1692.11,27,27,62.67,1198
Bài 10 - Xếp hạng seller theo tổng doanh thu và số lượng đơn hàng,b8114f2f589a6804810f04f99b36b498,1692.03,8,11,153.82,1199
Bài 10 - Xếp hạng seller theo tổng doanh thu và số lượng đơn hàng,863d2ebcd347ce4922de7a0f9a5581d6,1691.17,18,19,89.01,1200
Bài 10 - Xếp hạng seller theo tổng doanh thu và số lượng đơn hàng,4d232b78ab7ef10393dc3807d827bc0d,1689.99,5,5,338.0,1201
Bài 10 - Xếp hạng seller theo tổng doanh thu và số lượng đơn hàng,9a03a4e9eb0b947652fae4f6121a3f5e,1682.22,7,7,240.32,1202
Bài 10 - Xếp hạng seller theo tổng doanh thu và số lượng đơn hàng,57c764b4a836300be881e2ff86e449f9,1681.11,29,30,56.04,1203
Bài 10 - Xếp hạng seller theo tổng doanh thu và số lượng đơn hàng,b9ca8e8baa5d4aa038394a700f63e69f,1677.95,14,14,119.85,1204
Bài 10 - Xếp hạng seller theo tổng doanh thu và số lượng đơn hàng,8ff1a9df749e454105c55cda13e79143,1677.81,13,14,119.84,1205
Bài 10 - Xếp hạng seller theo tổng doanh thu và số lượng đơn hàng,9f50216bfd01913736a55a11b55ea842,1671.1,17,19,87.95,1206
Bài 10 - Xếp hạng seller theo tổng doanh thu và số lượng đơn hàng,81336a0f57a33776419727a300249e90,1670.88,16,19,87.94,1207
Bài 10 - Xếp hạng seller theo tổng doanh thu và số lượng đơn hàng,4ba52dfeba874da5b9ee7b17c7494f04,1667.91,11,11,151.63,1208
Bài 10 - Xếp hạng seller theo tổng doanh thu và số lượng đơn hàng,542917da124346b47ea1ac79a93ce454,1667.08,20,20,83.35,1209
Bài 10 - Xếp hạng seller theo tổng doanh thu và số lượng đơn hàng,ec933281fb017b5020d06df29c3f77e8,1662.85,8,8,207.86,1210
Bài 10 - Xếp hạng seller theo tổng doanh thu và số lượng đơn hàng,20cb7c2fde3e5bf10f0bbe7394e1c6a9,1660.28,32,51,32.55,1211
Bài 10 - Xếp hạng seller theo tổng doanh thu và số lượng đơn hàng,c5f7e746b7e6d07def6c0dae9903279b,1658.92,10,11,150.81,1212
Bài 10 - Xếp hạng seller theo tổng doanh thu và số lượng đơn hàng,714b9a1332840f257b49f476bea4e341,1658.09,6,6,276.35,1213
Bài 10 - Xếp hạng seller theo tổng doanh thu và số lượng đơn hàng,5145090ab595c0d0b8557199f5701fbf,1657.45,4,4,414.36,1214
Bài 10 - Xếp hạng seller theo tổng doanh thu và số lượng đơn hàng,42ef3192a9ff87a22d1867b74b3ee205,1655.97,23,23,72.0,1215
Bài 10 - Xếp hạng seller theo tổng doanh thu và số lượng đơn hàng,9b522ba7eae9e1d04082f267144583cc,1655.65,4,6,275.94,1216
Bài 10 - Xếp hạng seller theo tổng doanh thu và số lượng đơn hàng,f5f46307a4d15880ca14fab4ad9dfc9b,1654.32,9,10,165.43,1217
Bài 10 - Xếp hạng seller theo tổng doanh thu và số lượng đơn hàng,134285d1f41da5c13a756ee8142c8a4e,1653.63,3,4,413.41,1218
Bài 10 - Xếp hạng seller theo tổng doanh thu và số lượng đơn hàng,128f9bfbe4c7d5185033914b1de3d39a,1650.49,14,16,103.16,1219
Bài 10 - Xếp hạng seller theo tổng doanh thu và số lượng đơn hàng,b9a03475e6447e631b6799ec8274800f,1644.08,10,11,149.46,1220
Bài 10 - Xếp hạng seller theo tổng doanh thu và số lượng đơn hàng,921323538c9f1c4e816f2720eac02bea,1642.2,15,17,96.6,1221
Bài 10 - Xếp hạng seller theo tổng doanh thu và số lượng đơn hàng,1dd33b8119b3cb1056ed5dc88cd0aaf4,1641.74,8,8,205.22,1222
Bài 10 - Xếp hạng seller theo tổng doanh thu và số lượng đơn hàng,850857dfac77488c307e2b1cbd84ab5a,1638.72,1,1,1638.72,1223
Bài 10 - Xếp hạng seller theo tổng doanh thu và số lượng đơn hàng,47648caee88ccfe951fbb27fbf7b4cbe,1632.99,3,3,544.33,1224
Bài 10 - Xếp hạng seller theo tổng doanh thu và số lượng đơn hàng,5a425cc503b39b262a847fd6212bf53b,1630.1,15,15,108.67,1225
Bài 10 - Xếp hạng seller theo tổng doanh thu và số lượng đơn hàng,52f9db5cfb423382a2fa5c9e39303202,1628.54,22,23,70.81,1226
Bài 10 - Xếp hạng seller theo tổng doanh thu và số lượng đơn hàng,2dcf93836ae3ce0d7c93e2f10876467a,1622.44,9,12,135.2,1227
Bài 10 - Xếp hạng seller theo tổng doanh thu và số lượng đơn hàng,49cdc90518a4f82676b38b3c1aa43ff6,1622.11,5,5,324.42,1228
Bài 10 - Xếp hạng seller theo tổng doanh thu và số lượng đơn hàng,49067458c68f7701fd334ce326accbe0,1621.5,17,37,43.82,1229
Bài 10 - Xếp hạng seller theo tổng doanh thu và số lượng đơn hàng,a5259c149128e82c9d6d46e0c1c812bb,1621.13,8,8,202.64,1230
Bài 10 - Xếp hạng seller theo tổng doanh thu và số lượng đơn hàng,0afccdb8a34ee5c79f7c06faf2b4d56e,1613.78,25,25,64.55,1231
Bài 10 - Xếp hạng seller theo tổng doanh thu và số lượng đơn hàng,9da1ca0bef29ee170e541927a5aeabdc,1612.03,6,6,268.67,1232
Bài 10 - Xếp hạng seller theo tổng doanh thu và số lượng đơn hàng,186cdd1b2df32caa72cfb410bba768d3,1609.73,6,6,268.29,1233
Bài 10 - Xếp hạng seller theo tổng doanh thu và số lượng đơn hàng,88cf19ec1fc2c58f161aee259d57142c,1607.68,14,14,114.83,1234
Bài 10 - Xếp hạng seller theo tổng doanh thu và số lượng đơn hàng,985c92cc412091f8529c12d7f23d3fef,1606.63,12,12,133.89,1235
Bài 10 - Xếp hạng seller theo tổng doanh thu và số lượng đơn hàng,8185694b58b2ba6de20fd41ae608bbea,1602.57,8,8,200.32,1236
Bài 10 - Xếp hạng seller theo tổng doanh thu và số lượng đơn hàng,a7c88262832dfc683781d6a421edefae,1602.42,5,5,320.48,1237
Bài 10 - Xếp hạng seller theo tổng doanh thu và số lượng đơn hàng,1dcfa3835714681d4ba4a93bc1e0fd41,1602.1,13,15,106.81,1238
Bài 10 - Xếp hạng seller theo tổng doanh thu và số lượng đơn hàng,ecccfa2bb93b34a3bf033cc5d1dcdc69,1601.35,15,19,84.28,1239
Bài 10 - Xếp hạng seller theo tổng doanh thu và số lượng đơn hàng,36890be00bbfc1cdb9a4a38a6af05a69,1600.88,13,13,123.14,1240
Bài 10 - Xếp hạng seller theo tổng doanh thu và số lượng đơn hàng,11fb6f6d341adbe19e81733701704635,1596.66,3,3,532.22,1241
Bài 10 - Xếp hạng seller theo tổng doanh thu và số lượng đơn hàng,3f8034bfc6b8b4135534975d49f04c63,1594.51,12,16,99.66,1242
Bài 10 - Xếp hạng seller theo tổng doanh thu và số lượng đơn hàng,6426d21aca402a131fc0a5d0960a3c90,1593.82,23,23,69.3,1243
Bài 10 - Xếp hạng seller theo tổng doanh thu và số lượng đơn hàng,e439f7176d763f92de325271111b2fd5,1584.02,7,7,226.29,1244
Bài 10 - Xếp hạng seller theo tổng doanh thu và số lượng đơn hàng,0aea4c6ae1505b3228ddf3dd7822ee5b,1579.66,8,8,197.46,1245
Bài 10 - Xếp hạng seller theo tổng doanh thu và số lượng đơn hàng,141440cad9341e553f8401c574a2aa38,1579.0,11,12,131.58,1246
Bài 10 - Xếp hạng seller theo tổng doanh thu và số lượng đơn hàng,dace965ca58120f92f8d742a9fa1864b,1573.77,8,8,196.72,1247
Bài 10 - Xếp hạng seller theo tổng doanh thu và số lượng đơn hàng,5bf397d04035b5f45cc41e82ec106803,1572.28,3,4,393.07,1248
Bài 10 - Xếp hạng seller theo tổng doanh thu và số lượng đơn hàng,25e47381a6c510ddeb36084e33b89f0c,1571.71,16,17,92.45,1249
Bài 10 - Xếp hạng seller theo tổng doanh thu và số lượng đơn hàng,b1aaae6b66ad3c40f54b389d7ea4bee0,1569.24,15,17,92.31,1250
Bài 10 - Xếp hạng seller theo tổng doanh thu và số lượng đơn hàng,0ad80de75c811326389cfb1daba7d45e,1564.72,6,6,260.79,1251
Bài 10 - Xếp hạng seller theo tổng doanh thu và số lượng đơn hàng,a13580f0e8f782b7a543885a0ef99f08,1563.68,10,10,156.37,1252
Bài 10 - Xếp hạng seller theo tổng doanh thu và số lượng đơn hàng,093805f8f2aeb63881444571e1f48f30,1559.73,22,27,57.77,1253
Bài 10 - Xếp hạng seller theo tổng doanh thu và số lượng đơn hàng,c8c1bea22194a4eefa2dc9a9fa89f536,1558.73,7,13,119.9,1254
Bài 10 - Xếp hạng seller theo tổng doanh thu và số lượng đơn hàng,d101c6da914ae3d53f7bee42283f2fe2,1557.55,13,16,97.35,1255
Bài 10 - Xếp hạng seller theo tổng doanh thu và số lượng đơn hàng,d7827b2af99326a03b0ed9c7a24db0d3,1556.7,1,1,1556.7,1256
Bài 10 - Xếp hạng seller theo tổng doanh thu và số lượng đơn hàng,f4a04f7be452aa3bb31760bf00055dd0,1553.95,18,18,86.33,1257
Bài 10 - Xếp hạng seller theo tổng doanh thu và số lượng đơn hàng,fcf16b7a8697e559f0123190bb30177d,1552.57,3,7,221.8,1258
Bài 10 - Xếp hạng seller theo tổng doanh thu và số lượng đơn hàng,0b0ddbc7b9d9584f442c7ac92b0ff6c9,1550.64,3,3,516.88,1259
Bài 10 - Xếp hạng seller theo tổng doanh thu và số lượng đơn hàng,2646baaf662d4d92ac48f047e35db92d,1549.39,15,18,86.08,1260
Bài 10 - Xếp hạng seller theo tổng doanh thu và số lượng đơn hàng,1284de4ae8aa26997e748c851557cf0e,1546.84,3,3,515.61,1261
Bài 10 - Xếp hạng seller theo tổng doanh thu và số lượng đơn hàng,7357b52d27cbaa90f81a96cbc1279396,1545.83,12,12,128.82,1262
Bài 10 - Xếp hạng seller theo tổng doanh thu và số lượng đơn hàng,c794dab4928dd97beb41d05514441e86,1544.59,16,16,96.54,1263
Bài 10 - Xếp hạng seller theo tổng doanh thu và số lượng đơn hàng,89c127985a8b130cfa45c1d36764017a,1540.2,7,7,220.03,1264
Bài 10 - Xếp hạng seller theo tổng doanh thu và số lượng đơn hàng,2d518637f53161b973e01f56ea4bb88e,1539.7,13,13,118.44,1265
Bài 10 - Xếp hạng seller theo tổng doanh thu và số lượng đơn hàng,a36ac007a4d18f865c8d32c3b2402c2d,1536.97,9,9,170.77,1266
Bài 10 - Xếp hạng seller theo tổng doanh thu và số lượng đơn hàng,113e3a788b935f48aad63e1c41dac1bd,1533.95,39,48,31.96,1267
Bài 10 - Xếp hạng seller theo tổng doanh thu và số lượng đơn hàng,01ed254b9ff8407dfb9d99ba1e17d923,1533.71,5,5,306.74,1268
Bài 10 - Xếp hạng seller theo tổng doanh thu và số lượng đơn hàng,8e2b3afb420011ef0c88c9d5f11ea526,1532.43,11,11,139.31,1269
Bài 10 - Xếp hạng seller theo tổng doanh thu và số lượng đơn hàng,b5abf4f36adc043117b4fca82c22984c,1531.79,11,12,127.65,1270
Bài 10 - Xếp hạng seller theo tổng doanh thu và số lượng đơn hàng,1caf283236cd69af44cbc09a0a1e7d32,1530.25,33,37,41.36,1271
Bài 10 - Xếp hạng seller theo tổng doanh thu và số lượng đơn hàng,b43d8b707f887a30f4675391098354a0,1526.76,3,4,381.69,1272
Bài 10 - Xếp hạng seller theo tổng doanh thu và số lượng đơn hàng,bb135baca94c82fcb731335ad5b04a03,1522.68,18,38,40.07,1273
Bài 10 - Xếp hạng seller theo tổng doanh thu và số lượng đơn hàng,c35672b10ad50968f567ea3f4b91e877,1515.35,18,22,68.88,1274
Bài 10 - Xếp hạng seller theo tổng doanh thu và số lượng đơn hàng,2bd05d410a8fd26dc4184a15f4f2f588,1515.27,6,7,216.47,1275
Bài 10 - Xếp hạng seller theo tổng doanh thu và số lượng đơn hàng,0bebbb2cea103a4a020c95d43fd7d754,1514.34,9,9,168.26,1276
Bài 10 - Xếp hạng seller theo tổng doanh thu và số lượng đơn hàng,4e06067cc08b3f41d837768d392c3ee3,1514.25,31,46,32.92,1277
Bài 10 - Xếp hạng seller theo tổng doanh thu và số lượng đơn hàng,1464afc72f696af775557a821c2e253f,1513.78,29,30,50.46,1278
Bài 10 - Xếp hạng seller theo tổng doanh thu và số lượng đơn hàng,17eea220a40cc0d2c0c5346379682398,1512.99,4,4,378.25,1279
Bài 10 - Xếp hạng seller theo tổng doanh thu và số lượng đơn hàng,c7b7db6c8f3c64a7cc1afa634db21d50,1511.86,1,1,1511.86,1280
Bài 10 - Xếp hạng seller theo tổng doanh thu và số lượng đơn hàng,20b54c376b794ed028df09a3cd88e8dc,1506.55,11,11,136.96,1281
Bài 10 - Xếp hạng seller theo tổng doanh thu và số lượng đơn hàng,7a425d299613df3e613bcf9d2eaf5c49,1505.47,18,18,83.64,1282
Bài 10 - Xếp hạng seller theo tổng doanh thu và số lượng đơn hàng,da7039f29f90ce5b4846ffc0fcc93beb,1503.55,17,18,83.53,1283
Bài 10 - Xếp hạng seller theo tổng doanh thu và số lượng đơn hàng,8629c241b3622ac12cd4118afdc8d394,1502.02,13,13,115.54,1284
Bài 10 - Xếp hạng seller theo tổng doanh thu và số lượng đơn hàng,9a1aea68d3efa00862ec88c0768037d0,1501.71,7,8,187.71,1285
Bài 10 - Xếp hạng seller theo tổng doanh thu và số lượng đơn hàng,b8578d2d823bd8e251f6fdd02b40902d,1499.6,9,9,166.62,1286
Bài 10 - Xếp hạng seller theo tổng doanh thu và số lượng đơn hàng,bc07d855eac23aab5ac8a120f21d16b2,1496.18,12,13,115.09,1287
Bài 10 - Xếp hạng seller theo tổng doanh thu và số lượng đơn hàng,4dbd95a08b31ede5c82d3f861cb1ce1a,1494.03,6,6,249.01,1288
Bài 10 - Xếp hạng seller theo tổng doanh thu và số lượng đơn hàng,51ed72984a04e5dd35c2b27e77179038,1493.23,7,7,213.32,1289
Bài 10 - Xếp hạng seller theo tổng doanh thu và số lượng đơn hàng,c3ee2331a724e6fc02c4b698b57a73f3,1487.88,2,3,495.96,1290
Bài 10 - Xếp hạng seller theo tổng doanh thu và số lượng đơn hàng,f205b1a3ca9a34e0f8a228bae6e4c7b3,1484.9,8,8,185.61,1291
Bài 10 - Xếp hạng seller theo tổng doanh thu và số lượng đơn hàng,5151aea44289d6c6b090ee31c2132508,1482.47,7,7,211.78,1292
Bài 10 - Xếp hạng seller theo tổng doanh thu và số lượng đơn hàng,0e982cff76cc0579f632cea8a0e38c9d,1480.31,7,12,123.36,1293
Bài 10 - Xếp hạng seller theo tổng doanh thu và số lượng đơn hàng,402916f742e5c740cc751493d9cf5053,1478.43,9,10,147.84,1294
Bài 10 - Xếp hạng seller theo tổng doanh thu và số lượng đơn hàng,d1c7fa84e48cfa21a0e595167c1c500e,1477.38,12,12,123.12,1295
Bài 10 - Xếp hạng seller theo tổng doanh thu và số lượng đơn hàng,f1b854361f4e15d5851b494df66f22b2,1475.24,3,4,368.81,1296
Bài 10 - Xếp hạng seller theo tổng doanh thu và số lượng đơn hàng,04843805947f0fc584fc1969b6e50fe7,1474.76,1,2,737.38,1297
Bài 10 - Xếp hạng seller theo tổng doanh thu và số lượng đơn hàng,a425f92c199eb576938df686728acd20,1474.75,17,19,77.62,1298
Bài 10 - Xếp hạng seller theo tổng doanh thu và số lượng đơn hàng,4eb61f060e7dcc1d5a80d806c35cc541,1466.12,8,8,183.27,1299
Bài 10 - Xếp hạng seller theo tổng doanh thu và số lượng đơn hàng,6b89abe95848c850399130d149a39b63,1465.73,8,8,183.22,1300
Bài 10 - Xếp hạng seller theo tổng doanh thu và số lượng đơn hàng,e504a4e2efaa45cbff7e268a2c58c956,1464.06,11,12,122.01,1301
Bài 10 - Xếp hạng seller theo tổng doanh thu và số lượng đơn hàng,2f73e04d12cdf0c945ded66bb3fcf6c7,1460.85,3,3,486.95,1302
Bài 10 - Xếp hạng seller theo tổng doanh thu và số lượng đơn hàng,10ff823eda2b032e2c93d17a7d294736,1459.53,9,9,162.17,1303
Bài 10 - Xếp hạng seller theo tổng doanh thu và số lượng đơn hàng,2d378dbb39815785238c0139c7647fb7,1454.44,2,2,727.22,1304
Bài 10 - Xếp hạng seller theo tổng doanh thu và số lượng đơn hàng,a478c7961d6a992065b24e63b366f90b,1451.56,8,9,161.28,1305
Bài 10 - Xếp hạng seller theo tổng doanh thu và số lượng đơn hàng,4736e9d642ef4257cd7622516931eb51,1449.77,16,20,72.49,1306
Bài 10 - Xếp hạng seller theo tổng doanh thu và số lượng đơn hàng,556a6409838156ea299c9d1f9e2dde43,1449.64,4,4,362.41,1307
Bài 10 - Xếp hạng seller theo tổng doanh thu và số lượng đơn hàng,010543a62bd80aa422851e79a3bc7540,1447.95,2,2,723.98,1308
Bài 10 - Xếp hạng seller theo tổng doanh thu và số lượng đơn hàng,973f21788dfab357250f69a8dcb7ddee,1445.65,10,21,68.84,1309
Bài 10 - Xếp hạng seller theo tổng doanh thu và số lượng đơn hàng,091065b789659bc3cd9af9cb3a6253ff,1444.37,2,2,722.19,1310
Bài 10 - Xếp hạng seller theo tổng doanh thu và số lượng đơn hàng,c273175f7c6c80fb02f051e2fc6d0d72,1443.45,14,14,103.1,1311
Bài 10 - Xếp hạng seller theo tổng doanh thu và số lượng đơn hàng,9140bd1d9de28b197dce077bdd687438,1442.93,6,8,180.37,1312
Bài 10 - Xếp hạng seller theo tổng doanh thu và số lượng đơn hàng,3faf68a3b0af94b10bac70d86077be49,1442.09,7,7,206.01,1313
Bài 10 - Xếp hạng seller theo tổng doanh thu và số lượng đơn hàng,6562efe88ce0826a4ca4f189f03b4b84,1436.21,9,21,68.39,1314
Bài 10 - Xếp hạng seller theo tổng doanh thu và số lượng đơn hàng,5795aebfe331fbcd02a2c4b679fb7952,1436.09,6,6,239.35,1315
Bài 10 - Xếp hạng seller theo tổng doanh thu và số lượng đơn hàng,7f40d06aa0b5f1aa4f41af8c0480e2ef,1435.62,6,6,239.27,1316
Bài 10 - Xếp hạng seller theo tổng doanh thu và số lượng đơn hàng,5ee7fd217d08dfe5d3e2f51f96a12c9a,1435.18,9,9,159.46,1317
Bài 10 - Xếp hạng seller theo tổng doanh thu và số lượng đơn hàng,325f3178fb58e2a9778334621eecdbf9,1433.37,36,46,31.16,1318
Bài 10 - Xếp hạng seller theo tổng doanh thu và số lượng đơn hàng,b566ab0ef88016e00422755e305103c6,1428.22,5,5,285.64,1319
Bài 10 - Xếp hạng seller theo tổng doanh thu và số lượng đơn hàng,3fac58ce0ad699020c7944d53c41329c,1427.97,10,16,89.25,1320
Bài 10 - Xếp hạng seller theo tổng doanh thu và số lượng đơn hàng,334cab711dee080b079fa5779b584783,1421.37,11,26,54.67,1321
Bài 10 - Xếp hạng seller theo tổng doanh thu và số lượng đơn hàng,cda598c48d7c614bc1cad7d8ff6f0010,1420.2,17,18,78.9,1322
Bài 10 - Xếp hạng seller theo tổng doanh thu và số lượng đơn hàng,bc47d5d1490df2b36add65d733eafaba,1419.91,24,25,56.8,1323
Bài 10 - Xếp hạng seller theo tổng doanh thu và số lượng đơn hàng,8ea394aed8138685abe1eb9f25e1021d,1417.6,2,2,708.8,1324
Bài 10 - Xếp hạng seller theo tổng doanh thu và số lượng đơn hàng,269cff2d3c8d205c11f37a52402ea93b,1415.0,4,5,283.0,1325
Bài 10 - Xếp hạng seller theo tổng doanh thu và số lượng đơn hàng,30a81d8cf85fb2ada1b1b094c9583a95,1413.52,17,20,70.68,1326
Bài 10 - Xếp hạng seller theo tổng doanh thu và số lượng đơn hàng,e48cc16ab70bfa09e1401740dce0b3d7,1411.13,14,17,83.01,1327
Bài 10 - Xếp hạng seller theo tổng doanh thu và số lượng đơn hàng,439a47cc365d6e3bd526812ea9de3c29,1410.93,8,13,108.53,1328
Bài 10 - Xếp hạng seller theo tổng doanh thu và số lượng đơn hàng,5d76d80a2f5f39c891b996a1bf4c9853,1409.75,6,6,234.96,1329
Bài 10 - Xếp hạng seller theo tổng doanh thu và số lượng đơn hàng,4cf490a58259286ada5ba8525ba9e84a,1409.39,8,8,176.17,1330
Bài 10 - Xếp hạng seller theo tổng doanh thu và số lượng đơn hàng,8c5e007d7bd5693fa1386ffefbc99f6c,1407.41,9,24,58.64,1331
Bài 10 - Xếp hạng seller theo tổng doanh thu và số lượng đơn hàng,e3d3b3efac954a60d61be70b7e05b49b,1405.83,3,3,468.61,1332
Bài 10 - Xếp hạng seller theo tổng doanh thu và số lượng đơn hàng,7ff588a03c2aeae4fbd23f9ae64b760d,1403.38,14,16,87.71,1333
Bài 10 - Xếp hạng seller theo tổng doanh thu và số lượng đơn hàng,7daca0837f033a41a6f3428c18657533,1397.14,7,7,199.59,1334
Bài 10 - Xếp hạng seller theo tổng doanh thu và số lượng đơn hàng,8a9260f2b0340411d6d2a56bcf4f7378,1396.94,8,9,155.22,1335
Bài 10 - Xếp hạng seller theo tổng doanh thu và số lượng đơn hàng,788e857f317e53de488d393e65a80f45,1394.95,11,11,126.81,1336
Bài 10 - Xếp hạng seller theo tổng doanh thu và số lượng đơn hàng,67225bff54a172ff67579aaf583efd78,1393.11,8,8,174.14,1337
Bài 10 - Xếp hạng seller theo tổng doanh thu và số lượng đơn hàng,5011f0d93373a4c5753adf58ca77af8d,1390.85,12,22,63.22,1338
Bài 10 - Xếp hạng seller theo tổng doanh thu và số lượng đơn hàng,626ab1cd96932367f0eeec2e47046c12,1390.47,3,3,463.49,1339
Bài 10 - Xếp hạng seller theo tổng doanh thu và số lượng đơn hàng,b55638ad525e906c698fa2ce742c1742,1385.67,11,12,115.47,1340
Bài 10 - Xếp hạng seller theo tổng doanh thu và số lượng đơn hàng,2cb6eb1b7185064167657fa09f541105,1382.68,6,7,197.53,1341
Bài 10 - Xếp hạng seller theo tổng doanh thu và số lượng đơn hàng,4324dd16853115efb0fd9d0d131ba6f4,1379.47,12,18,76.64,1342
Bài 10 - Xếp hạng seller theo tổng doanh thu và số lượng đơn hàng,fec8cd45395b3cb0c2b173d7739706a1,1376.94,4,4,344.24,1343
Bài 10 - Xếp hạng seller theo tổng doanh thu và số lượng đơn hàng,c0098efcf800861dcae589affca31408,1376.74,9,9,152.97,1344
Bài 10 - Xếp hạng seller theo tổng doanh thu và số lượng đơn hàng,b586cd24c010a13916af621b0325fbba,1372.93,6,7,196.13,1345
Bài 10 - Xếp hạng seller theo tổng doanh thu và số lượng đơn hàng,5d9f3746e112e696f98ea22c56b3e912,1370.41,1,1,1370.41,1346
Bài 10 - Xếp hạng seller theo tổng doanh thu và số lượng đơn hàng,8fdca8e349553f99bc738833a62c8802,1370.22,22,29,47.25,1347
Bài 10 - Xếp hạng seller theo tổng doanh thu và số lượng đơn hàng,725af026f869236a8dd0ceb98564d156,1362.67,7,8,170.33,1348
Bài 10 - Xếp hạng seller theo tổng doanh thu và số lượng đơn hàng,d4910f1cdcfdabd48d6b316e395d4a23,1361.92,11,12,113.49,1349
Bài 10 - Xếp hạng seller theo tổng doanh thu và số lượng đơn hàng,5f26c1408a65b42a7224cd463bdf3292,1357.09,10,10,135.71,1350
Bài 10 - Xếp hạng seller theo tổng doanh thu và số lượng đơn hàng,c88f62b4c386a59281014d677864d016,1350.5,1,1,1350.5,1351
Bài 10 - Xếp hạng seller theo tổng doanh thu và số lượng đơn hàng,f9d010e39375d9c91dce3f40b73a2f84,1350.14,4,5,270.03,1352
Bài 10 - Xếp hạng seller theo tổng doanh thu và số lượng đơn hàng,d1b9d4be4b6f9ebd85f8acd6745ba612,1348.53,11,11,122.59,1353
Bài 10 - Xếp hạng seller theo tổng doanh thu và số lượng đơn hàng,7c5b05cbdb5542049f38d90d7815b97d,1345.46,22,24,56.06,1354
Bài 10 - Xếp hạng seller theo tổng doanh thu và số lượng đơn hàng,a066df7361163e7ddc5d7452dd17448b,1344.62,15,17,79.1,1355
Bài 10 - Xếp hạng seller theo tổng doanh thu và số lượng đơn hàng,9ed65337433adfbedefd23dd76eaa494,1343.65,6,6,223.94,1356
Bài 10 - Xếp hạng seller theo tổng doanh thu và số lượng đơn hàng,90d4125885ab6c86e8820a722be71974,1342.95,3,5,268.59,1357
Bài 10 - Xếp hạng seller theo tổng doanh thu và số lượng đơn hàng,5b2e94f2c22b39ccc24d34ad0f669672,1340.14,10,10,134.01,1358
Bài 10 - Xếp hạng seller theo tổng doanh thu và số lượng đơn hàng,3f2af2670e104d1bcb54022274daeac5,1334.18,6,7,190.6,1359
Bài 10 - Xếp hạng seller theo tổng doanh thu và số lượng đơn hàng,ef2fbc2b607d8492bcffe657a4645434,1333.69,20,22,60.62,1360
Bài 10 - Xếp hạng seller theo tổng doanh thu và số lượng đơn hàng,9d7a1d34a5052409006425275ba1c2b4,1331.87,13,16,83.24,1361
Bài 10 - Xếp hạng seller theo tổng doanh thu và số lượng đơn hàng,6bef34c5be6f2bbd70aa5165f6df94b1,1330.88,2,2,665.44,1362
Bài 10 - Xếp hạng seller theo tổng doanh thu và số lượng đơn hàng,abc015ebac1d283a323ca9db35ede4b9,1329.65,12,13,102.28,1363
Bài 10 - Xếp hạng seller theo tổng doanh thu và số lượng đơn hàng,bb5d956dece964a06c12bceb66b923ae,1328.5,2,2,664.25,1364
Bài 10 - Xếp hạng seller theo tổng doanh thu và số lượng đơn hàng,f5fea3ffed6c2e889bab72705557c63a,1328.18,3,3,442.73,1365
Bài 10 - Xếp hạng seller theo tổng doanh thu và số lượng đơn hàng,700f03c207639c22d933381ff60b35c2,1326.31,4,4,331.58,1366
Bài 10 - Xếp hạng seller theo tổng doanh thu và số lượng đơn hàng,45a3d05fb00435e52a28859dd03703b3,1323.79,1,1,1323.79,1367
Bài 10 - Xếp hạng seller theo tổng doanh thu và số lượng đơn hàng,00720abe85ba0859807595bbf045a33b,1323.48,13,26,50.9,1368
Bài 10 - Xếp hạng seller theo tổng doanh thu và số lượng đơn hàng,4eeb99008a0f59d2c7759c59f9a346eb,1320.95,2,2,660.48,1369
Bài 10 - Xếp hạng seller theo tổng doanh thu và số lượng đơn hàng,5b07547f10dd980738a1a27f685af669,1320.07,13,14,94.29,1370
Bài 10 - Xếp hạng seller theo tổng doanh thu và số lượng đơn hàng,89f69225956f951295ca4c7fb1266553,1318.71,11,12,109.89,1371
Bài 10 - Xếp hạng seller theo tổng doanh thu và số lượng đơn hàng,76ea5315acb3f5f7ade3cd261faf922a,1311.08,15,15,87.41,1372
Bài 10 - Xếp hạng seller theo tổng doanh thu và số lượng đơn hàng,4091f77d8c768fc3e81c20761471761d,1309.87,8,8,163.73,1373
Bài 10 - Xếp hạng seller theo tổng doanh thu và số lượng đơn hàng,b18871c324516afa228a13e8f1ef0ae9,1308.4,9,23,56.89,1374
Bài 10 - Xếp hạng seller theo tổng doanh thu và số lượng đơn hàng,c878515173c84a492ebe50d6b493230b,1308.04,9,10,130.8,1375
Bài 10 - Xếp hạng seller theo tổng doanh thu và số lượng đơn hàng,c1ed9e3daf6154542826a6996af0fb8c,1300.64,9,17,76.51,1376
Bài 10 - Xếp hạng seller theo tổng doanh thu và số lượng đơn hàng,119d1aef1b4144adba89163f6cd9f5d4,1298.24,4,4,324.56,1377
Bài 10 - Xếp hạng seller theo tổng doanh thu và số lượng đơn hàng,4ebdc7e6cd6102a022dadc49156d4ea8,1297.9,29,32,40.56,1378
Bài 10 - Xếp hạng seller theo tổng doanh thu và số lượng đơn hàng,4fb41dff7c50136976d1a5cf004a42e2,1296.77,3,3,432.26,1379
Bài 10 - Xếp hạng seller theo tổng doanh thu và số lượng đơn hàng,b5e3e38609125694d2ea2417522a60b7,1296.18,16,17,76.25,1380
Bài 10 - Xếp hạng seller theo tổng doanh thu và số lượng đơn hàng,1cbd32d00d01bb8087a5eb088612fd9c,1289.53,11,12,107.46,1381
Bài 10 - Xếp hạng seller theo tổng doanh thu và số lượng đơn hàng,dbec9a0a7efeff029d4d9dce7dc4cc95,1288.59,3,3,429.53,1382
Bài 10 - Xếp hạng seller theo tổng doanh thu và số lượng đơn hàng,3dbbce181edfaa4a597ec858c382d2ec,1288.57,17,20,64.43,1383
Bài 10 - Xếp hạng seller theo tổng doanh thu và số lượng đơn hàng,432c67955c0acd1fd6b0b5d678766a71,1288.41,3,3,429.47,1384
Bài 10 - Xếp hạng seller theo tổng doanh thu và số lượng đơn hàng,577719699805dd125d5b6fdde5943bba,1287.36,8,8,160.92,1385
Bài 10 - Xếp hạng seller theo tổng doanh thu và số lượng đơn hàng,5fd924b4836098a5be0ecf81ba054ce0,1284.34,7,8,160.54,1386
Bài 10 - Xếp hạng seller theo tổng doanh thu và số lượng đơn hàng,734def04b237117a09321dd6d8f3f2a2,1281.23,2,2,640.62,1387
Bài 10 - Xếp hạng seller theo tổng doanh thu và số lượng đơn hàng,4a1f694197d05fe70026b016a7316b41,1278.75,14,23,55.6,1388
Bài 10 - Xếp hạng seller theo tổng doanh thu và số lượng đơn hàng,e84ad2127668df3aafc6b73531a0beb8,1273.73,19,23,55.38,1389
Bài 10 - Xếp hạng seller theo tổng doanh thu và số lượng đơn hàng,de9727ca376d1be6ec121b110aa7954c,1270.09,10,12,105.84,1390
Bài 10 - Xếp hạng seller theo tổng doanh thu và số lượng đơn hàng,9bc484c87d79cd4874e05ca182658045,1269.87,9,9,141.1,1391
Bài 10 - Xếp hạng seller theo tổng doanh thu và số lượng đơn hàng,c8e135e7b21ecbc36c1153a29d2f5a06,1267.48,7,7,181.07,1392
Bài 10 - Xếp hạng seller theo tổng doanh thu và số lượng đơn hàng,596849622429351f47b32e6cae1055ff,1265.19,14,14,90.37,1393
Bài 10 - Xếp hạng seller theo tổng doanh thu và số lượng đơn hàng,9c4d31c7e46ab03a43fc06e3142afd4e,1262.72,2,2,631.36,1394
Bài 10 - Xếp hạng seller theo tổng doanh thu và số lượng đơn hàng,04fdea0c111866e6cf812f1570d6b5bd,1261.95,10,10,126.2,1395
Bài 10 - Xếp hạng seller theo tổng doanh thu và số lượng đơn hàng,327b89b872c14d1c0be7235ef4871685,1258.8,3,3,419.6,1396
Bài 10 - Xếp hạng seller theo tổng doanh thu và số lượng đơn hàng,6c6cc59a5c00cacc5054ca06d65cc282,1255.71,1,1,1255.71,1397
Bài 10 - Xếp hạng seller theo tổng doanh thu và số lượng đơn hàng,1b65c144b17e607c0f37f10bb7dfec8d,1254.35,5,5,250.87,1398
Bài 10 - Xếp hạng seller theo tổng doanh thu và số lượng đơn hàng,03a2a6dcbe45d639c4dc2a0d24769c40,1250.66,9,9,138.96,1399
Bài 10 - Xếp hạng seller theo tổng doanh thu và số lượng đơn hàng,7238f877570096ae403c51898fa64566,1249.52,3,3,416.51,1400
Bài 10 - Xếp hạng seller theo tổng doanh thu và số lượng đơn hàng,980640c45d7a4635885491d077167e4d,1246.66,14,14,89.05,1401
Bài 10 - Xếp hạng seller theo tổng doanh thu và số lượng đơn hàng,76c47a299e4a8fe992316a85865acbe9,1246.34,6,10,124.63,1402
Bài 10 - Xếp hạng seller theo tổng doanh thu và số lượng đơn hàng,457fe919b032a3f7dadba6fb92cf7855,1246.11,9,12,103.84,1403
Bài 10 - Xếp hạng seller theo tổng doanh thu và số lượng đơn hàng,226b05fe067266c59c15dae208213d06,1245.58,10,11,113.23,1404
Bài 10 - Xếp hạng seller theo tổng doanh thu và số lượng đơn hàng,83645b1645cdee8953ee54c29ceed564,1245.1,14,14,88.94,1405
Bài 10 - Xếp hạng seller theo tổng doanh thu và số lượng đơn hàng,26785a546900236d66f2e4197c211158,1244.65,15,15,82.98,1406
Bài 10 - Xếp hạng seller theo tổng doanh thu và số lượng đơn hàng,8fbd63429be6d3e5e6d1a709b6464802,1240.97,6,8,155.12,1407
Bài 10 - Xếp hạng seller theo tổng doanh thu và số lượng đơn hàng,a20d8058c866dbaeca014d2cd20ac62e,1238.9,2,2,619.45,1408
Bài 10 - Xếp hạng seller theo tổng doanh thu và số lượng đơn hàng,41da412d33e8da4f22baf55cb1bde82c,1237.06,15,21,58.91,1409
Bài 10 - Xếp hạng seller theo tổng doanh thu và số lượng đơn hàng,08d2d642cf72b622b14dde1d2f5eb2f5,1235.26,17,21,58.82,1410
Bài 10 - Xếp hạng seller theo tổng doanh thu và số lượng đơn hàng,5b664594895aefb418afaee6d40a9a23,1235.18,16,22,56.14,1411
Bài 10 - Xếp hạng seller theo tổng doanh thu và số lượng đơn hàng,343e716476e3748b069f980efbaa294e,1234.7,17,24,51.45,1412
Bài 10 - Xếp hạng seller theo tổng doanh thu và số lượng đơn hàng,71dc18fd8cbf5fd77f45dd8b427abb34,1229.4,4,9,136.6,1413
Bài 10 - Xếp hạng seller theo tổng doanh thu và số lượng đơn hàng,4b39558c138930b9e5489c93b6df5fe3,1229.1,4,5,245.82,1414
Bài 10 - Xếp hạng seller theo tổng doanh thu và số lượng đơn hàng,6a8a889bde935bafa76d7848782dfaf9,1228.62,26,30,40.95,1415
Bài 10 - Xếp hạng seller theo tổng doanh thu và số lượng đơn hàng,1d2732ef8321502ee8488e8bed1ab8cd,1228.18,4,5,245.64,1416
Bài 10 - Xếp hạng seller theo tổng doanh thu và số lượng đơn hàng,f0563bacf40c311f1c4d3d6b67b8a7a7,1227.78,1,1,1227.78,1417
Bài 10 - Xếp hạng seller theo tổng doanh thu và số lượng đơn hàng,1710c3aaa9c6b44ec3883ee0fe300e21,1226.55,2,2,613.28,1418
Bài 10 - Xếp hạng seller theo tổng doanh thu và số lượng đơn hàng,fb3cfbc8a86f5d7fbb4d36b8df63f60d,1225.06,10,15,81.67,1419
Bài 10 - Xếp hạng seller theo tổng doanh thu và số lượng đơn hàng,3c3017960b2dbd72711a61f0400aab8f,1222.89,10,10,122.29,1420
Bài 10 - Xếp hạng seller theo tổng doanh thu và số lượng đơn hàng,4200ddf1967c5e41e48db62bc6d4b5ac,1222.73,22,42,29.11,1421
Bài 10 - Xếp hạng seller theo tổng doanh thu và số lượng đơn hàng,3d4b1ae7539303b5704493798893e82c,1221.69,6,9,135.74,1422
Bài 10 - Xếp hạng seller theo tổng doanh thu và số lượng đơn hàng,9261d76c62caaf0b24677c2ceb7f8f20,1216.24,6,7,173.75,1423
Bài 10 - Xếp hạng seller theo tổng doanh thu và số lượng đơn hàng,fe87f472055fbcf1d7e691c00b1560dc,1215.96,6,6,202.66,1424
Bài 10 - Xếp hạng seller theo tổng doanh thu và số lượng đơn hàng,3d4824f20035949c710eaf111f869d39,1214.58,9,10,121.46,1425
Bài 10 - Xếp hạng seller theo tổng doanh thu và số lượng đơn hàng,b2eecf5ea250510da76590ca79d60e5d,1213.15,9,11,110.29,1426
Bài 10 - Xếp hạng seller theo tổng doanh thu và số lượng đơn hàng,bf00385a5f7fc1ef39a13c2e9ee50a5f,1213.03,29,29,41.83,1427
Bài 10 - Xếp hạng seller theo tổng doanh thu và số lượng đơn hàng,713e3a23ca5e47786eb6f0d99f94cfac,1213.03,4,4,303.26,1428
Bài 10 - Xếp hạng seller theo tổng doanh thu và số lượng đơn hàng,18e694e0e48ed6f7aa3f24aade5fd697,1205.77,31,34,35.46,1429
Bài 10 - Xếp hạng seller theo tổng doanh thu và số lượng đơn hàng,e250d617a0ad591ba9bd663e584a895d,1204.91,8,20,60.25,1430
Bài 10 - Xếp hạng seller theo tổng doanh thu và số lượng đơn hàng,2d42ebcda99fd55f6f4bc2f1ca035d50,1203.97,10,11,109.45,1431
Bài 10 - Xếp hạng seller theo tổng doanh thu và số lượng đơn hàng,10089e9f2fd0c668a8fd4e52e1698888,1199.31,3,3,399.77,1432
Bài 10 - Xếp hạng seller theo tổng doanh thu và số lượng đơn hàng,10076e5788b8ee532724bcd460baf762,1198.78,23,26,46.11,1433
Bài 10 - Xếp hạng seller theo tổng doanh thu và số lượng đơn hàng,c03121937e54a93fcc1825c3098bbb6e,1197.94,7,7,171.13,1434
Bài 10 - Xếp hạng seller theo tổng doanh thu và số lượng đơn hàng,48328ec9a579151d9cc6a86d4a59336c,1196.78,1,1,1196.78,1435
Bài 10 - Xếp hạng seller theo tổng doanh thu và số lượng đơn hàng,9485a23c0430ba1d58d359391606fce6,1195.15,5,5,239.03,1436
Bài 10 - Xếp hạng seller theo tổng doanh thu và số lượng đơn hàng,365e445f796710c3431557e85caa25db,1194.3,4,5,238.86,1437
Bài 10 - Xếp hạng seller theo tổng doanh thu và số lượng đơn hàng,557f22c76691849db52d2abccf0015d0,1192.56,13,14,85.18,1438
Bài 10 - Xếp hạng seller theo tổng doanh thu và số lượng đơn hàng,28f10b1c5e5abb9d4857745bede6147c,1185.42,28,28,42.34,1439
Bài 10 - Xếp hạng seller theo tổng doanh thu và số lượng đơn hàng,eb72802c83dc7547529c9546d1a9b8ef,1181.63,8,8,147.7,1440
Bài 10 - Xếp hạng seller theo tổng doanh thu và số lượng đơn hàng,167fd940acebc789debd6eb418c46e38,1178.48,5,5,235.7,1441
Bài 10 - Xếp hạng seller theo tổng doanh thu và số lượng đơn hàng,3d5d0dc7073a299e31fa718ce1bc00b6,1178.13,23,24,49.09,1442
Bài 10 - Xếp hạng seller theo tổng doanh thu và số lượng đơn hàng,8f2b51a30523cdecddc2f179f351c7d6,1176.23,7,8,147.03,1443
Bài 10 - Xếp hạng seller theo tổng doanh thu và số lượng đơn hàng,e21a1e8be4715b0fcfd5385643bc49c4,1175.89,21,24,49.0,1444
Bài 10 - Xếp hạng seller theo tổng doanh thu và số lượng đơn hàng,51e4e89242cbb846c2deff3dc015650e,1175.75,16,16,73.48,1445
Bài 10 - Xếp hạng seller theo tổng doanh thu và số lượng đơn hàng,39f776d2974049026ff531fc42ef2a3e,1174.41,3,4,293.6,1446
Bài 10 - Xếp hạng seller theo tổng doanh thu và số lượng đơn hàng,edd066cd02126d7800f9b66e980e9931,1173.93,6,6,195.65,1447
Bài 10 - Xếp hạng seller theo tổng doanh thu và số lượng đơn hàng,7df1fc11cc5cbc518b39faa60cf5d67c,1171.96,5,5,234.39,1448
Bài 10 - Xếp hạng seller theo tổng doanh thu và số lượng đơn hàng,05730013efda596306417c3b09302475,1168.67,4,4,292.17,1449
Bài 10 - Xếp hạng seller theo tổng doanh thu và số lượng đơn hàng,e58a5b390e28abc0b216cfb0e07d27d7,1167.23,7,7,166.75,1450
Bài 10 - Xếp hạng seller theo tổng doanh thu và số lượng đơn hàng,55dedd83e501d8248880557d9073cbfd,1166.09,8,9,129.57,1451
Bài 10 - Xếp hạng seller theo tổng doanh thu và số lượng đơn hàng,d66c11a9572221d92fbb8c4897db5f9b,1164.38,16,16,72.77,1452
Bài 10 - Xếp hạng seller theo tổng doanh thu và số lượng đơn hàng,8b655f0855926bcb49f5835d38dfddf6,1162.81,5,5,232.56,1453
Bài 10 - Xếp hạng seller theo tổng doanh thu và số lượng đơn hàng,82cb9f452fe8334df74b22d37824b431,1155.26,14,18,64.18,1454
Bài 10 - Xếp hạng seller theo tổng doanh thu và số lượng đơn hàng,515d781150feed28a6ac091bb0e3cb8c,1154.72,6,6,192.45,1455
Bài 10 - Xếp hạng seller theo tổng doanh thu và số lượng đơn hàng,278b6e0b20c4f61fefaa0577943d7a35,1152.62,1,2,576.31,1456
Bài 10 - Xếp hạng seller theo tổng doanh thu và số lượng đơn hàng,db46ca7bce82b11f7e247539271fc390,1149.86,16,16,71.87,1457
Bài 10 - Xếp hạng seller theo tổng doanh thu và số lượng đơn hàng,e1dc0754bada9ee4cfe9713f22f61292,1149.78,12,12,95.82,1458
Bài 10 - Xếp hạng seller theo tổng doanh thu và số lượng đơn hàng,05a940b4ecae36cadfd8e93bd9c43257,1148.94,10,10,114.89,1459
Bài 10 - Xếp hạng seller theo tổng doanh thu và số lượng đơn hàng,f8201cab383e484733266d1906e2fdfa,1144.83,10,10,114.48,1460
Bài 10 - Xếp hạng seller theo tổng doanh thu và số lượng đơn hàng,70849ca4f400aaabb62cb7462a6f1428,1143.24,12,12,95.27,1461
Bài 10 - Xếp hạng seller theo tổng doanh thu và số lượng đơn hàng,1bc2e21de46adfea6b98cc96b00f3b40,1142.55,3,5,228.51,1462
Bài 10 - Xếp hạng seller theo tổng doanh thu và số lượng đơn hàng,c54679b132454625907c773d273d4126,1139.93,7,8,142.49,1463
Bài 10 - Xếp hạng seller theo tổng doanh thu và số lượng đơn hàng,c4fabeea6e569d42d02993bb1f4f1cbc,1136.52,11,11,103.32,1464
Bài 10 - Xếp hạng seller theo tổng doanh thu và số lượng đơn hàng,33cbbec1e7e1044aaf11d152172c776f,1129.5,15,16,70.59,1465
Bài 10 - Xếp hạng seller theo tổng doanh thu và số lượng đơn hàng,07017df32dc5f2f1d2801e579548d620,1128.24,8,9,125.36,1466
Bài 10 - Xếp hạng seller theo tổng doanh thu và số lượng đơn hàng,2379bdc3888025689a9deb7b141507d5,1125.61,9,9,125.07,1467
Bài 10 - Xếp hạng seller theo tổng doanh thu và số lượng đơn hàng,6cf476a4ca74498db55cbccdaa9dcfb6,1125.5,6,7,160.79,1468
Bài 10 - Xếp hạng seller theo tổng doanh thu và số lượng đơn hàng,633ecdf879b94b5337cca303328e4a25,1125.49,6,6,187.58,1469
Bài 10 - Xếp hạng seller theo tổng doanh thu và số lượng đơn hàng,d1582f4043306e6b91afa6a8a884f898,1121.92,9,9,124.66,1470
Bài 10 - Xếp hạng seller theo tổng doanh thu và số lượng đơn hàng,daf565f087a52def0fd5c5825b3661bc,1121.83,9,9,124.65,1471
Bài 10 - Xếp hạng seller theo tổng doanh thu và số lượng đơn hàng,9c690ceacd5c66731bf443ea810195cb,1121.02,10,12,93.42,1472
Bài 10 - Xếp hạng seller theo tổng doanh thu và số lượng đơn hàng,ddd51ae8cda92f3995a51fc0f0f3eec7,1119.62,8,25,44.78,1473
Bài 10 - Xếp hạng seller theo tổng doanh thu và số lượng đơn hàng,a2deecd5398f5df4987110c80a1972a3,1119.53,16,16,69.97,1474
Bài 10 - Xếp hạng seller theo tổng doanh thu và số lượng đơn hàng,7aa538dd6e114e503a2e6154ea352253,1118.6,5,5,223.72,1475
Bài 10 - Xếp hạng seller theo tổng doanh thu và số lượng đơn hàng,9198786624eaeb375793215cad26cfa6,1118.37,9,10,111.84,1476
Bài 10 - Xếp hạng seller theo tổng doanh thu và số lượng đơn hàng,bfd938b22bc99bce1ae60dc602889f52,1118.26,6,12,93.19,1477
Bài 10 - Xếp hạng seller theo tổng doanh thu và số lượng đơn hàng,e0eabded302882513ced4ea3eb0c7059,1117.19,8,8,139.65,1478
Bài 10 - Xếp hạng seller theo tổng doanh thu và số lượng đơn hàng,7ecef8194babfec876ca720714327841,1114.26,7,8,139.28,1479
Bài 10 - Xếp hạng seller theo tổng doanh thu và số lượng đơn hàng,d9442042130b7fe579d1295f9f4a248f,1111.04,19,22,50.5,1480
Bài 10 - Xếp hạng seller theo tổng doanh thu và số lượng đơn hàng,41c9d3997dd3c072c31139dc5bb5761f,1110.54,3,3,370.18,1481
Bài 10 - Xếp hạng seller theo tổng doanh thu và số lượng đơn hàng,b45d7ebfb7378630f1bcd74b6ff86ff7,1110.01,5,5,222.0,1482
Bài 10 - Xếp hạng seller theo tổng doanh thu và số lượng đơn hàng,7994081388d55b9cf976c050653dd359,1109.65,2,6,184.94,1483
Bài 10 - Xếp hạng seller theo tổng doanh thu và số lượng đơn hàng,670a9dda115b5a88b18cfadee8de2332,1101.99,11,11,100.18,1484
Bài 10 - Xếp hạng seller theo tổng doanh thu và số lượng đơn hàng,f0e103c63864d5405b958d984b6e94c9,1101.41,11,11,100.13,1485
Bài 10 - Xếp hạng seller theo tổng doanh thu và số lượng đơn hàng,91543f9849d68d023e17194926598543,1100.57,4,6,183.43,1486
Bài 10 - Xếp hạng seller theo tổng doanh thu và số lượng đơn hàng,7a9c12e235c36247c3c81f50d6ea9cea,1099.59,5,5,219.92,1487
Bài 10 - Xếp hạng seller theo tổng doanh thu và số lượng đơn hàng,7d7d2b7a51328016102d4528c411d630,1098.85,7,7,156.98,1488
Bài 10 - Xếp hạng seller theo tổng doanh thu và số lượng đơn hàng,6025c79c035c3d772133b8b8238463b2,1098.33,2,4,274.58,1489
Bài 10 - Xếp hạng seller theo tổng doanh thu và số lượng đơn hàng,17adeba047385fb0c67d8e90b4296d21,1097.31,1,3,365.77,1490
Bài 10 - Xếp hạng seller theo tổng doanh thu và số lượng đơn hàng,ffad1e7127fb622cb64a900751590acd,1090.83,10,15,72.72,1491
Bài 10 - Xếp hạng seller theo tổng doanh thu và số lượng đơn hàng,b7d5b4b87af9d42b601865d3f3810bff,1090.02,2,2,545.01,1492
Bài 10 - Xếp hạng seller theo tổng doanh thu và số lượng đơn hàng,4221a7df464f1fe2955934e30ff3a5a1,1089.04,5,5,217.81,1493
Bài 10 - Xếp hạng seller theo tổng doanh thu và số lượng đơn hàng,ef9952469137ff190bacafe117f51537,1086.6,5,5,217.32,1494
Bài 10 - Xếp hạng seller theo tổng doanh thu và số lượng đơn hàng,a13aaf2d2886ab9fb30fb9a920160b8f,1085.83,4,4,271.46,1495
Bài 10 - Xếp hạng seller theo tổng doanh thu và số lượng đơn hàng,a0d7fbb07bb5ebc3b05980e750db56f3,1085.18,3,4,271.3,1496
Bài 10 - Xếp hạng seller theo tổng doanh thu và số lượng đơn hàng,1f867308a0ce13133a4e639ff4de0c02,1084.92,7,13,83.46,1497
Bài 10 - Xếp hạng seller theo tổng doanh thu và số lượng đơn hàng,8e670472e453ba34a379331513d6aab1,1083.96,1,1,1083.96,1498
Bài 10 - Xếp hạng seller theo tổng doanh thu và số lượng đơn hàng,77dcbb67ccb3659bd58eaf5661560a30,1082.56,2,2,541.28,1499
Bài 10 - Xếp hạng seller theo tổng doanh thu và số lượng đơn hàng,3d621842b2ed28e2b474132480edac3c,1080.7,10,10,108.07,1500
Bài 10 - Xếp hạng seller theo tổng doanh thu và số lượng đơn hàng,cb4a705d00e100b9732d0ca34817d441,1080.56,1,2,540.28,1501
Bài 10 - Xếp hạng seller theo tổng doanh thu và số lượng đơn hàng,8602a61d680a10a82cceeeda0d99ea3d,1079.9,17,19,56.84,1502
Bài 10 - Xếp hạng seller theo tổng doanh thu và số lượng đơn hàng,010da0602d7774602cd1b3f5fb7b709e,1079.75,1,5,215.95,1503
Bài 10 - Xếp hạng seller theo tổng doanh thu và số lượng đơn hàng,dc7192adf8ba09569261f4a8d576afe0,1078.43,7,8,134.8,1504
Bài 10 - Xếp hạng seller theo tổng doanh thu và số lượng đơn hàng,5a05a16bb50629ee31afab8a6d4c2674,1075.48,14,15,71.7,1505
Bài 10 - Xếp hạng seller theo tổng doanh thu và số lượng đơn hàng,79a679c36c08d606b3fd47ead9de109b,1072.22,3,7,153.17,1506
Bài 10 - Xếp hạng seller theo tổng doanh thu và số lượng đơn hàng,68f86ba270525243e68ae74044f992b9,1071.31,11,12,89.28,1507
Bài 10 - Xếp hạng seller theo tổng doanh thu và số lượng đơn hàng,4f1f1c8666cdb6442f775c4e8caed465,1070.39,2,2,535.2,1508
Bài 10 - Xếp hạng seller theo tổng doanh thu và số lượng đơn hàng,ae45df84722b1d15c5f32b23a095746c,1065.49,9,12,88.79,1509
Bài 10 - Xếp hạng seller theo tổng doanh thu và số lượng đơn hàng,13511db12ac61e2f89c53b72a944a60b,1063.97,6,6,177.33,1510
Bài 10 - Xếp hạng seller theo tổng doanh thu và số lượng đơn hàng,e644cbadf7eeb30d0d29f335ce7d52ec,1063.59,8,10,106.36,1511
Bài 10 - Xếp hạng seller theo tổng doanh thu và số lượng đơn hàng,c37b2059d4f90d4feead554e5246565e,1061.28,12,16,66.33,1512
Bài 10 - Xếp hạng seller theo tổng doanh thu và số lượng đơn hàng,9d681c7e12db302cb261e721040dde65,1058.68,13,14,75.62,1513
Bài 10 - Xếp hạng seller theo tổng doanh thu và số lượng đơn hàng,8a43128d7f9a3db592b866e6861a6cce,1058.49,3,4,264.62,1514
Bài 10 - Xếp hạng seller theo tổng doanh thu và số lượng đơn hàng,6b9b80d53ba3676eafe60268a810b5a1,1055.66,10,10,105.57,1515
Bài 10 - Xếp hạng seller theo tổng doanh thu và số lượng đơn hàng,80f2cf9abf6b5a0e5c612b5eea6646e6,1054.78,7,7,150.68,1516
Bài 10 - Xếp hạng seller theo tổng doanh thu và số lượng đơn hàng,6e4f5ff6b086632ba8dcb558fb10249e,1053.25,5,5,210.65,1517
Bài 10 - Xếp hạng seller theo tổng doanh thu và số lượng đơn hàng,b81e3a6c866a764974fe849821abeebd,1053.01,8,11,95.73,1518
Bài 10 - Xếp hạng seller theo tổng doanh thu và số lượng đơn hàng,1bb3812d5f0747a3ab7348f199001a10,1049.57,9,9,116.62,1519
Bài 10 - Xếp hạng seller theo tổng doanh thu và số lượng đơn hàng,74636e24f01da9268b0ed88dacd8513e,1048.61,4,4,262.15,1520
Bài 10 - Xếp hạng seller theo tổng doanh thu và số lượng đơn hàng,e3a386fc36e22064434e1fa256f6a9fa,1047.15,16,17,61.6,1521
Bài 10 - Xếp hạng seller theo tổng doanh thu và số lượng đơn hàng,dff87e4de60c9736ce8df835951b09bc,1043.43,2,2,521.72,1522
Bài 10 - Xếp hạng seller theo tổng doanh thu và số lượng đơn hàng,a67780aba9dd436e7ac0aa1f889e73ec,1041.04,6,6,173.51,1523
Bài 10 - Xếp hạng seller theo tổng doanh thu và số lượng đơn hàng,9e9b539eb2806acee3f5c28085c1db9f,1039.47,3,3,346.49,1524
Bài 10 - Xếp hạng seller theo tổng doanh thu và số lượng đơn hàng,28872dc528e978a639754bc8c2ce5a4c,1038.9,1,1,1038.9,1525
Bài 10 - Xếp hạng seller theo tổng doanh thu và số lượng đơn hàng,caa9bc43a9fe8cf9c564ddd8a03cc4a6,1037.74,13,14,74.12,1526
Bài 10 - Xếp hạng seller theo tổng doanh thu và số lượng đơn hàng,ab3e0c171fe84a7ba7de130f19cfb485,1035.7,7,10,103.57,1527
Bài 10 - Xếp hạng seller theo tổng doanh thu và số lượng đơn hàng,e8dba4d70f7f2b20e775d09cae01142d,1032.39,9,9,114.71,1528
Bài 10 - Xếp hạng seller theo tổng doanh thu và số lượng đơn hàng,d8cf3b6a2151949f930d0252b180ec42,1030.18,6,19,54.22,1529
Bài 10 - Xếp hạng seller theo tổng doanh thu và số lượng đơn hàng,0791d9fc1e30678ecf03d3e55fa108d3,1028.99,5,11,93.54,1530
Bài 10 - Xếp hạng seller theo tổng doanh thu và số lượng đơn hàng,48985c61529077fa4f1e38bcff0f2ed3,1027.37,7,7,146.77,1531
Bài 10 - Xếp hạng seller theo tổng doanh thu và số lượng đơn hàng,a99504ac23ed125aaf5302af6cc30af9,1025.24,1,1,1025.24,1532
Bài 10 - Xếp hạng seller theo tổng doanh thu và số lượng đơn hàng,0ff83046c3fa22efee8ecf291888b191,1023.38,10,11,93.03,1533
Bài 10 - Xếp hạng seller theo tổng doanh thu và số lượng đơn hàng,4ef4c39cf3c24f326434cf0b2e48046a,1017.17,8,9,113.02,1534
Bài 10 - Xếp hạng seller theo tổng doanh thu và số lượng đơn hàng,63a79f5a7eb5cb48a7e5787b141c7993,1015.93,11,11,92.36,1535
Bài 10 - Xếp hạng seller theo tổng doanh thu và số lượng đơn hàng,3f9c56764fabca627406093dcb3ef0b4,1014.95,7,7,144.99,1536
Bài 10 - Xếp hạng seller theo tổng doanh thu và số lượng đơn hàng,808d4348b916efa08e766ebad39f61eb,1014.92,21,21,48.33,1537
Bài 10 - Xếp hạng seller theo tổng doanh thu và số lượng đơn hàng,cac63f48c38cd7d002a7e846dcd99a23,1014.62,10,10,101.46,1538
Bài 10 - Xếp hạng seller theo tổng doanh thu và số lượng đơn hàng,528bcf6680c36dddf07620bd35b33a6f,1013.84,2,2,506.92,1539
Bài 10 - Xếp hạng seller theo tổng doanh thu và số lượng đơn hàng,bd4431c1a8dfa744b59e1e2a8bc99b9e,1013.59,7,7,144.8,1540
Bài 10 - Xếp hạng seller theo tổng doanh thu và số lượng đơn hàng,cb6c9f5888a7a090c75beaf615925792,1008.97,11,11,91.72,1541
Bài 10 - Xếp hạng seller theo tổng doanh thu và số lượng đơn hàng,1cbd50a8c52e6cf8e315c5709fab386f,1006.66,9,9,111.85,1542
Bài 10 - Xếp hạng seller theo tổng doanh thu và số lượng đơn hàng,134a288e7de827ec5ec62e3ec9c3a295,1004.0,9,9,111.56,1543
Bài 10 - Xếp hạng seller theo tổng doanh thu và số lượng đơn hàng,f783a638e9c6af4a7d0dbfde811e7a81,1002.9,5,5,200.58,1544
Bài 10 - Xếp hạng seller theo tổng doanh thu và số lượng đơn hàng,c6a7539d424a8402232c2228d7a03c5e,1001.32,10,15,66.75,1545
Bài 10 - Xếp hạng seller theo tổng doanh thu và số lượng đơn hàng,d4f117125b59ce73c3302f88ee40c458,998.61,17,17,58.74,1546
Bài 10 - Xếp hạng seller theo tổng doanh thu và số lượng đơn hàng,eddd1991bd6d9309995a480c39b95137,998.41,3,3,332.8,1547
Bài 10 - Xếp hạng seller theo tổng doanh thu và số lượng đơn hàng,e51f22821f0c12a16ad5c020cdcd55e9,996.84,4,4,249.21,1548
Bài 10 - Xếp hạng seller theo tổng doanh thu và số lượng đơn hàng,340636a908b13bbe0f4fb63fbe1d0c03,993.15,5,6,165.53,1549
Bài 10 - Xếp hạng seller theo tổng doanh thu và số lượng đơn hàng,fe1b067411b8c5066e962aa146ccee03,990.88,8,8,123.86,1550
Bài 10 - Xếp hạng seller theo tổng doanh thu và số lượng đơn hàng,0aa2205ca24f113f4658a5c536667426,988.1,4,11,89.83,1551
Bài 10 - Xếp hạng seller theo tổng doanh thu và số lượng đơn hàng,69b5eaa096c3f9d1e5c398c597f567d6,987.02,2,2,493.51,1552
Bài 10 - Xếp hạng seller theo tổng doanh thu và số lượng đơn hàng,d9e7e7778b32987280a6f2cb9a39c57d,986.39,11,13,75.88,1553
Bài 10 - Xếp hạng seller theo tổng doanh thu và số lượng đơn hàng,6f83d9e4da896daae20b9b6b2d3ff8d2,985.04,11,11,89.55,1554
Bài 10 - Xếp hạng seller theo tổng doanh thu và số lượng đơn hàng,b19c48688808720822399ffa9f2dbe2f,984.81,1,1,984.81,1555
Bài 10 - Xếp hạng seller theo tổng doanh thu và số lượng đơn hàng,da6a60cc8cc724fe51be021ff8be779c,984.58,12,13,75.74,1556
Bài 10 - Xếp hạng seller theo tổng doanh thu và số lượng đơn hàng,39c763cca83e654764b7a4a650fb9b7c,984.21,11,11,89.47,1557
Bài 10 - Xếp hạng seller theo tổng doanh thu và số lượng đơn hàng,160e4f13fd3a64b1b86807be88b5ffb0,980.45,4,4,245.11,1558
Bài 10 - Xếp hạng seller theo tổng doanh thu và số lượng đơn hàng,e9729944ba65dc3ce425e0c5a22ae7b2,978.43,4,4,244.61,1559
Bài 10 - Xếp hạng seller theo tổng doanh thu và số lượng đơn hàng,297d5eccd19fa9a83b2630071ff105e4,976.73,8,8,122.09,1560
Bài 10 - Xếp hạng seller theo tổng doanh thu và số lượng đơn hàng,5c3460cd3e8a984382ae254e7dd20d9f,974.3,9,10,97.43,1561
Bài 10 - Xếp hạng seller theo tổng doanh thu và số lượng đơn hàng,ca77545ca4d2dfd1431bf61334e2fa3c,973.71,6,10,97.37,1562
Bài 10 - Xếp hạng seller theo tổng doanh thu và số lượng đơn hàng,efff9341f3f8f5237b44ff67ed36a7bf,972.65,5,5,194.53,1563
Bài 10 - Xếp hạng seller theo tổng doanh thu và số lượng đơn hàng,41c2bad7229b0c25e6becf179ebf63ff,971.92,20,23,42.26,1564
Bài 10 - Xếp hạng seller theo tổng doanh thu và số lượng đơn hàng,ac6417315ae5da8f9a38ee11de6f7780,971.43,8,8,121.43,1565
Bài 10 - Xếp hạng seller theo tổng doanh thu và số lượng đơn hàng,c8025364abeecb115431bf95c11a747f,971.28,2,2,485.64,1566
Bài 10 - Xếp hạng seller theo tổng doanh thu và số lượng đơn hàng,c89cf7c468a48af70aada384e722f9e2,971.01,14,14,69.36,1567
Bài 10 - Xếp hạng seller theo tổng doanh thu và số lượng đơn hàng,8d46553a36e68f95350a200c12f8f2e2,969.6,13,16,60.6,1568
Bài 10 - Xếp hạng seller theo tổng doanh thu và số lượng đơn hàng,562f8cfc51f265411f487d07e9c40e7f,966.25,13,13,74.33,1569
Bài 10 - Xếp hạng seller theo tổng doanh thu và số lượng đơn hàng,e8a85b5f3df47be0984c55fd4064dbb4,965.99,8,14,69.0,1570
Bài 10 - Xếp hạng seller theo tổng doanh thu và số lượng đơn hàng,d0d70d21e2234dd7cd3cf63fe414148a,964.99,8,9,107.22,1571
Bài 10 - Xếp hạng seller theo tổng doanh thu và số lượng đơn hàng,b2c97074649f92197d9387d9033dda5f,964.08,10,11,87.64,1572
Bài 10 - Xếp hạng seller theo tổng doanh thu và số lượng đơn hàng,87d3c3aeb3ead335511b3ce315eb341e,963.06,15,15,64.2,1573
Bài 10 - Xếp hạng seller theo tổng doanh thu và số lượng đơn hàng,40536e7ca18e1bce252828e5876466cc,963.0,2,4,240.75,1574
Bài 10 - Xếp hạng seller theo tổng doanh thu và số lượng đơn hàng,ba5daa4041e1f15cdf34b76e3e18a450,959.35,15,15,63.96,1575
Bài 10 - Xếp hạng seller theo tổng doanh thu và số lượng đơn hàng,0aa124728afc1131dff5655f4c6f487b,958.78,2,2,479.39,1576
Bài 10 - Xếp hạng seller theo tổng doanh thu và số lượng đơn hàng,3492e68f37fd1df87f4f2f2ea247f445,957.26,8,9,106.36,1577
Bài 10 - Xếp hạng seller theo tổng doanh thu và số lượng đơn hàng,6861de0f40cacb0602e473c51639f980,949.73,5,8,118.72,1578
Bài 10 - Xếp hạng seller theo tổng doanh thu và số lượng đơn hàng,7dc9a3355bae96dd82008b313d3a456c,949.62,1,1,949.62,1579
Bài 10 - Xếp hạng seller theo tổng doanh thu và số lượng đơn hàng,a1544b9ea0b2390e020537d4daa89049,948.53,8,8,118.57,1580
Bài 10 - Xếp hạng seller theo tổng doanh thu và số lượng đơn hàng,6d22a1fcebb6dd08c9cd90b92a93e8d0,946.43,12,13,72.8,1581
Bài 10 - Xếp hạng seller theo tổng doanh thu và số lượng đơn hàng,8a40ae794fa3f9892cee24bd5af0488b,946.26,6,6,157.71,1582
Bài 10 - Xếp hạng seller theo tổng doanh thu và số lượng đơn hàng,1961c3e1272bfeceb05d0b78b5bbfdaf,945.43,3,4,236.36,1583
Bài 10 - Xếp hạng seller theo tổng doanh thu và số lượng đơn hàng,2dd1fb6f0e42a2243b8a01e40cd41216,942.73,4,5,188.55,1584
Bài 10 - Xếp hạng seller theo tổng doanh thu và số lượng đơn hàng,a247197e2e9c19a6a53a6888cb8b660f,941.07,2,2,470.53,1585
Bài 10 - Xếp hạng seller theo tổng doanh thu và số lượng đơn hàng,e5cbe890e679490127e9a390b46bbd20,937.71,2,2,468.86,1586
Bài 10 - Xếp hạng seller theo tổng doanh thu và số lượng đơn hàng,2b03ac196f5ed62ac483960fe0fa3b65,935.19,7,7,133.6,1587
Bài 10 - Xếp hạng seller theo tổng doanh thu và số lượng đơn hàng,a72c2f59332659e361d647515c698798,933.93,5,6,155.66,1588
Bài 10 - Xếp hạng seller theo tổng doanh thu và số lượng đơn hàng,0d33a55da925bbf1ff02af5f6059fc7f,932.91,22,24,38.87,1589
Bài 10 - Xếp hạng seller theo tổng doanh thu và số lượng đơn hàng,5a413ade68e8f8d93071a7f52a64cb9e,932.67,14,14,66.62,1590
Bài 10 - Xếp hạng seller theo tổng doanh thu và số lượng đơn hàng,6e864f5c4669eff3d98140a07cc50202,932.36,13,13,71.72,1591
Bài 10 - Xếp hạng seller theo tổng doanh thu và số lượng đơn hàng,eba88037e1dca898cd02881f67ced679,931.57,6,6,155.26,1592
Bài 10 - Xếp hạng seller theo tổng doanh thu và số lượng đơn hàng,52a52b9f656520e99716f5bc40f661c8,931.22,7,8,116.4,1593
Bài 10 - Xếp hạng seller theo tổng doanh thu và số lượng đơn hàng,2c43fb513632d29b3b58df74816f1b06,930.17,3,3,310.06,1594
Bài 10 - Xếp hạng seller theo tổng doanh thu và số lượng đơn hàng,1430239a858e7682bbc43b20758af153,929.54,18,23,40.41,1595
Bài 10 - Xếp hạng seller theo tổng doanh thu và số lượng đơn hàng,e1c76f339ebd5460999f25a2aa8c92c5,928.7,1,1,928.7,1596
Bài 10 - Xếp hạng seller theo tổng doanh thu và số lượng đơn hàng,5962468f885ea01a1b6a97a218797b0a,928.04,8,9,103.12,1597
Bài 10 - Xếp hạng seller theo tổng doanh thu và số lượng đơn hàng,11eac105f3f90a9b87b19c89d91e24f3,927.83,5,5,185.57,1598
Bài 10 - Xếp hạng seller theo tổng doanh thu và số lượng đơn hàng,32e5635e63cb374eb63afdd242fb6134,927.82,1,1,927.82,1599
Bài 10 - Xếp hạng seller theo tổng doanh thu và số lượng đơn hàng,75a4764c108403a7a0575140cb22287c,927.05,5,9,103.01,1600
Bài 10 - Xếp hạng seller theo tổng doanh thu và số lượng đơn hàng,1cd9e0cc1839d55516843def5600816d,926.72,5,5,185.34,1601
Bài 10 - Xếp hạng seller theo tổng doanh thu và số lượng đơn hàng,14ee35374a7876217954b5fa08e50463,923.05,6,6,153.84,1602
Bài 10 - Xếp hạng seller theo tổng doanh thu và số lượng đơn hàng,134b867a0f7f8bbe6abf10f91874891e,922.84,1,1,922.84,1603
Bài 10 - Xếp hạng seller theo tổng doanh thu và số lượng đơn hàng,9c7fd21e0aa159b20da593371f08ff7c,921.8,7,8,115.23,1604
Bài 10 - Xếp hạng seller theo tổng doanh thu và số lượng đơn hàng,4deebb3199eeafb282ae33229144f94b,921.49,4,5,184.3,1605
Bài 10 - Xếp hạng seller theo tổng doanh thu và số lượng đơn hàng,a3b42d266fa8afc874b909422ce88582,921.24,1,6,153.54,1606
Bài 10 - Xếp hạng seller theo tổng doanh thu và số lượng đơn hàng,024b564ae893ce8e9bfa02c10a401ece,918.4,2,8,114.8,1607
Bài 10 - Xếp hạng seller theo tổng doanh thu và số lượng đơn hàng,c8cc60ffd415254af5d9b9f34f32c369,916.23,8,9,101.8,1608
Bài 10 - Xếp hạng seller theo tổng doanh thu và số lượng đơn hàng,638cba8be1fb599bbb76fd6948351eb3,913.87,17,26,35.15,1609
Bài 10 - Xếp hạng seller theo tổng doanh thu và số lượng đơn hàng,ba6b4a237f92479743cf0ca06b67a9ac,913.71,8,8,114.21,1610
Bài 10 - Xếp hạng seller theo tổng doanh thu và số lượng đơn hàng,a1bea7061f61f6fdd9a85a6325ba1033,910.88,9,9,101.21,1611
Bài 10 - Xếp hạng seller theo tổng doanh thu và số lượng đơn hàng,1099a00e0ee3a50935e6c2447ca090c5,910.83,3,3,303.61,1612
Bài 10 - Xếp hạng seller theo tổng doanh thu và số lượng đơn hàng,39d61be7a92eb77b7da367bd4845bc0e,909.62,7,14,64.97,1613
Bài 10 - Xếp hạng seller theo tổng doanh thu và số lượng đơn hàng,7c51de0ab286204ce75ff42bf7c10d92,908.64,4,4,227.16,1614
Bài 10 - Xếp hạng seller theo tổng doanh thu và số lượng đơn hàng,4c61e37f664c3c88aff092aa5ac779d7,908.17,7,8,113.52,1615
Bài 10 - Xếp hạng seller theo tổng doanh thu và số lượng đơn hàng,d29ba1220fb8634fa3a107e54497b8a4,907.86,9,9,100.87,1616
Bài 10 - Xếp hạng seller theo tổng doanh thu và số lượng đơn hàng,25be943a321c8938947bdaabca979a90,907.55,5,5,181.51,1617
Bài 10 - Xếp hạng seller theo tổng doanh thu và số lượng đơn hàng,c00396cbdd2e088fe4281baa5920aef1,905.85,1,3,301.95,1618
Bài 10 - Xếp hạng seller theo tổng doanh thu và số lượng đơn hàng,dc64d75cc406bb0697be983831430e60,905.55,4,4,226.39,1619
Bài 10 - Xếp hạng seller theo tổng doanh thu và số lượng đơn hàng,49383af7ab774e4e8f3000f49c83dc4b,902.23,8,12,75.19,1620
Bài 10 - Xếp hạng seller theo tổng doanh thu và số lượng đơn hàng,59cea8e446d3834393058e7e0666b6fb,901.14,10,10,90.11,1621
Bài 10 - Xếp hạng seller theo tổng doanh thu và số lượng đơn hàng,b16d3dadc47d4eb18be3d88bad0775ce,900.54,10,11,81.87,1622
Bài 10 - Xếp hạng seller theo tổng doanh thu và số lượng đơn hàng,28ea411b354f14b1a494be4e79f0ce02,896.93,6,6,149.49,1623
Bài 10 - Xếp hạng seller theo tổng doanh thu và số lượng đơn hàng,71271995e85f5b8530be99ed54a91b89,896.83,8,8,112.1,1624
Bài 10 - Xếp hạng seller theo tổng doanh thu và số lượng đơn hàng,365e4bce19bda0082c3d15d83fdb8bcd,895.02,6,7,127.86,1625
Bài 10 - Xếp hạng seller theo tổng doanh thu và số lượng đơn hàng,ef30892870c278497523264be1be2241,892.54,9,9,99.17,1626
Bài 10 - Xếp hạng seller theo tổng doanh thu và số lượng đơn hàng,0d4c8269e7f0401201794deef160edd6,892.03,3,4,223.01,1627
Bài 10 - Xếp hạng seller theo tổng doanh thu và số lượng đơn hàng,253f95b3a0e6983ae18aed49fbc2b845,890.94,5,5,178.19,1628
Bài 10 - Xếp hạng seller theo tổng doanh thu và số lượng đơn hàng,07de60b03d150fb3ea09eab5da5e4c8b,889.0,9,9,98.78,1629
Bài 10 - Xếp hạng seller theo tổng doanh thu và số lượng đơn hàng,312ba1d77e9c332ef21f9598b7f64cd7,888.05,9,10,88.8,1630
Bài 10 - Xếp hạng seller theo tổng doanh thu và số lượng đơn hàng,5acd070dd3fe441bbb2ec1f1ede515ee,886.37,7,8,110.8,1631
Bài 10 - Xếp hạng seller theo tổng doanh thu và số lượng đơn hàng,400f221ab83037c0ea78f1267da9624d,885.8,1,1,885.8,1632
Bài 10 - Xếp hạng seller theo tổng doanh thu và số lượng đơn hàng,5f06030071324cc52bf0304014ac7234,884.31,4,4,221.08,1633
Bài 10 - Xếp hạng seller theo tổng doanh thu và số lượng đơn hàng,fd435faa3c0422b60440ea3480d0e77c,882.87,1,1,882.87,1634
Bài 10 - Xếp hạng seller theo tổng doanh thu và số lượng đơn hàng,7a91bf945c6fae0779f1c61ce97fe45c,882.07,5,5,176.41,1635
Bài 10 - Xếp hạng seller theo tổng doanh thu và số lượng đơn hàng,5996cddab893a4652a15592fb58ab8db,880.75,1,1,880.75,1636
Bài 10 - Xếp hạng seller theo tổng doanh thu và số lượng đơn hàng,f435898e493ba0356019a0b1cb8b55b1,880.68,10,12,73.39,1637
Bài 10 - Xếp hạng seller theo tổng doanh thu và số lượng đơn hàng,cd3d09fbe6e3e9ff0c0ac0c300e93ae7,880.23,12,12,73.35,1638
Bài 10 - Xếp hạng seller theo tổng doanh thu và số lượng đơn hàng,6e1862e15f33d9994bc25922a85e1efc,879.96,8,14,62.85,1639
Bài 10 - Xếp hạng seller theo tổng doanh thu và số lượng đơn hàng,014d9a685fd57276679edd00e07089e5,876.81,11,12,73.07,1640
Bài 10 - Xếp hạng seller theo tổng doanh thu và số lượng đơn hàng,ba6ce6de456f6c11d08c17701ba5c26f,874.51,6,7,124.93,1641
Bài 10 - Xếp hạng seller theo tổng doanh thu và số lượng đơn hàng,7210cd29727d674c00741e5e387b3ccd,874.18,9,13,67.24,1642
Bài 10 - Xếp hạng seller theo tổng doanh thu và số lượng đơn hàng,b7cc6c5e001441ae8cdd5c69a480cbe4,872.3,6,6,145.38,1643
Bài 10 - Xếp hạng seller theo tổng doanh thu và số lượng đơn hàng,c7fdb77fdbff3c41981bc52f787e959e,871.88,10,12,72.66,1644
Bài 10 - Xếp hạng seller theo tổng doanh thu và số lượng đơn hàng,e560e4022d8f7aebf155db95946c5c0f,870.21,2,2,435.11,1645
Bài 10 - Xếp hạng seller theo tổng doanh thu và số lượng đơn hàng,70bf57d811208f8923b41bbd499a67a4,869.73,7,7,124.25,1646
Bài 10 - Xếp hạng seller theo tổng doanh thu và số lượng đơn hàng,f19516b9ff26bfeb091b30108db4ddbd,869.44,5,5,173.89,1647
Bài 10 - Xếp hạng seller theo tổng doanh thu và số lượng đơn hàng,c6218512d16fcac0af02fe92691cf274,868.64,8,8,108.58,1648
Bài 10 - Xếp hạng seller theo tổng doanh thu và số lượng đơn hàng,68ca56ce86830f3d31b1b7ec6a54da3e,862.96,6,6,143.83,1649
Bài 10 - Xếp hạng seller theo tổng doanh thu và số lượng đơn hàng,458c6fa920810ce2492da71bc26d9eec,862.37,2,2,431.19,1650
Bài 10 - Xếp hạng seller theo tổng doanh thu và số lượng đơn hàng,fe1bbc5feda5c8979a8a1b3b2512d5a6,862.25,9,10,86.23,1651
Bài 10 - Xếp hạng seller theo tổng doanh thu và số lượng đơn hàng,9aa388272ee334b6ae07bc73706e254a,861.46,6,7,123.07,1652
Bài 10 - Xếp hạng seller theo tổng doanh thu và số lượng đơn hàng,7bcd7c5f8631701474db233ccf1c094b,860.94,11,11,78.27,1653
Bài 10 - Xếp hạng seller theo tổng doanh thu và số lượng đơn hàng,bc503e244f187939d10c92a5c8e378ce,859.8,7,16,53.74,1654
Bài 10 - Xếp hạng seller theo tổng doanh thu và số lượng đơn hàng,aac51c486b672a9850d59f3e84b1cf88,859.57,10,13,66.12,1655
Bài 10 - Xếp hạng seller theo tổng doanh thu và số lượng đơn hàng,52956b80ae65fda598f06f6b9943e7a9,858.85,3,3,286.28,1656
Bài 10 - Xếp hạng seller theo tổng doanh thu và số lượng đơn hàng,3d68c634a99a1ba46dbca3967a69c623,857.7,2,2,428.85,1657
Bài 10 - Xếp hạng seller theo tổng doanh thu và số lượng đơn hàng,6b15924333bd1a741595fe981ea04822,854.46,21,21,40.69,1658
Bài 10 - Xếp hạng seller theo tổng doanh thu và số lượng đơn hàng,89a51f50b8095ea78d5768f34c13a76f,854.26,10,11,77.66,1659
Bài 10 - Xếp hạng seller theo tổng doanh thu và số lượng đơn hàng,bdae679a9b282249bc23b9b69dae9a99,851.98,6,12,71.0,1660
Bài 10 - Xếp hạng seller theo tổng doanh thu và số lượng đơn hàng,3969863bb8af7f72580b3b1ffd3a17b3,850.02,12,13,65.39,1661
Bài 10 - Xếp hạng seller theo tổng doanh thu và số lượng đơn hàng,4a1917ef994878940e1fb03eeb787ad7,846.62,2,3,282.21,1662
Bài 10 - Xếp hạng seller theo tổng doanh thu và số lượng đơn hàng,be8e909810184b9b19e886129149d8e5,846.08,15,15,56.41,1663
Bài 10 - Xếp hạng seller theo tổng doanh thu và số lượng đơn hàng,6bb62a4912377c7bfe7cb17b406bc7e6,845.39,4,6,140.9,1664
Bài 10 - Xếp hạng seller theo tổng doanh thu và số lượng đơn hàng,8bd0e3abda539b9479c4b44a691be1ec,845.34,7,13,65.03,1665
Bài 10 - Xếp hạng seller theo tổng doanh thu và số lượng đơn hàng,9dc79dd988ac42f4d56c340d7048420a,843.93,4,4,210.98,1666
Bài 10 - Xếp hạng seller theo tổng doanh thu và số lượng đơn hàng,da03c298e3999e9d828591fc2179d109,842.48,4,5,168.5,1667
Bài 10 - Xếp hạng seller theo tổng doanh thu và số lượng đơn hàng,21c62b998a043ebe31161d38f84929fc,841.33,4,4,210.33,1668
Bài 10 - Xếp hạng seller theo tổng doanh thu và số lượng đơn hàng,2ba91c7ad80ff88b23b7db823b43c233,840.33,6,6,140.05,1669
Bài 10 - Xếp hạng seller theo tổng doanh thu và số lượng đơn hàng,c522be04e020c1e7b79f3acff36513d5,838.3,7,7,119.76,1670
Bài 10 - Xếp hạng seller theo tổng doanh thu và số lượng đơn hàng,e73bf2cea7fe4b0b4d287a7568ed1099,837.83,4,5,167.57,1671
Bài 10 - Xếp hạng seller theo tổng doanh thu và số lượng đơn hàng,236585a4ddb5fea9fa40233e2249ed91,837.67,11,11,76.15,1672
Bài 10 - Xếp hạng seller theo tổng doanh thu và số lượng đơn hàng,851773c885feb5e2da3b4f82bc2b17ce,837.13,10,10,83.71,1673
Bài 10 - Xếp hạng seller theo tổng doanh thu và số lượng đơn hàng,7354220fb240bde543b3c40c060d41e7,837.13,7,7,119.59,1674
Bài 10 - Xếp hạng seller theo tổng doanh thu và số lượng đơn hàng,43402bdf22aa2310e8f99e2f94f78628,837.1,4,5,167.42,1675
Bài 10 - Xếp hạng seller theo tổng doanh thu và số lượng đơn hàng,5f7300535881cef3b625fd683cf7d145,836.83,10,11,76.08,1676
Bài 10 - Xếp hạng seller theo tổng doanh thu và số lượng đơn hàng,6524b847b982cd56bb5d4b02b776ee42,834.94,1,2,417.47,1677
Bài 10 - Xếp hạng seller theo tổng doanh thu và số lượng đơn hàng,ac51cac5e20d69ff485a54746488ef48,833.77,4,4,208.44,1678
Bài 10 - Xếp hạng seller theo tổng doanh thu và số lượng đơn hàng,f9eedec3129e8cc6b6429c42d0808c5b,833.15,2,2,416.58,1679
Bài 10 - Xếp hạng seller theo tổng doanh thu và số lượng đơn hàng,ba6b68b55fe8704377a7d43c8e5c0185,832.22,5,5,166.44,1680
Bài 10 - Xếp hạng seller theo tổng doanh thu và số lượng đơn hàng,2305ab43e846518f58dd9d59f3f54e96,831.26,3,3,277.09,1681
Bài 10 - Xếp hạng seller theo tổng doanh thu và số lượng đơn hàng,11742f81550ac064cc9a40f67151d9ad,831.01,2,2,415.51,1682
Bài 10 - Xếp hạng seller theo tổng doanh thu và số lượng đơn hàng,ad273c9eb54ecb4532de4bf75bae9e4e,829.75,10,11,75.43,1683
Bài 10 - Xếp hạng seller theo tổng doanh thu và số lượng đơn hàng,de09d00cfc265b8804c7df34075a68fa,827.97,3,3,275.99,1684
Bài 10 - Xếp hạng seller theo tổng doanh thu và số lượng đơn hàng,b0b346d3a89f5eb4c2968af3f083cd43,826.6,11,12,68.88,1685
Bài 10 - Xếp hạng seller theo tổng doanh thu và số lượng đơn hàng,55c26bcb609f480eb7868594245febb5,826.23,6,6,137.71,1686
Bài 10 - Xếp hạng seller theo tổng doanh thu và số lượng đơn hàng,bd1d49a326abfa9b1036772e40445430,826.2,12,13,63.55,1687
Bài 10 - Xếp hạng seller theo tổng doanh thu và số lượng đơn hàng,a56e351445e5863fc8960640ba9190c7,825.98,3,4,206.5,1688
Bài 10 - Xếp hạng seller theo tổng doanh thu và số lượng đơn hàng,94231344608e603693b0a8891143f65d,824.18,3,3,274.73,1689
Bài 10 - Xếp hạng seller theo tổng doanh thu và số lượng đơn hàng,83d7070a0b9a8b4625fa8682b819fabb,822.4,2,2,411.2,1690
Bài 10 - Xếp hạng seller theo tổng doanh thu và số lượng đơn hàng,5ef131ac72773e5b3f6c0d63cf424657,821.99,10,11,74.73,1691
Bài 10 - Xếp hạng seller theo tổng doanh thu và số lượng đơn hàng,13f57c12a00ed4610db646b913a7f5c6,821.15,7,13,63.17,1692
Bài 10 - Xếp hạng seller theo tổng doanh thu và số lượng đơn hàng,0d83f8e03188682112cc0d93523705cc,820.57,4,8,102.57,1693
Bài 10 - Xếp hạng seller theo tổng doanh thu và số lượng đơn hàng,2063dd1b9f568df1c16741ea7d3e6adb,820.27,3,3,273.42,1694
Bài 10 - Xếp hạng seller theo tổng doanh thu và số lượng đơn hàng,9535a841eecebed61a9fb1ac1cbb5597,818.33,2,2,409.17,1695
Bài 10 - Xếp hạng seller theo tổng doanh thu và số lượng đơn hàng,ed8cb7b190ceb6067227478e48cf8dde,816.21,15,17,48.01,1696
Bài 10 - Xếp hạng seller theo tổng doanh thu và số lượng đơn hàng,8e29d051f810eb22959ede205b462b9f,813.28,2,2,406.64,1697
Bài 10 - Xếp hạng seller theo tổng doanh thu và số lượng đơn hàng,191d55f7edb8524d525ed01b20fe32e8,812.8,3,3,270.93,1698
Bài 10 - Xếp hạng seller theo tổng doanh thu và số lượng đơn hàng,a254c682cc01e119f83530446f1df9a9,809.42,6,7,115.63,1699
Bài 10 - Xếp hạng seller theo tổng doanh thu và số lượng đơn hàng,38102b031c2a15e54623d711bfc753d3,809.41,9,11,73.58,1700
Bài 10 - Xếp hạng seller theo tổng doanh thu và số lượng đơn hàng,8c0de775f52fe41590b376a3b7c50f68,808.03,9,9,89.78,1701
Bài 10 - Xếp hạng seller theo tổng doanh thu và số lượng đơn hàng,0a85ebe4e328db81ac9109781205e2f7,805.65,12,12,67.14,1702
Bài 10 - Xếp hạng seller theo tổng doanh thu và số lượng đơn hàng,38e6dada03429a47197d5d584d793b41,803.05,7,12,66.92,1703
Bài 10 - Xếp hạng seller theo tổng doanh thu và số lượng đơn hàng,d79e8478eed9999493990b44955fb22e,802.61,5,5,160.52,1704
Bài 10 - Xếp hạng seller theo tổng doanh thu và số lượng đơn hàng,fac35d150712afb921ec59ac5f39bb11,800.64,5,6,133.44,1705
Bài 10 - Xếp hạng seller theo tổng doanh thu và số lượng đơn hàng,179d859f51292aac5c10806a356f7af9,800.27,18,19,42.12,1706
Bài 10 - Xếp hạng seller theo tổng doanh thu và số lượng đơn hàng,73b8eb4a9a729d4019b24ed1be748cbf,797.98,8,8,99.75,1707
Bài 10 - Xếp hạng seller theo tổng doanh thu và số lượng đơn hàng,8d899e15a5925f097cca50faa49b15e3,795.98,4,10,79.6,1708
Bài 10 - Xếp hạng seller theo tổng doanh thu và số lượng đơn hàng,8759e7aedd644f487315e5860962f162,793.34,3,3,264.45,1709
Bài 10 - Xếp hạng seller theo tổng doanh thu và số lượng đơn hàng,56db5c0782e8f7ddc9343f9576ff6d16,791.95,2,2,395.97,1710
Bài 10 - Xếp hạng seller theo tổng doanh thu và số lượng đơn hàng,2059c39f76271d4ca3f15b5ffaccc8b8,791.29,12,12,65.94,1711
Bài 10 - Xếp hạng seller theo tổng doanh thu và số lượng đơn hàng,1d29dfba02015238dfbe2449a5eaa361,789.92,12,12,65.83,1712
Bài 10 - Xếp hạng seller theo tổng doanh thu và số lượng đơn hàng,cf654707ed6a99f112c7ec3d6f314b8b,789.54,3,4,197.39,1713
Bài 10 - Xếp hạng seller theo tổng doanh thu và số lượng đơn hàng,b7ed9fb14c8eadb37adb9c45d67ab0fb,787.75,7,11,71.61,1714
Bài 10 - Xếp hạng seller theo tổng doanh thu và số lượng đơn hàng,e4ebd3f87bf70440014f07ddda7fbe03,787.26,7,7,112.47,1715
Bài 10 - Xếp hạng seller theo tổng doanh thu và số lượng đơn hàng,8c91bfea4263b8fba54081460693e2a1,785.75,2,2,392.88,1716
Bài 10 - Xếp hạng seller theo tổng doanh thu và số lượng đơn hàng,5bba18b40e8c973b0f32e748004775b0,784.8,1,1,784.8,1717
Bài 10 - Xếp hạng seller theo tổng doanh thu và số lượng đơn hàng,6824a69c9ea0313eba299dd4a2dba09a,784.08,6,7,112.01,1718
Bài 10 - Xếp hạng seller theo tổng doanh thu và số lượng đơn hàng,0b36063d5818f81ccb94b54adfaebbf5,783.0,1,15,52.2,1719
Bài 10 - Xếp hạng seller theo tổng doanh thu và số lượng đơn hàng,d558ebe531605a1285ab2b1bc3256dfb,782.23,3,3,260.74,1720
Bài 10 - Xếp hạng seller theo tổng doanh thu và số lượng đơn hàng,2aa3443d7bf9d9bb11133f420d75e083,781.12,10,10,78.11,1721
Bài 10 - Xếp hạng seller theo tổng doanh thu và số lượng đơn hàng,b4b447d715f9ab302a188fb43d3e96b3,779.66,5,5,155.93,1722
Bài 10 - Xếp hạng seller theo tổng doanh thu và số lượng đơn hàng,48fb026ed7455a42f5d3e9390ed5088e,779.14,11,11,70.83,1723
Bài 10 - Xếp hạng seller theo tổng doanh thu và số lượng đơn hàng,7b98de631987e26dd6d803490c43a13c,778.63,8,8,97.33,1724
Bài 10 - Xếp hạng seller theo tổng doanh thu và số lượng đơn hàng,d94ba08b99bedd6a5f6c875ecc4a6fac,778.27,9,10,77.83,1725
Bài 10 - Xếp hạng seller theo tổng doanh thu và số lượng đơn hàng,c447f8dd3ed213f291d65ef074a268eb,777.23,7,8,97.15,1726
Bài 10 - Xếp hạng seller theo tổng doanh thu và số lượng đơn hàng,89dda63a3c907c468ec88c310ed91213,777.13,2,2,388.57,1727
Bài 10 - Xếp hạng seller theo tổng doanh thu và số lượng đơn hàng,525e75a6fb1454a2325ab1734bcec221,777.07,10,11,70.64,1728
Bài 10 - Xếp hạng seller theo tổng doanh thu và số lượng đơn hàng,da4d149c0ddbac90557103ac0a0ec356,775.98,1,1,775.98,1729
Bài 10 - Xếp hạng seller theo tổng doanh thu và số lượng đơn hàng,c33a5c3c983090c8b78a28e65052a20d,774.16,9,9,86.02,1730
Bài 10 - Xếp hạng seller theo tổng doanh thu và số lượng đơn hàng,b64d51f0435e884e8de603b1655155ae,773.54,17,23,33.63,1731
Bài 10 - Xếp hạng seller theo tổng doanh thu và số lượng đơn hàng,54aa8463e87776b5612f4bdc4bd5d4de,772.83,7,7,110.4,1732
Bài 10 - Xếp hạng seller theo tổng doanh thu và số lượng đơn hàng,26af45f5dfd967225a832838aa4e24a3,771.61,10,11,70.15,1733
Bài 10 - Xếp hạng seller theo tổng doanh thu và số lượng đơn hàng,b0398568231ba5e6734af1881671a317,770.12,4,4,192.53,1734
Bài 10 - Xếp hạng seller theo tổng doanh thu và số lượng đơn hàng,228e4c1a0be164f613d41c24345f9d2c,769.44,5,5,153.89,1735
Bài 10 - Xếp hạng seller theo tổng doanh thu và số lượng đơn hàng,f3295428338a40977a03f555246a70f4,769.38,7,7,109.91,1736
Bài 10 - Xếp hạng seller theo tổng doanh thu và số lượng đơn hàng,8132b9bd16876e1b0f8808d43825dd48,768.94,2,3,256.31,1737
Bài 10 - Xếp hạng seller theo tổng doanh thu và số lượng đơn hàng,768a86e36ad6aae3d03ee3c6433d61df,767.7,17,17,45.16,1738
Bài 10 - Xếp hạng seller theo tổng doanh thu và số lượng đơn hàng,61c36f0fc4a47f9532e5512b66668e62,767.69,1,1,767.69,1739
Bài 10 - Xếp hạng seller theo tổng doanh thu và số lượng đơn hàng,1352e06ae67b410cdae0b2a22361167b,765.22,4,4,191.31,1740
Bài 10 - Xếp hạng seller theo tổng doanh thu và số lượng đơn hàng,9cad4b68bb993ee401a3c5aaa2bc26dd,763.33,5,7,109.05,1741
Bài 10 - Xếp hạng seller theo tổng doanh thu và số lượng đơn hàng,9d5604a1f112324ad6b2aa552122e0fb,761.98,13,17,44.82,1742
Bài 10 - Xếp hạng seller theo tổng doanh thu và số lượng đơn hàng,2fb25ab44bdbeae6a4d816e0d0c9d500,761.29,5,5,152.26,1743
Bài 10 - Xếp hạng seller theo tổng doanh thu và số lượng đơn hàng,72c38a04bd6a1c3dbc5298425a0db86d,760.65,4,5,152.13,1744
Bài 10 - Xếp hạng seller theo tổng doanh thu và số lượng đơn hàng,07d75e33f2750d97d467fb57e4dfdd8a,759.59,2,2,379.8,1745
Bài 10 - Xếp hạng seller theo tổng doanh thu và số lượng đơn hàng,299c89a525fee36c567f4fe72f038100,757.75,2,2,378.88,1746
Bài 10 - Xếp hạng seller theo tổng doanh thu và số lượng đơn hàng,01c97ebb5cdac52891c0ed1c37ba0012,756.0,9,12,63.0,1747
Bài 10 - Xếp hạng seller theo tổng doanh thu và số lượng đơn hàng,acf974e4d5950ad143a247471b831eb9,753.62,5,12,62.8,1748
Bài 10 - Xếp hạng seller theo tổng doanh thu và số lượng đơn hàng,6c99c983ce3b6ba0ab813e6790e81691,752.51,9,9,83.61,1749
Bài 10 - Xếp hạng seller theo tổng doanh thu và số lượng đơn hàng,0570350b23eda5444f8d1d9544932058,751.76,6,11,68.34,1750
Bài 10 - Xếp hạng seller theo tổng doanh thu và số lượng đơn hàng,3d3ccf2b2f8134b10dce9dd446f0e075,750.53,3,3,250.18,1751
Bài 10 - Xếp hạng seller theo tổng doanh thu và số lượng đơn hàng,6e0908ef4d4efadbc3cc2b74ea477cb0,750.28,8,11,68.21,1752
Bài 10 - Xếp hạng seller theo tổng doanh thu và số lượng đơn hàng,262237171f48e85819065498cac80d7b,749.0,4,10,74.9,1753
Bài 10 - Xếp hạng seller theo tổng doanh thu và số lượng đơn hàng,02b72cdeb9cfcc429f1af6f4e3f3b737,748.64,4,4,187.16,1754
Bài 10 - Xếp hạng seller theo tổng doanh thu và số lượng đơn hàng,b6dc74ed30f124f95227bed4e43a3bed,747.59,11,13,57.51,1755
Bài 10 - Xếp hạng seller theo tổng doanh thu và số lượng đơn hàng,916748bc99315c2d202898ae58b1617e,746.51,25,32,23.33,1756
Bài 10 - Xếp hạng seller theo tổng doanh thu và số lượng đơn hàng,95b293867b5862941c9cd74f756a3c68,746.22,9,9,82.91,1757
Bài 10 - Xếp hạng seller theo tổng doanh thu và số lượng đơn hàng,26bad72add1f86e08a776ce4ffdaf1ca,745.92,7,7,106.56,1758
Bài 10 - Xếp hạng seller theo tổng doanh thu và số lượng đơn hàng,aae5e7b457a3c72ee230a47d98fceda5,745.57,5,7,106.51,1759
Bài 10 - Xếp hạng seller theo tổng doanh thu và số lượng đơn hàng,d9cd369bffa979d1634f8e1318bf2f1b,744.81,3,3,248.27,1760
Bài 10 - Xếp hạng seller theo tổng doanh thu và số lượng đơn hàng,f52c2422904463fdd7741f99045fecb6,744.8,12,13,57.29,1761
Bài 10 - Xếp hạng seller theo tổng doanh thu và số lượng đơn hàng,270d3ef21830ad0ecf3a6c53d08a533a,743.67,6,18,41.32,1762
Bài 10 - Xếp hạng seller theo tổng doanh thu và số lượng đơn hàng,3ef37b7ca6dd2b80bd8af81a62504996,740.97,2,2,370.49,1763
Bài 10 - Xếp hạng seller theo tổng doanh thu và số lượng đơn hàng,4e6015589b781adaa5ce7f1892d06bb1,740.5,3,3,246.83,1764
Bài 10 - Xếp hạng seller theo tổng doanh thu và số lượng đơn hàng,6d988d6174a2c27441597174f8905515,737.2,19,23,32.05,1765
Bài 10 - Xếp hạng seller theo tổng doanh thu và số lượng đơn hàng,11938fcc75f6902fea1d0a6f72b54a57,737.14,2,2,368.57,1766
Bài 10 - Xếp hạng seller theo tổng doanh thu và số lượng đơn hàng,c84592044b180dec206770c38603814b,736.2,15,15,49.08,1767
Bài 10 - Xếp hạng seller theo tổng doanh thu và số lượng đơn hàng,328acb143b4a73aad6bee8e734f5d20d,734.75,2,2,367.38,1768
Bài 10 - Xếp hạng seller theo tổng doanh thu và số lượng đơn hàng,b274baf5bbd142410eb2958cf685d684,734.57,7,7,104.94,1769
Bài 10 - Xếp hạng seller theo tổng doanh thu và số lượng đơn hàng,be3b4b0f050a6aa1b2d901c4b77e979f,733.72,3,8,91.71,1770
Bài 10 - Xếp hạng seller theo tổng doanh thu và số lượng đơn hàng,39a5005f2605cbdb4f9ac14485cabfd1,733.66,3,8,91.71,1771
Bài 10 - Xếp hạng seller theo tổng doanh thu và số lượng đơn hàng,8a207b6080964f3c1fc9d35bd6096ba4,730.04,2,3,243.35,1772
Bài 10 - Xếp hạng seller theo tổng doanh thu và số lượng đơn hàng,eb5b6204dde3a6e03b5f1bb8479f055b,727.33,19,21,34.63,1773
Bài 10 - Xếp hạng seller theo tổng doanh thu và số lượng đơn hàng,b12cfd255810394b60caef18ae163547,726.15,2,2,363.08,1774
Bài 10 - Xếp hạng seller theo tổng doanh thu và số lượng đơn hàng,2f74af7a0ee5636f12c2336f9fffed47,724.47,13,13,55.73,1775
Bài 10 - Xếp hạng seller theo tổng doanh thu và số lượng đơn hàng,c157bdeedcbc9a8e3c8bf0d87ff24428,722.97,7,10,72.3,1776
Bài 10 - Xếp hạng seller theo tổng doanh thu và số lượng đơn hàng,1d503743d2526f03f0c2c89540ee008c,720.53,12,17,42.38,1777
Bài 10 - Xếp hạng seller theo tổng doanh thu và số lượng đơn hàng,9c1c0c36cd23c20897e473901a8fb149,717.04,6,7,102.43,1778
Bài 10 - Xếp hạng seller theo tổng doanh thu và số lượng đơn hàng,385799a1cddbd26dfeb9157356a42282,716.54,5,7,102.36,1779
Bài 10 - Xếp hạng seller theo tổng doanh thu và số lượng đơn hàng,1b4b28463457a256e9a784ebe2a8f630,715.34,1,1,715.34,1780
Bài 10 - Xếp hạng seller theo tổng doanh thu và số lượng đơn hàng,5d043cd5512d4bd2f88e5ccdd5736c38,714.91,1,1,714.91,1781
Bài 10 - Xếp hạng seller theo tổng doanh thu và số lượng đơn hàng,5a6a02f419701fc8c605af71d4fc57a4,714.41,10,11,64.95,1782
Bài 10 - Xếp hạng seller theo tổng doanh thu và số lượng đơn hàng,768de2a4fc06aacecb9a586ccc30746a,713.53,14,14,50.97,1783
Bài 10 - Xếp hạng seller theo tổng doanh thu và số lượng đơn hàng,eebb3372362aa9a46975164bed19a7e7,711.32,7,8,88.91,1784
Bài 10 - Xếp hạng seller theo tổng doanh thu và số lượng đơn hàng,a513150f33f99a06569e9cd5c4bb889b,711.25,2,2,355.63,1785
Bài 10 - Xếp hạng seller theo tổng doanh thu và số lượng đơn hàng,cb9fb4ca75d7ba8437480e8dde64fe98,705.56,10,10,70.56,1786
Bài 10 - Xếp hạng seller theo tổng doanh thu và số lượng đơn hàng,4de6e4ba574aa9dfdc824bc44dc47fdd,704.42,14,14,50.32,1787
Bài 10 - Xếp hạng seller theo tổng doanh thu và số lượng đơn hàng,e601b04acf48b4576e73ddca9481f0dc,702.94,15,16,43.93,1788
Bài 10 - Xếp hạng seller theo tổng doanh thu và số lượng đơn hàng,3f9be91358837bff69df67edfa3e42e8,702.06,7,7,100.29,1789
Bài 10 - Xếp hạng seller theo tổng doanh thu và số lượng đơn hàng,89ad3263c0931c47f976d7c5778e60f6,699.74,6,6,116.62,1790
Bài 10 - Xếp hạng seller theo tổng doanh thu và số lượng đơn hàng,b44dbfbf62e52125f3c15d230569ea91,699.06,4,8,87.38,1791
Bài 10 - Xếp hạng seller theo tổng doanh thu và số lượng đơn hàng,5882f40daf39bc2a465e0cb453ddc222,698.9,1,1,698.9,1792
Bài 10 - Xếp hạng seller theo tổng doanh thu và số lượng đơn hàng,6e4a902d1054e4e17aa6eab87fac1c75,695.7,7,8,86.96,1793
Bài 10 - Xếp hạng seller theo tổng doanh thu và số lượng đơn hàng,6650fcccd8cd2f7e55ffa524f30c4c59,695.7,3,3,231.9,1794
Bài 10 - Xếp hạng seller theo tổng doanh thu và số lượng đơn hàng,c53bcd3be457a342a97e39e5a9f0be22,695.59,5,5,139.12,1795
Bài 10 - Xếp hạng seller theo tổng doanh thu và số lượng đơn hàng,b26741d31a563d769b4af0465ab20c56,695.03,2,2,347.52,1796
Bài 10 - Xếp hạng seller theo tổng doanh thu và số lượng đơn hàng,af7cdac9d9897cddead9c6b08976c642,694.01,6,6,115.67,1797
Bài 10 - Xếp hạng seller theo tổng doanh thu và số lượng đơn hàng,c458e2045a8aa8964f8879af03fdcce6,691.7,4,9,76.86,1798
Bài 10 - Xếp hạng seller theo tổng doanh thu và số lượng đơn hàng,4be6b962d83299498bae2190f95d6566,691.09,11,12,57.59,1799
Bài 10 - Xếp hạng seller theo tổng doanh thu và số lượng đơn hàng,3be5841cdcc46de4ed3f9116f104b2c5,687.95,4,4,171.99,1800
Bài 10 - Xếp hạng seller theo tổng doanh thu và số lượng đơn hàng,6179a28a13a726c29b3bf54c070dccab,686.24,2,2,343.12,1801
Bài 10 - Xếp hạng seller theo tổng doanh thu và số lượng đơn hàng,70b52a4cfc823994561b00bad161b4ed,685.35,8,10,68.54,1802
Bài 10 - Xếp hạng seller theo tổng doanh thu và số lượng đơn hàng,26d6bbee02420494d471c9f6436929c0,681.7,12,13,52.44,1803
Bài 10 - Xếp hạng seller theo tổng doanh thu và số lượng đơn hàng,3968920b9aa752ab98f7d5888c9252f2,681.01,8,10,68.1,1804
Bài 10 - Xếp hạng seller theo tổng doanh thu và số lượng đơn hàng,c52c644cc0dc85121207a27013efc6af,680.96,1,2,340.48,1805
Bài 10 - Xếp hạng seller theo tổng doanh thu và số lượng đơn hàng,6879c4d287a8dd06b11f54ea8f78e4da,677.13,6,6,112.86,1806
Bài 10 - Xếp hạng seller theo tổng doanh thu và số lượng đơn hàng,6eeed17989b0ae47c9f11ece6f38ea90,676.01,3,3,225.34,1807
Bài 10 - Xếp hạng seller theo tổng doanh thu và số lượng đơn hàng,53336f97ddbe53e2a617d07b17447b95,674.83,1,1,674.83,1808
Bài 10 - Xếp hạng seller theo tổng doanh thu và số lượng đơn hàng,83353a83fd769dfafa4f21a72b15e3e5,674.33,5,5,134.87,1809
Bài 10 - Xếp hạng seller theo tổng doanh thu và số lượng đơn hàng,685b870da5b52a710782c9c0fefbeb5b,670.98,2,2,335.49,1810
Bài 10 - Xếp hạng seller theo tổng doanh thu và số lượng đơn hàng,ff4e2d38692ce827b1a4f4b8196e680d,669.18,11,11,60.83,1811
Bài 10 - Xếp hạng seller theo tổng doanh thu và số lượng đơn hàng,6dc9bec584588412a6a338830946a3e4,667.83,2,2,333.91,1812
Bài 10 - Xếp hạng seller theo tổng doanh thu và số lượng đơn hàng,48efc9d94a9834137efd9ea76b065a38,666.0,33,34,19.59,1813
Bài 10 - Xếp hạng seller theo tổng doanh thu và số lượng đơn hàng,bf961104a38e01b9062ee026bb657dee,665.46,4,4,166.37,1814
Bài 10 - Xếp hạng seller theo tổng doanh thu và số lượng đơn hàng,63ffcb71394dd8ea3872ed9ffda17c74,663.72,17,17,39.04,1815
Bài 10 - Xếp hạng seller theo tổng doanh thu và số lượng đơn hàng,e4fc40017a6d22c46a14ac2e17f87c3e,662.05,3,3,220.68,1816
Bài 10 - Xếp hạng seller theo tổng doanh thu và số lượng đơn hàng,4170f6a9367e6b5d6401d03ce6d54569,661.81,4,5,132.36,1817
Bài 10 - Xếp hạng seller theo tổng doanh thu và số lượng đơn hàng,b5bb2b985208834bd5bd86c7a402bbad,659.72,2,2,329.86,1818
Bài 10 - Xếp hạng seller theo tổng doanh thu và số lượng đơn hàng,7402d13c03a7e91366337cd1de471144,659.57,4,4,164.89,1819
Bài 10 - Xếp hạng seller theo tổng doanh thu và số lượng đơn hàng,89bc797e2e29667aa035d4368f9b7f92,659.45,17,20,32.97,1820
Bài 10 - Xếp hạng seller theo tổng doanh thu và số lượng đơn hàng,c7a0a13cbcf29d5ce51c8f80afdc0b89,657.8,8,9,73.09,1821
Bài 10 - Xếp hạng seller theo tổng doanh thu và số lượng đơn hàng,ad8ada0ffa993cb1197d102d9ab21a3e,656.16,1,2,328.08,1822
Bài 10 - Xếp hạng seller theo tổng doanh thu và số lượng đơn hàng,4e326052e5dbba8adcd512f3450a307e,655.96,3,6,109.33,1823
Bài 10 - Xếp hạng seller theo tổng doanh thu và số lượng đơn hàng,6ee85be3693ed79a8e80718743d80655,655.32,9,13,50.41,1824
Bài 10 - Xếp hạng seller theo tổng doanh thu và số lượng đơn hàng,9e6967d3cf386d284251784b18ccb485,654.9,9,11,59.54,1825
Bài 10 - Xếp hạng seller theo tổng doanh thu và số lượng đơn hàng,f5b44895715ddfe3087dc414f30268f3,654.44,19,19,34.44,1826
Bài 10 - Xếp hạng seller theo tổng doanh thu và số lượng đơn hàng,791cfcfe22fe4a771ece27f90017da92,653.75,2,2,326.88,1827
Bài 10 - Xếp hạng seller theo tổng doanh thu và số lượng đơn hàng,13c2ed7698b3ca92dad49e849219da59,653.29,8,9,72.59,1828
Bài 10 - Xếp hạng seller theo tổng doanh thu và số lượng đơn hàng,d4e4b5192cba4e0e66eb12a9d347239d,652.09,12,12,54.34,1829
Bài 10 - Xếp hạng seller theo tổng doanh thu và số lượng đơn hàng,bbaff50f3b708fda865918715276cd87,651.77,12,16,40.74,1830
Bài 10 - Xếp hạng seller theo tổng doanh thu và số lượng đơn hàng,3ea00e1dea2b0659dbaf654735929220,649.97,7,7,92.85,1831
Bài 10 - Xếp hạng seller theo tổng doanh thu và số lượng đơn hàng,a35ef466c6fd6d052f5d241240d3c5e2,649.55,3,3,216.52,1832
Bài 10 - Xếp hạng seller theo tổng doanh thu và số lượng đơn hàng,7c1fea10b5b006671d608b1d7c446ec4,647.75,14,14,46.27,1833
Bài 10 - Xếp hạng seller theo tổng doanh thu và số lượng đơn hàng,2e7ea2aafec5835e781b21d6d1faf1f1,646.62,7,7,92.37,1834
Bài 10 - Xếp hạng seller theo tổng doanh thu và số lượng đơn hàng,1588ac4010787100dddef64568f0ae35,645.97,3,3,215.32,1835
Bài 10 - Xếp hạng seller theo tổng doanh thu và số lượng đơn hàng,bb2afe2061d53c6968aa0cffa233a8ec,644.02,5,6,107.34,1836
Bài 10 - Xếp hạng seller theo tổng doanh thu và số lượng đơn hàng,e627629ba868740e287800f1a9be81c2,643.55,13,13,49.5,1837
Bài 10 - Xếp hạng seller theo tổng doanh thu và số lượng đơn hàng,8b2d4ab22f42c5cfc338b846decfda60,643.32,6,9,71.48,1838
Bài 10 - Xếp hạng seller theo tổng doanh thu và số lượng đơn hàng,c3aad7dc65449ae90a5e9c3c6c1e78e0,640.36,6,6,106.73,1839
Bài 10 - Xếp hạng seller theo tổng doanh thu và số lượng đơn hàng,ce616e1913288884e7742faac9d981db,640.03,15,24,26.67,1840
Bài 10 - Xếp hạng seller theo tổng doanh thu và số lượng đơn hàng,1fe61aa5494bd3ae92a2c13e067c810f,638.58,1,2,319.29,1841
Bài 10 - Xếp hạng seller theo tổng doanh thu và số lượng đơn hàng,f9ec7093df3a7b346b7bcf7864069ca3,638.13,9,9,70.9,1842
Bài 10 - Xếp hạng seller theo tổng doanh thu và số lượng đơn hàng,74871d19219c7d518d0090283e03c137,637.91,6,7,91.13,1843
Bài 10 - Xếp hạng seller theo tổng doanh thu và số lượng đơn hàng,b87a7ea0c30fad2dd6781b74a0064859,637.75,9,9,70.86,1844
Bài 10 - Xếp hạng seller theo tổng doanh thu và số lượng đơn hàng,1f7fd2a6fcd5a6fa5d8a4dabc72aaae0,632.68,3,3,210.89,1845
Bài 10 - Xếp hạng seller theo tổng doanh thu và số lượng đơn hàng,2953ce3a88f5e3c3b696d77fc9e4c8eb,631.32,14,15,42.09,1846
Bài 10 - Xếp hạng seller theo tổng doanh thu và số lượng đơn hàng,d197aa8fbc64087f61984deef05f6227,630.65,6,7,90.09,1847
Bài 10 - Xếp hạng seller theo tổng doanh thu và số lượng đơn hàng,9599519be538b98748162a2b48248960,630.06,1,3,210.02,1848
Bài 10 - Xếp hạng seller theo tổng doanh thu và số lượng đơn hàng,70125af26c2d6d4ef401a1d02ae7701f,629.62,5,8,78.7,1849
Bài 10 - Xếp hạng seller theo tổng doanh thu và số lượng đơn hàng,6c17baf138731a4aaacc3210adf2037b,628.72,4,5,125.74,1850
Bài 10 - Xếp hạng seller theo tổng doanh thu và số lượng đơn hàng,c42fd8e4d47dfb18ce5222f2dd7752f9,628.63,7,11,57.15,1851
Bài 10 - Xếp hạng seller theo tổng doanh thu và số lượng đơn hàng,5f5a58930c3c35f3b5af264f34fb8c85,628.59,3,3,209.53,1852
Bài 10 - Xếp hạng seller theo tổng doanh thu và số lượng đơn hàng,cd2169d9f31ff6fbb9ca3373b0c9e354,625.33,1,1,625.33,1853
Bài 10 - Xếp hạng seller theo tổng doanh thu và số lượng đơn hàng,b3f19518fcec265b2e97af287725f981,624.48,9,9,69.39,1854
Bài 10 - Xếp hạng seller theo tổng doanh thu và số lượng đơn hàng,3d0cd21d41671c46f82cd11176bf7277,622.38,9,11,56.58,1855
Bài 10 - Xếp hạng seller theo tổng doanh thu và số lượng đơn hàng,7b7f91e98f8c6def45a1407923304402,620.49,11,14,44.32,1856
Bài 10 - Xếp hạng seller theo tổng doanh thu và số lượng đơn hàng,d7485b33791774c36108f8c69602d48d,619.14,10,10,61.91,1857
Bài 10 - Xếp hạng seller theo tổng doanh thu và số lượng đơn hàng,32fdd5d44ecb43dfd6a24b9369eca144,617.88,8,8,77.24,1858
Bài 10 - Xếp hạng seller theo tổng doanh thu và số lượng đơn hàng,33cbda8716511e27e556dff9d8418bf2,615.57,5,6,102.59,1859
Bài 10 - Xếp hạng seller theo tổng doanh thu và số lượng đơn hàng,4a82168aaef173cbb6e46ae88728f919,612.39,4,4,153.1,1860
Bài 10 - Xếp hạng seller theo tổng doanh thu và số lượng đơn hàng,eb9cd5b35d95206585e2185318cb5c61,611.55,2,3,203.85,1861
Bài 10 - Xếp hạng seller theo tổng doanh thu và số lượng đơn hàng,a2fa0bdc798ee84cdb08281337cf4fb6,611.02,10,13,47.0,1862
Bài 10 - Xếp hạng seller theo tổng doanh thu và số lượng đơn hàng,f524ad65d7e0f1daab730ef2d2e86196,609.5,1,2,304.75,1863
Bài 10 - Xếp hạng seller theo tổng doanh thu và số lượng đơn hàng,b248792ac0b60ec3f93d80af1b4fae47,608.35,7,9,67.59,1864
Bài 10 - Xếp hạng seller theo tổng doanh thu và số lượng đơn hàng,fc59392d66ef99377e50356ee4f3b4e1,606.96,5,5,121.39,1865
Bài 10 - Xếp hạng seller theo tổng doanh thu và số lượng đơn hàng,a06c8ff043abea0528ee44171e2140a2,606.93,8,8,75.87,1866
Bài 10 - Xếp hạng seller theo tổng doanh thu và số lượng đơn hàng,08084d990eb3f53af056ccbc1730c8a7,606.79,12,12,50.57,1867
Bài 10 - Xếp hạng seller theo tổng doanh thu và số lượng đơn hàng,35b96509602ec4b7da831b5cd73ff2c2,606.45,2,2,303.23,1868
Bài 10 - Xếp hạng seller theo tổng doanh thu và số lượng đơn hàng,08d1c9478fb0d7d7fcac9c0da4e82fc7,605.57,1,1,605.57,1869
Bài 10 - Xếp hạng seller theo tổng doanh thu và số lượng đơn hàng,e1b12447a7563944843191754aeb5562,599.13,9,10,59.91,1870
Bài 10 - Xếp hạng seller theo tổng doanh thu và số lượng đơn hàng,97e995629983723d11830a829bc2b246,598.87,5,5,119.77,1871
Bài 10 - Xếp hạng seller theo tổng doanh thu và số lượng đơn hàng,6e13dd869aa7185f601c941423abcc8f,598.08,5,6,99.68,1872
Bài 10 - Xếp hạng seller theo tổng doanh thu và số lượng đơn hàng,e3dd723429d1b23614b7fa85e2c7a853,597.62,7,8,74.7,1873
Bài 10 - Xếp hạng seller theo tổng doanh thu và số lượng đơn hàng,7994b065a7ffb14e71c6312cf87b9de2,597.34,5,7,85.33,1874
Bài 10 - Xếp hạng seller theo tổng doanh thu và số lượng đơn hàng,e433f5fd4050e3352b5d83522b7fe24b,596.77,1,1,596.77,1875
Bài 10 - Xếp hạng seller theo tổng doanh thu và số lượng đơn hàng,20a7efa9721046319bdde5d60b6b5365,596.59,3,6,99.43,1876
Bài 10 - Xếp hạng seller theo tổng doanh thu và số lượng đơn hàng,ccbd753e6863fe7314dc6c0ca5a074e7,596.56,1,1,596.56,1877
Bài 10 - Xếp hạng seller theo tổng doanh thu và số lượng đơn hàng,f650a9708fa1bab22bdd8d3a818cc415,594.58,5,5,118.92,1878
Bài 10 - Xếp hạng seller theo tổng doanh thu và số lượng đơn hàng,bd15ee794d5e640d9dd71b665b2ab15b,594.13,12,12,49.51,1879
Bài 10 - Xếp hạng seller theo tổng doanh thu và số lượng đơn hàng,651fe66032c9520ee5587f694908040d,592.73,7,7,84.68,1880
Bài 10 - Xếp hạng seller theo tổng doanh thu và số lượng đơn hàng,64b87978a11c1ea7501a89eabe8c2c1a,591.83,7,7,84.55,1881
Bài 10 - Xếp hạng seller theo tổng doanh thu và số lượng đơn hàng,6219ba2359cfb97f2e38fd4c321eb309,590.55,6,6,98.43,1882
Bài 10 - Xếp hạng seller theo tổng doanh thu và số lượng đơn hàng,2c3d56f92f360fb89d849b84e8f50eae,590.44,8,8,73.8,1883
Bài 10 - Xếp hạng seller theo tổng doanh thu và số lượng đơn hàng,55029529919c0123526150bd26ca8f20,588.83,7,7,84.12,1884
Bài 10 - Xếp hạng seller theo tổng doanh thu và số lượng đơn hàng,35fb511489d9ee3ee27a76debce9df06,586.79,7,7,83.83,1885
Bài 10 - Xếp hạng seller theo tổng doanh thu và số lượng đơn hàng,2009a095de2a2a41626f6c6d7722678d,582.43,8,12,48.54,1886
Bài 10 - Xếp hạng seller theo tổng doanh thu và số lượng đơn hàng,e59e489e2ea74bd409b798b5daf49de3,581.76,3,5,116.35,1887
Bài 10 - Xếp hạng seller theo tổng doanh thu và số lượng đơn hàng,0951a6e282947e09cd47969f4ed0b47f,580.32,7,7,82.9,1888
Bài 10 - Xếp hạng seller theo tổng doanh thu và số lượng đơn hàng,7e79d65b5c6f1f544b7daea036acf720,579.89,4,4,144.97,1889
Bài 10 - Xếp hạng seller theo tổng doanh thu và số lượng đơn hàng,820c7c9eaf76d2b226b6c242bcf3f34d,577.0,1,1,577.0,1890
Bài 10 - Xếp hạng seller theo tổng doanh thu và số lượng đơn hàng,acb6c2ca5c82411c1fdb88d5fd5eb95e,575.49,10,11,52.32,1891
Bài 10 - Xếp hạng seller theo tổng doanh thu và số lượng đơn hàng,2493dc3f20131696a0ecdb9948051a8d,575.07,4,4,143.77,1892
Bài 10 - Xếp hạng seller theo tổng doanh thu và số lượng đơn hàng,f22a247b79dd22ecd91dc8e3b2a1b07c,574.84,8,8,71.85,1893
Bài 10 - Xếp hạng seller theo tổng doanh thu và số lượng đơn hàng,4e480be820e37de1444325ff358c9296,573.74,1,2,286.87,1894
Bài 10 - Xếp hạng seller theo tổng doanh thu và số lượng đơn hàng,ea00f977a203ff88adf7057cb7806998,573.4,19,19,30.18,1895
Bài 10 - Xếp hạng seller theo tổng doanh thu và số lượng đơn hàng,35857757f553273b1056c1cabdace7fb,573.34,6,6,95.56,1896
Bài 10 - Xếp hạng seller theo tổng doanh thu và số lượng đơn hàng,b9c0ffa92f3ff9a5a3d45ef7213c0842,572.17,3,3,190.72,1897
Bài 10 - Xếp hạng seller theo tổng doanh thu và số lượng đơn hàng,979e9f8b5b39dd243a2550c8b05aecf0,571.88,3,4,142.97,1898
Bài 10 - Xếp hạng seller theo tổng doanh thu và số lượng đơn hàng,9fc70243fb26800cba56e8f014797004,571.3,6,7,81.61,1899
Bài 10 - Xếp hạng seller theo tổng doanh thu và số lượng đơn hàng,4cc4fd4fdd406a85bbdc1f824b731bd7,571.22,1,2,285.61,1900
Bài 10 - Xếp hạng seller theo tổng doanh thu và số lượng đơn hàng,2b2fed75b8e5ea3a052fc4c0825da485,570.83,3,4,142.71,1901
Bài 10 - Xếp hạng seller theo tổng doanh thu và số lượng đơn hàng,fadb07c842a2aef5d5a676b85f220e71,570.37,7,7,81.48,1902
Bài 10 - Xếp hạng seller theo tổng doanh thu và số lượng đơn hàng,ff314fa6033cc68ec451c47aee2d6ba4,570.34,2,2,285.17,1903
Bài 10 - Xếp hạng seller theo tổng doanh thu và số lượng đơn hàng,28fb0829fd777877cdc350d25cb5bd5b,569.26,4,4,142.32,1904
Bài 10 - Xếp hạng seller theo tổng doanh thu và số lượng đơn hàng,79ee721b6f766066a80264402548d359,568.36,2,2,284.18,1905
Bài 10 - Xếp hạng seller theo tổng doanh thu và số lượng đơn hàng,59cd88080b93f3c18508673122d26169,567.71,10,12,47.31,1906
Bài 10 - Xếp hạng seller theo tổng doanh thu và số lượng đơn hàng,b080809eaacb49e5ca07290981472431,567.4,11,11,51.58,1907
Bài 10 - Xếp hạng seller theo tổng doanh thu và số lượng đơn hàng,0c7f30ae9b147eca07affbef92832a6a,567.11,5,5,113.42,1908
Bài 10 - Xếp hạng seller theo tổng doanh thu và số lượng đơn hàng,c286ec035ee04ba81c97508f0b5df544,565.9,2,2,282.95,1909
Bài 10 - Xếp hạng seller theo tổng doanh thu và số lượng đơn hàng,64cc804291f90c81f02bfc2bb58ff55a,564.14,2,2,282.07,1910
Bài 10 - Xếp hạng seller theo tổng doanh thu và số lượng đơn hàng,a8739afb32aaa45e01815ca76f76f54b,563.56,13,15,37.57,1911
Bài 10 - Xếp hạng seller theo tổng doanh thu và số lượng đơn hàng,09bad886111255c5b5030314fc7f1a4a,560.36,5,5,112.07,1912
Bài 10 - Xếp hạng seller theo tổng doanh thu và số lượng đơn hàng,d65f31d2413268e671989503f6cf9993,559.95,2,3,186.65,1913
Bài 10 - Xếp hạng seller theo tổng doanh thu và số lượng đơn hàng,5e49e3a44bdeb5aab2684258bbd4f525,559.77,3,3,186.59,1914
Bài 10 - Xếp hạng seller theo tổng doanh thu và số lượng đơn hàng,bac692d6c0ed08467878018e6cc9c26c,559.23,1,3,186.41,1915
Bài 10 - Xếp hạng seller theo tổng doanh thu và số lượng đơn hàng,29e6e05b65f93bc224c644319dc52ecf,558.92,4,4,139.73,1916
Bài 10 - Xếp hạng seller theo tổng doanh thu và số lượng đơn hàng,f1198c871e0171278b63f40d112caeec,558.07,2,2,279.03,1917
Bài 10 - Xếp hạng seller theo tổng doanh thu và số lượng đơn hàng,038b75b729c8a9a04b0d07cba7eabe86,557.85,2,2,278.92,1918
Bài 10 - Xếp hạng seller theo tổng doanh thu và số lượng đơn hàng,08d0949a9a17c027262db1f3c450c26c,557.84,12,12,46.49,1919
Bài 10 - Xếp hạng seller theo tổng doanh thu và số lượng đơn hàng,c026ef0d72e9132d9fa112308090c8dc,557.72,1,1,557.72,1920
Bài 10 - Xếp hạng seller theo tổng doanh thu và số lượng đơn hàng,48e954b2da4f6a750c844173b347ed40,556.81,2,6,92.8,1921
Bài 10 - Xếp hạng seller theo tổng doanh thu và số lượng đơn hàng,c1f12f926d0ba950578b4fa41115cbb6,556.56,2,4,139.14,1922
Bài 10 - Xếp hạng seller theo tổng doanh thu và số lượng đơn hàng,bd149ed516d4c5d418d5781f8e18919f,555.94,8,9,61.77,1923
Bài 10 - Xếp hạng seller theo tổng doanh thu và số lượng đơn hàng,0747d5bb69f0586cc869d8af4c50f93e,555.49,14,15,37.03,1924
Bài 10 - Xếp hạng seller theo tổng doanh thu và số lượng đơn hàng,a7dc4098e4da6e41b426269d12ae7e91,554.45,2,3,184.82,1925
Bài 10 - Xếp hạng seller theo tổng doanh thu và số lượng đơn hàng,0ddefe3c7a032b91f4e25b9c3a08fca1,552.9,9,10,55.29,1926
Bài 10 - Xếp hạng seller theo tổng doanh thu và số lượng đơn hàng,404e1ba01358af4cd63f679b2c4d1fa1,551.73,8,12,45.98,1927
Bài 10 - Xếp hạng seller theo tổng doanh thu và số lượng đơn hàng,86ff3eaef0267069cc891a2ed9d10a17,550.36,7,7,78.62,1928
Bài 10 - Xếp hạng seller theo tổng doanh thu và số lượng đơn hàng,4049512728d969bec69f84088b012416,550.27,7,9,61.14,1929
Bài 10 - Xếp hạng seller theo tổng doanh thu và số lượng đơn hàng,5dc203c7b84a0e71e878a179de05fb9a,550.05,5,5,110.01,1930
Bài 10 - Xếp hạng seller theo tổng doanh thu và số lượng đơn hàng,8fec2e460530482132c436cfb5439925,548.61,3,5,109.72,1931
Bài 10 - Xếp hạng seller theo tổng doanh thu và số lượng đơn hàng,fcba71d4d5db057f43249145e4eb1e27,548.27,3,3,182.76,1932
Bài 10 - Xếp hạng seller theo tổng doanh thu và số lượng đơn hàng,ed9eef5be0992d413d251fadba1a410d,547.34,3,9,60.82,1933
Bài 10 - Xếp hạng seller theo tổng doanh thu và số lượng đơn hàng,7e959205cebc10adefcb331f934238a4,546.55,2,2,273.28,1934
Bài 10 - Xếp hạng seller theo tổng doanh thu và số lượng đơn hàng,265fdc289dffa9f1ad801c74f7d0de47,546.55,1,1,546.55,1935
Bài 10 - Xếp hạng seller theo tổng doanh thu và số lượng đơn hàng,3296662b1331dea51e744505065ae889,545.51,1,1,545.51,1936
Bài 10 - Xếp hạng seller theo tổng doanh thu và số lượng đơn hàng,a53f60f05f822b5c621a50ff6a5cb362,544.53,4,6,90.76,1937
Bài 10 - Xếp hạng seller theo tổng doanh thu và số lượng đơn hàng,a5bff0f43eb51f0cad7c37fac7244c8a,541.27,4,5,108.25,1938
Bài 10 - Xếp hạng seller theo tổng doanh thu và số lượng đơn hàng,f88adb15807168d3c43d71021090ce4a,541.06,3,3,180.35,1939
Bài 10 - Xếp hạng seller theo tổng doanh thu và số lượng đơn hàng,079d295dcbf06ee8bb1b65ba964eb2b6,540.09,5,10,54.01,1940
Bài 10 - Xếp hạng seller theo tổng doanh thu và số lượng đơn hàng,117cfc326c6d50da67ca858ff5c0c852,536.08,5,5,107.22,1941
Bài 10 - Xếp hạng seller theo tổng doanh thu và số lượng đơn hàng,b29d3380981c51df13fc6fbe87e1763d,533.88,6,7,76.27,1942
Bài 10 - Xếp hạng seller theo tổng doanh thu và số lượng đơn hàng,e5899683388855d3dabe8913bbe365de,533.86,3,3,177.95,1943
Bài 10 - Xếp hạng seller theo tổng doanh thu và số lượng đơn hàng,0249d282d911d23cb8b869ab49c99f53,531.88,11,11,48.35,1944
Bài 10 - Xếp hạng seller theo tổng doanh thu và số lượng đơn hàng,20a8b0dc55da94fe74d112082427c84f,531.38,7,7,75.91,1945
Bài 10 - Xếp hạng seller theo tổng doanh thu và số lượng đơn hàng,6b803197e03abd5056b4313306b4f29d,530.62,7,12,44.22,1946
Bài 10 - Xếp hạng seller theo tổng doanh thu và số lượng đơn hàng,feb793c88d836c3a75efa4b5a3465d70,530.17,1,1,530.17,1947
Bài 10 - Xếp hạng seller theo tổng doanh thu và số lượng đơn hàng,83a75eea11694e36e56dd0cb2240229a,529.47,3,3,176.49,1948
Bài 10 - Xếp hạng seller theo tổng doanh thu và số lượng đơn hàng,ff1e15b778c700abdd4d239b81ac466d,529.16,7,7,75.59,1949
Bài 10 - Xếp hạng seller theo tổng doanh thu và số lượng đơn hàng,777a0c55737f34ffeb78010f7542ab41,528.33,6,6,88.05,1950
Bài 10 - Xếp hạng seller theo tổng doanh thu và số lượng đơn hàng,ead2bab70821ea148476ae9bc08548ac,528.3,9,9,58.7,1951
Bài 10 - Xếp hạng seller theo tổng doanh thu và số lượng đơn hàng,6c1b6d0c604b776f844125f911eb7377,524.5,5,5,104.9,1952
Bài 10 - Xếp hạng seller theo tổng doanh thu và số lượng đơn hàng,101a3a003516bc11253298b2fad3cb65,524.0,5,6,87.33,1953
Bài 10 - Xếp hạng seller theo tổng doanh thu và số lượng đơn hàng,08f5819815f3d06545011850bd70f0a8,522.83,3,3,174.28,1954
Bài 10 - Xếp hạng seller theo tổng doanh thu và số lượng đơn hàng,968ee78631915a63fef426d6733d7422,521.67,2,2,260.84,1955
Bài 10 - Xếp hạng seller theo tổng doanh thu và số lượng đơn hàng,c0e6839516f5398edc34adf5f1d53d1a,520.84,3,3,173.61,1956
Bài 10 - Xếp hạng seller theo tổng doanh thu và số lượng đơn hàng,c7dcd301ecfe5ab7f778ac172cf74be7,519.83,4,4,129.96,1957
Bài 10 - Xếp hạng seller theo tổng doanh thu và số lượng đơn hàng,ee2fbacc2fc3794e656cc4d933d59ce7,518.7,2,3,172.9,1958
Bài 10 - Xếp hạng seller theo tổng doanh thu và số lượng đơn hàng,35ef5aa32949680f627efec3c23e705c,518.41,4,5,103.68,1959
Bài 10 - Xếp hạng seller theo tổng doanh thu và số lượng đơn hàng,b98b715fe9e276204e2a3464f48cd796,517.62,6,6,86.27,1960
Bài 10 - Xếp hạng seller theo tổng doanh thu và số lượng đơn hàng,d90fe2229fee1a5da999ccd0c06c1667,516.91,3,3,172.3,1961
Bài 10 - Xếp hạng seller theo tổng doanh thu và số lượng đơn hàng,3985a3c45be355a4c57fde108bfabd1c,516.2,7,8,64.53,1962
Bài 10 - Xếp hạng seller theo tổng doanh thu và số lượng đơn hàng,c3f5668699a1b04c0fa61ecea1e2bff6,514.93,3,3,171.64,1963
Bài 10 - Xếp hạng seller theo tổng doanh thu và số lượng đơn hàng,761681a821d8275bc79f552116d06869,514.9,3,3,171.63,1964
Bài 10 - Xếp hạng seller theo tổng doanh thu và số lượng đơn hàng,41b14765bd56c8ad10971074380f9c0c,514.63,8,10,51.46,1965
Bài 10 - Xếp hạng seller theo tổng doanh thu và số lượng đơn hàng,5c853bb56f70f4d14218944bae111d7a,514.19,23,24,21.42,1966
Bài 10 - Xếp hạng seller theo tổng doanh thu và số lượng đơn hàng,29fe9f200d3fa0c668d2aa1ec7e08dfb,514.16,5,5,102.83,1967
Bài 10 - Xếp hạng seller theo tổng doanh thu và số lượng đơn hàng,c3251e13f1bbda6c74e37c160f991e19,513.08,2,2,256.54,1968
Bài 10 - Xếp hạng seller theo tổng doanh thu và số lượng đơn hàng,70c4eedec9cb4a85cda2f3f9673557b4,512.55,2,2,256.28,1969
Bài 10 - Xếp hạng seller theo tổng doanh thu và số lượng đơn hàng,7816cd9c5b1238e320545f5bf7eb80e8,511.76,1,1,511.76,1970
Bài 10 - Xếp hạng seller theo tổng doanh thu và số lượng đơn hàng,cc80e2f693fa6e2408f47ccf62413fc1,508.63,2,2,254.32,1971
Bài 10 - Xếp hạng seller theo tổng doanh thu và số lượng đơn hàng,9dd59e43f0c9f0553244e8f9c2fb247e,508.12,10,10,50.81,1972
Bài 10 - Xếp hạng seller theo tổng doanh thu và số lượng đơn hàng,cb0b3bcf14e0a709df412a99424a59d7,507.43,2,2,253.72,1973
Bài 10 - Xếp hạng seller theo tổng doanh thu và số lượng đơn hàng,f4ce8ca9fa7157e3b33f536ac9a4487d,507.13,4,4,126.78,1974
Bài 10 - Xếp hạng seller theo tổng doanh thu và số lượng đơn hàng,85cc55e048b6bcc90c75afe7f0e72f72,501.76,9,9,55.75,1975
Bài 10 - Xếp hạng seller theo tổng doanh thu và số lượng đơn hàng,89de2d6f23e9746ff309705b23581faa,500.08,8,8,62.51,1976
Bài 10 - Xếp hạng seller theo tổng doanh thu và số lượng đơn hàng,7c4618c82226628831613e95e9c22f44,499.47,13,13,38.42,1977
Bài 10 - Xếp hạng seller theo tổng doanh thu và số lượng đơn hàng,0fe2d9733ed841eb064503920015a8c0,498.35,3,3,166.12,1978
Bài 10 - Xếp hạng seller theo tổng doanh thu và số lượng đơn hàng,ce20a2ec1514c25e16f2b5b39bc818f0,496.03,4,7,70.86,1979
Bài 10 - Xếp hạng seller theo tổng doanh thu và số lượng đơn hàng,79565f7d5603b24ddf07ade262547f2f,494.07,8,8,61.76,1980
Bài 10 - Xếp hạng seller theo tổng doanh thu và số lượng đơn hàng,41e0fa5761c886a630994a55c12087e7,491.91,5,5,98.38,1981
Bài 10 - Xếp hạng seller theo tổng doanh thu và số lượng đơn hàng,c714262700f93defc16bf17a51a4cb23,491.33,4,4,122.83,1982
Bài 10 - Xếp hạng seller theo tổng doanh thu và số lượng đơn hàng,c24173065483e421f9e5e7f599de101d,491.21,9,9,54.58,1983
Bài 10 - Xếp hạng seller theo tổng doanh thu và số lượng đơn hàng,98115075dd26cb8835946fc6086f5d30,491.2,4,4,122.8,1984
Bài 10 - Xếp hạng seller theo tổng doanh thu và số lượng đơn hàng,a35124e2d763d7ca3fbe3b97d143200f,490.39,4,7,70.06,1985
Bài 10 - Xếp hạng seller theo tổng doanh thu và số lượng đơn hàng,939e6227d6964a11a70aa91243e418f2,488.25,4,4,122.06,1986
Bài 10 - Xếp hạng seller theo tổng doanh thu và số lượng đơn hàng,92d14edfb62ee5ae7fdff70b0f4e7233,487.65,8,13,37.51,1987
Bài 10 - Xếp hạng seller theo tổng doanh thu và số lượng đơn hàng,f7df46c1e0ec44eed5c6726478da4a17,487.44,3,3,162.48,1988
Bài 10 - Xếp hạng seller theo tổng doanh thu và số lượng đơn hàng,dd88d13bea9e4c2bf47daf224f8141e5,487.38,1,1,487.38,1989
Bài 10 - Xếp hạng seller theo tổng doanh thu và số lượng đơn hàng,ae8bfdbf1c2a2a2dee92d799db0a31c6,486.14,8,8,60.77,1990
Bài 10 - Xếp hạng seller theo tổng doanh thu và số lượng đơn hàng,ab27bbbad5239bc31a34709275a70db4,485.05,3,11,44.1,1991
Bài 10 - Xếp hạng seller theo tổng doanh thu và số lượng đơn hàng,3d01d1c414c44b5943a09619ff3853cb,484.94,5,5,96.99,1992
Bài 10 - Xếp hạng seller theo tổng doanh thu và số lượng đơn hàng,0a82f5fb06a4fe4ac2cf7cb412ec71b8,484.8,2,2,242.4,1993
Bài 10 - Xếp hạng seller theo tổng doanh thu và số lượng đơn hàng,e546117ed9cafbc40239c0c78635c584,484.34,2,2,242.17,1994
Bài 10 - Xếp hạng seller theo tổng doanh thu và số lượng đơn hàng,e53d5b9b29d1218281f4a907ada18626,483.92,4,5,96.78,1995
Bài 10 - Xếp hạng seller theo tổng doanh thu và số lượng đơn hàng,3076499bbc033a927bf4a8a41bcf7fd4,483.63,7,9,53.74,1996
Bài 10 - Xếp hạng seller theo tổng doanh thu và số lượng đơn hàng,55c96925041a14097b6a7825554f4ad5,483.37,6,10,48.34,1997
Bài 10 - Xếp hạng seller theo tổng doanh thu và số lượng đơn hàng,bc30de0d71bd6260b936a026b5cf7200,482.85,3,3,160.95,1998
Bài 10 - Xếp hạng seller theo tổng doanh thu và số lượng đơn hàng,64c9a1db4e73e19aaafd3286dc448c96,482.6,1,1,482.6,1999
Bài 10 - Xếp hạng seller theo tổng doanh thu và số lượng đơn hàng,e603cf3fec55f8697c9059638d6c8eb5,482.47,8,11,43.86,2000
Bài 10 - Xếp hạng seller theo tổng doanh thu và số lượng đơn hàng,189ca3538ce9f920cacf0f982cbe223b,481.67,4,5,96.33,2001
Bài 10 - Xếp hạng seller theo tổng doanh thu và số lượng đơn hàng,dc50afafdfa325eadc890c7fa42a8f4e,481.48,4,4,120.37,2002
Bài 10 - Xếp hạng seller theo tổng doanh thu và số lượng đơn hàng,0f0c984a4a955310903b6b6008660bad,481.38,4,4,120.35,2003
Bài 10 - Xếp hạng seller theo tổng doanh thu và số lượng đơn hàng,392353362d22cc2c236e1ee81ff19890,480.67,5,10,48.07,2004
Bài 10 - Xếp hạng seller theo tổng doanh thu và số lượng đơn hàng,5275ca25d0358ca73864e0ae41be1320,478.82,4,4,119.71,2005
Bài 10 - Xếp hạng seller theo tổng doanh thu và số lượng đơn hàng,042573af89b6d931f672efaf789d8358,478.57,3,3,159.52,2006
Bài 10 - Xếp hạng seller theo tổng doanh thu và số lượng đơn hàng,2bf28e311bba65237358230cabac3f15,477.88,7,8,59.74,2007
Bài 10 - Xếp hạng seller theo tổng doanh thu và số lượng đơn hàng,6d7f8d9d594e28796b6b3205b00f459c,477.01,3,3,159.0,2008
Bài 10 - Xếp hạng seller theo tổng doanh thu và số lượng đơn hàng,184a67a8f9f63234d3a92340bbdb727f,477.0,8,11,43.36,2009
Bài 10 - Xếp hạng seller theo tổng doanh thu và số lượng đơn hàng,a11a0e0ca67423425691db355cff69b0,476.98,2,2,238.49,2010
Bài 10 - Xếp hạng seller theo tổng doanh thu và số lượng đơn hàng,aec99834ab5d38ead22766ada8497e87,476.51,1,1,476.51,2011
Bài 10 - Xếp hạng seller theo tổng doanh thu và số lượng đơn hàng,a21c11ec5c3f03e7cc9f9203bff9e1c6,475.88,3,4,118.97,2012
Bài 10 - Xếp hạng seller theo tổng doanh thu và số lượng đơn hàng,6d2f2e3b539480db1e0842b3a4e32e6e,474.26,3,6,79.04,2013
Bài 10 - Xếp hạng seller theo tổng doanh thu và số lượng đơn hàng,34a557286ead8fe75c989e0afcf7d98c,473.46,4,4,118.37,2014
Bài 10 - Xếp hạng seller theo tổng doanh thu và số lượng đơn hàng,b56828a9f9027f3c918c04ca720d9e3c,471.61,3,3,157.2,2015
Bài 10 - Xếp hạng seller theo tổng doanh thu và số lượng đơn hàng,fc4751cfe3b279c419615b9b00c1abb4,471.05,1,1,471.05,2016
Bài 10 - Xếp hạng seller theo tổng doanh thu và số lượng đơn hàng,9853a239ab7b7ebbdc3a21248d5b8e1f,471.01,5,5,94.2,2017
Bài 10 - Xếp hạng seller theo tổng doanh thu và số lượng đơn hàng,de66a66f2dd06bb9ec37aa96987466a3,468.98,7,8,58.62,2018
Bài 10 - Xếp hạng seller theo tổng doanh thu và số lượng đơn hàng,1e9d5a33694bddb76316fd1f54734d20,468.94,2,2,234.47,2019
Bài 10 - Xếp hạng seller theo tổng doanh thu và số lượng đơn hàng,5e106d93b717c2682b9383da480364a1,467.61,1,1,467.61,2020
Bài 10 - Xếp hạng seller theo tổng doanh thu và số lượng đơn hàng,f12d3c2a14729ae461b920c11fe20fdc,459.32,9,11,41.76,2021
Bài 10 - Xếp hạng seller theo tổng doanh thu và số lượng đơn hàng,1acde099eb406aa220b1169b188b42da,458.5,9,10,45.85,2022
Bài 10 - Xếp hạng seller theo tổng doanh thu và số lượng đơn hàng,57d2ba47f7a3209aa347532ae75c1165,458.24,2,2,229.12,2023
Bài 10 - Xếp hạng seller theo tổng doanh thu và số lượng đơn hàng,b67d6c666e8dce1d078c882825e12704,457.03,7,8,57.13,2024
Bài 10 - Xếp hạng seller theo tổng doanh thu và số lượng đơn hàng,9b76ad3d04236f76bc71c59470305e13,456.63,2,3,152.21,2025
Bài 10 - Xếp hạng seller theo tổng doanh thu và số lượng đơn hàng,7b7ed56ae755e2880f2b69632e839c1e,456.6,5,5,91.32,2026
Bài 10 - Xếp hạng seller theo tổng doanh thu và số lượng đơn hàng,d2f3e277560ed4c6361284429b00f037,454.66,7,7,64.95,2027
Bài 10 - Xếp hạng seller theo tổng doanh thu và số lượng đơn hàng,94d76e96eedd976258cd3278ce56d5f2,454.17,1,1,454.17,2028
Bài 10 - Xếp hạng seller theo tổng doanh thu và số lượng đơn hàng,a45314082d50d578a4721c9787ce09ab,453.92,2,2,226.96,2029
Bài 10 - Xếp hạng seller theo tổng doanh thu và số lượng đơn hàng,6bd503a8230299c9316fb0f726933927,453.89,4,5,90.78,2030
Bài 10 - Xếp hạng seller theo tổng doanh thu và số lượng đơn hàng,4e42581f08e8cfc7c090f930bac4552a,453.8,3,4,113.45,2031
Bài 10 - Xếp hạng seller theo tổng doanh thu và số lượng đơn hàng,78ef7e885d17f35e2382a47aae8b8cce,453.44,3,3,151.15,2032
Bài 10 - Xếp hạng seller theo tổng doanh thu và số lượng đơn hàng,c79151301b9d90985d1fa52879213105,453.11,4,8,56.64,2033
Bài 10 - Xếp hạng seller theo tổng doanh thu và số lượng đơn hàng,27a56ff04b34c2ba34ce6ba4d3b9d616,452.27,8,8,56.53,2034
Bài 10 - Xếp hạng seller theo tổng doanh thu và số lượng đơn hàng,7d294cf9a6a69dc6a0c3e540fff0e039,451.38,5,5,90.28,2035
Bài 10 - Xếp hạng seller theo tổng doanh thu và số lượng đơn hàng,c13ef0cfbe42f190780f621ce81f2234,451.28,1,1,451.28,2036
Bài 10 - Xếp hạng seller theo tổng doanh thu và số lượng đơn hàng,62760d278921b5f352461620d68a9cee,450.1,3,3,150.03,2037
Bài 10 - Xếp hạng seller theo tổng doanh thu và số lượng đơn hàng,1e8c6a4c538f286aee9573239740a4b4,446.82,5,5,89.36,2038
Bài 10 - Xếp hạng seller theo tổng doanh thu và số lượng đơn hàng,fe4cd9461203cee790d36792420b310f,445.53,3,3,148.51,2039
Bài 10 - Xếp hạng seller theo tổng doanh thu và số lượng đơn hàng,73da1880b39c71de2b262bc7720c1494,444.99,2,2,222.5,2040
Bài 10 - Xếp hạng seller theo tổng doanh thu và số lượng đơn hàng,d5c530f4884a75ae0dba9c148718d278,444.93,6,9,49.44,2041
Bài 10 - Xếp hạng seller theo tổng doanh thu và số lượng đơn hàng,d263fa444c1504a75cbca5cc465f592a,444.07,1,1,444.07,2042
Bài 10 - Xếp hạng seller theo tổng doanh thu và số lượng đơn hàng,fa14641f57b655e933124a9ea49cd7a5,442.99,7,7,63.28,2043
Bài 10 - Xếp hạng seller theo tổng doanh thu và số lượng đơn hàng,615005a3ef192c00c6f0e977cee3d2bc,442.14,10,11,40.19,2044
Bài 10 - Xếp hạng seller theo tổng doanh thu và số lượng đơn hàng,5563732abe64c3036cb97ad924128dd1,441.6,2,3,147.2,2045
Bài 10 - Xếp hạng seller theo tổng doanh thu và số lượng đơn hàng,4a23adac87cf538689fa600d976f78b2,440.41,3,3,146.8,2046
Bài 10 - Xếp hạng seller theo tổng doanh thu và số lượng đơn hàng,a37c340b91cb0169e8b029db6440fba2,439.95,5,5,87.99,2047
Bài 10 - Xếp hạng seller theo tổng doanh thu và số lượng đơn hàng,c8660dcf9ba70575f45d80fe28c27713,438.99,4,7,62.71,2048
Bài 10 - Xếp hạng seller theo tổng doanh thu và số lượng đơn hàng,51209b446b2073894bdc0face6c73ffc,438.88,2,4,109.72,2049
Bài 10 - Xếp hạng seller theo tổng doanh thu và số lượng đơn hàng,933446e9a59dece7ae9175103820ca8f,438.85,2,3,146.28,2050
Bài 10 - Xếp hạng seller theo tổng doanh thu và số lượng đơn hàng,ad87df7699e83b8a91822a4a0b765c3a,438.62,6,7,62.66,2051
Bài 10 - Xếp hạng seller theo tổng doanh thu và số lượng đơn hàng,830379336fad8c6f3b15a4a3ddb5c66e,438.38,2,4,109.6,2052
Bài 10 - Xếp hạng seller theo tổng doanh thu và số lượng đơn hàng,0bfd0b434243adc5c2e1aa6baf19c6aa,436.99,6,6,72.83,2053
Bài 10 - Xếp hạng seller theo tổng doanh thu và số lượng đơn hàng,12a8eb0f8d1cd3270695bf2a99f55966,436.67,2,2,218.33,2054
Bài 10 - Xếp hạng seller theo tổng doanh thu và số lượng đơn hàng,9ac4f14370b1e24ddc58be041b7f99df,436.65,5,5,87.33,2055
Bài 10 - Xếp hạng seller theo tổng doanh thu và số lượng đơn hàng,4e85b538b0dad58852641540686d0e14,436.34,4,4,109.09,2056
Bài 10 - Xếp hạng seller theo tổng doanh thu và số lượng đơn hàng,61b18775be84fb700a6b2d0ba097bf66,436.01,4,5,87.2,2057
Bài 10 - Xếp hạng seller theo tổng doanh thu và số lượng đơn hàng,085f6f7e049c996695fb2074fe38d45e,435.96,6,8,54.5,2058
Bài 10 - Xếp hạng seller theo tổng doanh thu và số lượng đơn hàng,a080fc8a850289b27500f6b49cca2553,435.57,4,4,108.89,2059
Bài 10 - Xếp hạng seller theo tổng doanh thu và số lượng đơn hàng,9d39404483343dd55c7ae254494d8388,434.28,10,10,43.43,2060
Bài 10 - Xếp hạng seller theo tổng doanh thu và số lượng đơn hàng,15ead3a5037a918ddb520dfe39a3d2b9,433.95,7,8,54.24,2061
Bài 10 - Xếp hạng seller theo tổng doanh thu và số lượng đơn hàng,559d56f3b8f0bc2e5a9a62fe2ce2a39f,433.72,2,2,216.86,2062
Bài 10 - Xếp hạng seller theo tổng doanh thu và số lượng đơn hàng,d73cbd89533ce8b041a9190241453ac8,433.62,4,4,108.41,2063
Bài 10 - Xếp hạng seller theo tổng doanh thu và số lượng đơn hàng,62d977e2b2aee830de3e039a28490d12,432.12,2,2,216.06,2064
Bài 10 - Xếp hạng seller theo tổng doanh thu và số lượng đơn hàng,f44bdc12aa39f5271f0b95f66cd4c289,432.07,5,7,61.72,2065
Bài 10 - Xếp hạng seller theo tổng doanh thu và số lượng đơn hàng,c1849d4d32d7a6cecd5aa471809d3135,430.71,3,3,143.57,2066
Bài 10 - Xếp hạng seller theo tổng doanh thu và số lượng đơn hàng,f7315bb81aea4ddca2d39e249a801c98,430.08,2,2,215.04,2067
Bài 10 - Xếp hạng seller theo tổng doanh thu và số lượng đơn hàng,97e4a63591ca439a2b8b7efd20e6e19e,428.5,5,5,85.7,2068
Bài 10 - Xếp hạng seller theo tổng doanh thu và số lượng đơn hàng,31eec405c9bb71dec8e2629a92e764fa,427.13,5,5,85.43,2069
Bài 10 - Xếp hạng seller theo tổng doanh thu và số lượng đơn hàng,52092ddbd3a58c450a4459bf051b2287,427.05,6,6,71.18,2070
Bài 10 - Xếp hạng seller theo tổng doanh thu và số lượng đơn hàng,a64e44665225d19dfc0277eeeaaccc57,426.76,6,6,71.13,2071
Bài 10 - Xếp hạng seller theo tổng doanh thu và số lượng đơn hàng,a5dd1946fb63ada8bcaa0c9cd8f11e22,426.33,6,7,60.9,2072
Bài 10 - Xếp hạng seller theo tổng doanh thu và số lượng đơn hàng,1967a9e2ad6f51802b093147d861df58,425.76,2,2,212.88,2073
Bài 10 - Xếp hạng seller theo tổng doanh thu và số lượng đơn hàng,2f4b0d3b9634b647d4edee577d7ebb7e,422.31,10,11,38.39,2074
Bài 10 - Xếp hạng seller theo tổng doanh thu và số lượng đơn hàng,cbbd5ae8f53de5f5097cd8217b529e24,422.25,2,2,211.13,2075
Bài 10 - Xếp hạng seller theo tổng doanh thu và số lượng đơn hàng,f543ba3c973276f519d89d59bd46cead,422.04,2,2,211.02,2076
Bài 10 - Xếp hạng seller theo tổng doanh thu và số lượng đơn hàng,8fff28c4263ddec387f28d237fb42773,421.68,4,6,70.28,2077
Bài 10 - Xếp hạng seller theo tổng doanh thu và số lượng đơn hàng,b127efdabeffb5d559349c7b172eb75d,421.27,10,10,42.13,2078
Bài 10 - Xếp hạng seller theo tổng doanh thu và số lượng đơn hàng,d9d43faf741ceaa8da52fdbb81d9e0e3,421.25,6,8,52.66,2079
Bài 10 - Xếp hạng seller theo tổng doanh thu và số lượng đơn hàng,9c3c24eca51c52b91c1de727d2a2ae06,421.16,6,6,70.19,2080
Bài 10 - Xếp hạng seller theo tổng doanh thu và số lượng đơn hàng,63191ead8d3b2f937cd1996fdcbbad20,420.29,1,1,420.29,2081
Bài 10 - Xếp hạng seller theo tổng doanh thu và số lượng đơn hàng,b88e7c57cb2d8b973b7dd4a2bfa14b36,419.67,4,4,104.92,2082
Bài 10 - Xếp hạng seller theo tổng doanh thu và số lượng đơn hàng,1b45169b635ef59425637e9a33eb5fb3,419.35,7,8,52.42,2083
Bài 10 - Xếp hạng seller theo tổng doanh thu và số lượng đơn hàng,3afc536624bc2e65bddfb5db33cc01f3,419.07,6,6,69.85,2084
Bài 10 - Xếp hạng seller theo tổng doanh thu và số lượng đơn hàng,ad75519a07f039025e83795a4418470f,417.92,3,9,46.44,2085
Bài 10 - Xếp hạng seller theo tổng doanh thu và số lượng đơn hàng,508808d438fe2ff972ed13bb8f4a82e2,417.47,10,11,37.95,2086
Bài 10 - Xếp hạng seller theo tổng doanh thu và số lượng đơn hàng,03bd479e1d9484cdb14104d3023f7321,417.42,3,3,139.14,2087
Bài 10 - Xếp hạng seller theo tổng doanh thu và số lượng đơn hàng,ceb7b4fb9401cd378de7886317ad1b47,416.45,1,1,416.45,2088
Bài 10 - Xếp hạng seller theo tổng doanh thu và số lượng đơn hàng,b7ba853e9551f4558440881fd3e5c815,414.79,2,2,207.39,2089
Bài 10 - Xếp hạng seller theo tổng doanh thu và số lượng đơn hàng,2f4b9d112bfa44a214bc6cef085d17c8,413.26,5,6,68.88,2090
Bài 10 - Xếp hạng seller theo tổng doanh thu và số lượng đơn hàng,499ec63c58e51296c9cf57edcfe1c8a8,412.93,5,5,82.59,2091
Bài 10 - Xếp hạng seller theo tổng doanh thu và số lượng đơn hàng,26b482dccfa29bd2e40703ba45523702,412.41,3,4,103.1,2092
Bài 10 - Xếp hạng seller theo tổng doanh thu và số lượng đơn hàng,8936ba0de1073ee888cb3185ae5dc661,412.21,1,1,412.21,2093
Bài 10 - Xếp hạng seller theo tổng doanh thu và số lượng đơn hàng,24c1de8d9551c0b4fbc53317d53efda8,412.12,1,1,412.12,2094
Bài 10 - Xếp hạng seller theo tổng doanh thu và số lượng đơn hàng,a7ecf689b40a44361e259b28939023e4,410.91,1,1,410.91,2095
Bài 10 - Xếp hạng seller theo tổng doanh thu và số lượng đơn hàng,f18112da765e0971ca5d510dec322bdd,410.75,2,2,205.38,2096
Bài 10 - Xếp hạng seller theo tổng doanh thu và số lượng đơn hàng,76de363de16dacc923eec8daf91df504,410.42,2,2,205.21,2097
Bài 10 - Xếp hạng seller theo tổng doanh thu và số lượng đơn hàng,3a3e46d10f74d8a6ca76e2b538f106a0,409.98,3,6,68.33,2098
Bài 10 - Xếp hạng seller theo tổng doanh thu và số lượng đơn hàng,579891617139df7d8671d373f0669622,408.5,8,8,51.06,2099
Bài 10 - Xếp hạng seller theo tổng doanh thu và số lượng đơn hàng,2e0dba2da448400b1c11d7b4b22f32a4,407.7,7,13,31.36,2100
Bài 10 - Xếp hạng seller theo tổng doanh thu và số lượng đơn hàng,131fcb0a0c9a47bba4474aacff0f14b7,406.41,4,4,101.6,2101
Bài 10 - Xếp hạng seller theo tổng doanh thu và số lượng đơn hàng,a435b009cd956ea60748b5cfbddf2e24,406.39,3,3,135.46,2102
Bài 10 - Xếp hạng seller theo tổng doanh thu và số lượng đơn hàng,09883d9ab71c8fe8a9bfc7fc3075b07e,406.17,5,5,81.23,2103
Bài 10 - Xếp hạng seller theo tổng doanh thu và số lượng đơn hàng,a806a4bb063ea7ca6d374eafa50a6058,405.27,5,6,67.55,2104
Bài 10 - Xếp hạng seller theo tổng doanh thu và số lượng đơn hàng,152ee17e4c8aaf53dac99f3462e4999b,404.93,6,6,67.49,2105
Bài 10 - Xếp hạng seller theo tổng doanh thu và số lượng đơn hàng,184725737946a1a938bbbd1a9e978103,403.57,3,3,134.52,2106
Bài 10 - Xếp hạng seller theo tổng doanh thu và số lượng đơn hàng,ab9db4cf53b08b828b64dccaafc2d9f0,403.43,5,5,80.69,2107
Bài 10 - Xếp hạng seller theo tổng doanh thu và số lượng đơn hàng,0743a0239d764b9a0f959a57d07e36ab,403.22,4,4,100.8,2108
Bài 10 - Xếp hạng seller theo tổng doanh thu và số lượng đơn hàng,25debeafbce801fdd479539350185eee,402.85,6,7,57.55,2109
Bài 10 - Xếp hạng seller theo tổng doanh thu và số lượng đơn hàng,333c4210e76a1aa2ab817b99437e3ff1,402.43,2,2,201.21,2110
Bài 10 - Xếp hạng seller theo tổng doanh thu và số lượng đơn hàng,9d489893ff6af05029671b785f54b998,401.24,5,6,66.87,2111
Bài 10 - Xếp hạng seller theo tổng doanh thu và số lượng đơn hàng,c113b8df1fc375bc3d73d29c1b1144d1,400.87,3,5,80.17,2112
Bài 10 - Xếp hạng seller theo tổng doanh thu và số lượng đơn hàng,69a43819c758c65a5befb0b471c954d7,400.76,2,3,133.59,2113
Bài 10 - Xếp hạng seller theo tổng doanh thu và số lượng đơn hàng,a3082f442524a1be452e3189e003b361,399.25,3,4,99.81,2114
Bài 10 - Xếp hạng seller theo tổng doanh thu và số lượng đơn hàng,38af8acfd46ac4a7bf754e8ca6736664,397.94,5,5,79.59,2115
Bài 10 - Xếp hạng seller theo tổng doanh thu và số lượng đơn hàng,173d56ffbd4c56cb80fc3615487d712b,397.61,2,2,198.81,2116
Bài 10 - Xếp hạng seller theo tổng doanh thu và số lượng đơn hàng,a0e19590a0923cdd0614ea9427713ced,397.42,2,7,56.77,2117
Bài 10 - Xếp hạng seller theo tổng doanh thu và số lượng đơn hàng,cf1313c6e2c01c2f4b014f97db4bcd2b,397.0,5,5,79.4,2118
Bài 10 - Xếp hạng seller theo tổng doanh thu và số lượng đơn hàng,101921376b577a4540dc30e9009133ca,394.49,1,1,394.49,2119
Bài 10 - Xếp hạng seller theo tổng doanh thu và số lượng đơn hàng,883dd81e82754ac2c65e9790a7db8c9a,394.46,5,5,78.89,2120
Bài 10 - Xếp hạng seller theo tổng doanh thu và số lượng đơn hàng,da20530872245d6cd9d2f5725613c430,394.22,2,3,131.41,2121
Bài 10 - Xếp hạng seller theo tổng doanh thu và số lượng đơn hàng,e88c9b79e592e370d6bd852eeefbf057,393.98,8,9,43.78,2122
Bài 10 - Xếp hạng seller theo tổng doanh thu và số lượng đơn hàng,5c603ffb38cbbf25a0e0698941324143,393.61,2,2,196.81,2123
Bài 10 - Xếp hạng seller theo tổng doanh thu và số lượng đơn hàng,918717417d88a9f9ae9735567e6c7682,389.22,4,4,97.31,2124
Bài 10 - Xếp hạng seller theo tổng doanh thu và số lượng đơn hàng,b8a0adc91af209270c2c725168eb00fd,388.49,6,6,64.75,2125
Bài 10 - Xếp hạng seller theo tổng doanh thu và số lượng đơn hàng,52bb00821bcdd358a5a5a27e1f6be5a1,388.43,2,2,194.22,2126
Bài 10 - Xếp hạng seller theo tổng doanh thu và số lượng đơn hàng,df47da4ae86fa4db890d05aaf24e21d8,387.68,5,5,77.54,2127
Bài 10 - Xếp hạng seller theo tổng doanh thu và số lượng đơn hàng,249f0e9905a6e06ad6c6bea7547ab9f6,386.99,3,3,129.0,2128
Bài 10 - Xếp hạng seller theo tổng doanh thu và số lượng đơn hàng,a9415cf907dfa12f9ed18693244f5329,385.42,1,2,192.71,2129
Bài 10 - Xếp hạng seller theo tổng doanh thu và số lượng đơn hàng,48bad451945f5227341793478d6353ea,384.49,3,3,128.16,2130
Bài 10 - Xếp hạng seller theo tổng doanh thu và số lượng đơn hàng,65a7c0788e4d632ccb5e1b594b87f0bb,384.12,3,9,42.68,2131
Bài 10 - Xếp hạng seller theo tổng doanh thu và số lượng đơn hàng,6da1992f915d77be95d7fa48b36904af,383.66,7,9,42.63,2132
Bài 10 - Xếp hạng seller theo tổng doanh thu và số lượng đơn hàng,b9ec22de23f18567de0e09d776ca0309,382.47,2,2,191.24,2133
Bài 10 - Xếp hạng seller theo tổng doanh thu và số lượng đơn hàng,ea4e9ce63a2134743b4a92777437fcdd,382.3,3,4,95.58,2134
Bài 10 - Xếp hạng seller theo tổng doanh thu và số lượng đơn hàng,d7b2377bae6ace1b11fc69a11900ac36,381.56,4,4,95.39,2135
Bài 10 - Xếp hạng seller theo tổng doanh thu và số lượng đơn hàng,2a73cba571d90c694b7caca072ccf6ce,381.48,1,2,190.74,2136
Bài 10 - Xếp hạng seller theo tổng doanh thu và số lượng đơn hàng,a2e85714b56b1cb6bb24a9a6e6cad36f,380.44,2,3,126.81,2137
Bài 10 - Xếp hạng seller theo tổng doanh thu và số lượng đơn hàng,7dea6f73af847b42cc3985bd620f994d,380.17,2,2,190.09,2138
Bài 10 - Xếp hạng seller theo tổng doanh thu và số lượng đơn hàng,5f0057b677eb963672bf05dfa3f16c34,379.89,5,5,75.98,2139
Bài 10 - Xếp hạng seller theo tổng doanh thu và số lượng đơn hàng,aded58c8142dedc5494a81f948431fab,379.48,4,5,75.9,2140
Bài 10 - Xếp hạng seller theo tổng doanh thu và số lượng đơn hàng,86bf77bdb52e615674772d5817c6212f,379.38,4,5,75.88,2141
Bài 10 - Xếp hạng seller theo tổng doanh thu và số lượng đơn hàng,51f108f62cb87d61918159902c8f8583,378.76,3,3,126.25,2142
Bài 10 - Xếp hạng seller theo tổng doanh thu và số lượng đơn hàng,2d22fc3089eb907b29ebff50581fb472,377.39,3,3,125.8,2143
Bài 10 - Xếp hạng seller theo tổng doanh thu và số lượng đơn hàng,8fd3b4468f6425810648177996c14cbd,376.57,1,1,376.57,2144
Bài 10 - Xếp hạng seller theo tổng doanh thu và số lượng đơn hàng,debe6615cd90cc0c2eac2b8988e1f628,374.03,5,5,74.81,2145
Bài 10 - Xếp hạng seller theo tổng doanh thu và số lượng đơn hàng,9b00cad94ef3078faf6fba2e792c158f,373.82,1,1,373.82,2146
Bài 10 - Xếp hạng seller theo tổng doanh thu và số lượng đơn hàng,e83e93b71371817b11d78a63ff156aee,373.38,2,3,124.46,2147
Bài 10 - Xếp hạng seller theo tổng doanh thu và số lượng đơn hàng,a7a9b880c49781da66651ccf4ba9ac38,373.07,3,4,93.27,2148
Bài 10 - Xếp hạng seller theo tổng doanh thu và số lượng đơn hàng,ea1776927851da2532aa70d6a32c095a,372.32,3,3,124.11,2149
Bài 10 - Xếp hạng seller theo tổng doanh thu và số lượng đơn hàng,c76d418370990614e89e956c7a7567d9,369.77,2,2,184.89,2150
Bài 10 - Xếp hạng seller theo tổng doanh thu và số lượng đơn hàng,9cf787a239c1aa29dbd76f153dc13f9a,368.4,4,4,92.1,2151
Bài 10 - Xếp hạng seller theo tổng doanh thu và số lượng đơn hàng,6d1b9c9579132c87d2703ec38c30f2c5,367.39,4,4,91.85,2152
Bài 10 - Xếp hạng seller theo tổng doanh thu và số lượng đơn hàng,0cab2da43793a6f3c5ed8514c5f54627,366.9,3,3,122.3,2153
Bài 10 - Xếp hạng seller theo tổng doanh thu và số lượng đơn hàng,12c2ed9cded6138cf0c75f525f565fc7,366.01,4,4,91.5,2154
Bài 10 - Xếp hạng seller theo tổng doanh thu và số lượng đơn hàng,8c9348f33ae3dada25c99c99ade2af78,364.93,2,2,182.47,2155
Bài 10 - Xếp hạng seller theo tổng doanh thu và số lượng đơn hàng,7957cac1a02f45d0a4a7e45626382ec2,364.64,1,1,364.64,2156
Bài 10 - Xếp hạng seller theo tổng doanh thu và số lượng đơn hàng,5ca5d579b5857ee8709479b1047cecc3,363.88,2,2,181.94,2157
Bài 10 - Xếp hạng seller theo tổng doanh thu và số lượng đơn hàng,2b402d5dc42554061f8ea98d1916f148,363.79,1,1,363.79,2158
Bài 10 - Xếp hạng seller theo tổng doanh thu và số lượng đơn hàng,4b98b0428fc1932cc2514ef9ce2505e6,363.43,2,2,181.71,2159
Bài 10 - Xếp hạng seller theo tổng doanh thu và số lượng đơn hàng,f8d5c7085db9a4ad2b8c1ffbeb2798c8,363.41,6,6,60.57,2160
Bài 10 - Xếp hạng seller theo tổng doanh thu và số lượng đơn hàng,2b3b9ce054da76a7428df143a567b156,363.28,5,6,60.55,2161
Bài 10 - Xếp hạng seller theo tổng doanh thu và số lượng đơn hàng,dbbcfe2c8d026742134ac3e28ccde274,362.97,4,4,90.74,2162
Bài 10 - Xếp hạng seller theo tổng doanh thu và số lượng đơn hàng,2c538755f1ca9540af144f266e70df6c,359.91,1,1,359.91,2163
Bài 10 - Xếp hạng seller theo tổng doanh thu và số lượng đơn hàng,dcf3755cefcdc158ad0b7bdde51e871b,359.03,3,3,119.68,2164
Bài 10 - Xếp hạng seller theo tổng doanh thu và số lượng đơn hàng,c3fe93ba3085f92855c97e57f38c8c05,358.97,7,7,51.28,2165
Bài 10 - Xếp hạng seller theo tổng doanh thu và số lượng đơn hàng,ec8463980a4e0ea9f8517aea1ed0c419,357.96,2,8,44.74,2166
Bài 10 - Xếp hạng seller theo tổng doanh thu và số lượng đơn hàng,ea3ebea5317b0efbc663ecc8ce5e9bc2,357.35,3,3,119.12,2167
Bài 10 - Xếp hạng seller theo tổng doanh thu và số lượng đơn hàng,7fe21dd00d2f4943ae09525efa2fd674,356.96,4,4,89.24,2168
Bài 10 - Xếp hạng seller theo tổng doanh thu và số lượng đơn hàng,6f1a1263039c76e68f40a8e536b1da6a,356.84,4,7,50.98,2169
Bài 10 - Xếp hạng seller theo tổng doanh thu và số lượng đơn hàng,1703bc09972dab9782e7a9194943b69f,356.11,1,1,356.11,2170
Bài 10 - Xếp hạng seller theo tổng doanh thu và số lượng đơn hàng,bbe87dce25ba8b38bb61cc7210a3f10b,355.39,2,2,177.7,2171
Bài 10 - Xếp hạng seller theo tổng doanh thu và số lượng đơn hàng,b76a1f8356322f12529c37b67d5c96c2,354.89,5,5,70.98,2172
Bài 10 - Xếp hạng seller theo tổng doanh thu và số lượng đơn hàng,a81466620e46a6970b22ef40379fdfc9,354.78,2,2,177.39,2173
Bài 10 - Xếp hạng seller theo tổng doanh thu và số lượng đơn hàng,adbe70ab2c97442046d393988c8d1d27,354.65,5,5,70.93,2174
Bài 10 - Xếp hạng seller theo tổng doanh thu và số lượng đơn hàng,d149de2f383552baea37a7198c2296ce,354.37,3,3,118.12,2175
Bài 10 - Xếp hạng seller theo tổng doanh thu và số lượng đơn hàng,76d336555bb25f3165d2f0d6da719c40,353.63,2,2,176.82,2176
Bài 10 - Xếp hạng seller theo tổng doanh thu và số lượng đơn hàng,4dc646b9b9e8e411ef48ba000ea3ac6f,353.26,4,5,70.65,2177
Bài 10 - Xếp hạng seller theo tổng doanh thu và số lượng đơn hàng,ba89796db68db180bd389de96b2ff3b6,353.26,2,2,176.63,2178
Bài 10 - Xếp hạng seller theo tổng doanh thu và số lượng đơn hàng,7f35f9daf223da737b78738fbae4d977,353.01,5,5,70.6,2179
Bài 10 - Xếp hạng seller theo tổng doanh thu và số lượng đơn hàng,0ec28cec4046a4a199b6de9b4c891d97,352.64,3,4,88.16,2180
Bài 10 - Xếp hạng seller theo tổng doanh thu và số lượng đơn hàng,77714512e8d4dda9c234da8e3faf16e4,348.98,4,6,58.16,2181
Bài 10 - Xếp hạng seller theo tổng doanh thu và số lượng đơn hàng,46ef1a25845fc051c2998d878354810c,348.45,5,5,69.69,2182
Bài 10 - Xếp hạng seller theo tổng doanh thu và số lượng đơn hàng,4e0d109ccfba9a1151c103049880c857,347.73,2,2,173.87,2183
Bài 10 - Xếp hạng seller theo tổng doanh thu và số lượng đơn hàng,5236605f4d4b0b3e4df85b850393fca0,347.48,5,5,69.5,2184
Bài 10 - Xếp hạng seller theo tổng doanh thu và số lượng đơn hàng,eb9267cccc90f1b49c8d2f9887c7dd97,346.27,1,1,346.27,2185
Bài 10 - Xếp hạng seller theo tổng doanh thu và số lượng đơn hàng,71593c7413973a1e160057b80d4958f6,345.35,2,5,69.07,2186
Bài 10 - Xếp hạng seller theo tổng doanh thu và số lượng đơn hàng,3606774ec64634822d78dc2db6d37045,345.2,2,2,172.6,2187
Bài 10 - Xếp hạng seller theo tổng doanh thu và số lượng đơn hàng,2d9e8987a2ea5cf88dce330249043ff1,344.17,2,2,172.09,2188
Bài 10 - Xếp hạng seller theo tổng doanh thu và số lượng đơn hàng,e628d4a53c109f09ca88098338b3a3f5,343.9,1,1,343.9,2189
Bài 10 - Xếp hạng seller theo tổng doanh thu và số lượng đơn hàng,c990d6cf976a5718aaedc539f383ab88,341.99,10,11,31.09,2190
Bài 10 - Xếp hạng seller theo tổng doanh thu và số lượng đơn hàng,90b36c5aeb728d5504a39f435bef0c5f,340.23,5,7,48.6,2191
Bài 10 - Xếp hạng seller theo tổng doanh thu và số lượng đơn hàng,d36b07fd3c5088e477a72d1fccfe29d4,339.86,1,1,339.86,2192
Bài 10 - Xếp hạng seller theo tổng doanh thu và số lượng đơn hàng,94c49f20a123aeb9360dbf80ff912bf6,339.29,3,3,113.1,2193
Bài 10 - Xếp hạng seller theo tổng doanh thu và số lượng đơn hàng,19a7c9f66ffa6452ff4b4c0cca71da27,338.74,1,1,338.74,2194
Bài 10 - Xếp hạng seller theo tổng doanh thu và số lượng đơn hàng,e94b64dc6979b302a5a5be1662c83bb6,338.63,2,2,169.32,2195
Bài 10 - Xếp hạng seller theo tổng doanh thu và số lượng đơn hàng,33d677f27a69b84051204ee4ae76eaca,338.49,9,10,33.85,2196
Bài 10 - Xếp hạng seller theo tổng doanh thu và số lượng đơn hàng,e819bcfade7b5d88a27325eb6cfd62c5,338.25,5,11,30.75,2197
Bài 10 - Xếp hạng seller theo tổng doanh thu và số lượng đơn hàng,c5ebe6598748b0aeaa61cfb820478b92,337.17,3,3,112.39,2198
Bài 10 - Xếp hạng seller theo tổng doanh thu và số lượng đơn hàng,c70a353f02429c00775a46a75fb787da,336.94,6,6,56.16,2199
Bài 10 - Xếp hạng seller theo tổng doanh thu và số lượng đơn hàng,4f40d2ed38d1cc945364a7cd202a82c7,336.89,1,1,336.89,2200
Bài 10 - Xếp hạng seller theo tổng doanh thu và số lượng đơn hàng,c0f783394e37cd9c9d7f5f81141450fa,336.75,6,6,56.13,2201
Bài 10 - Xếp hạng seller theo tổng doanh thu và số lượng đơn hàng,e83c76265fc54bf41eac728805e4da77,336.49,8,8,42.06,2202
Bài 10 - Xếp hạng seller theo tổng doanh thu và số lượng đơn hàng,3b18f9856c6eb2413eafedb58e9eecd9,335.09,1,1,335.09,2203
Bài 10 - Xếp hạng seller theo tổng doanh thu và số lượng đơn hàng,3dc69bf2c42f0568a5c4791ec3fd3745,334.43,2,2,167.22,2204
Bài 10 - Xếp hạng seller theo tổng doanh thu và số lượng đơn hàng,baa49d93c8c8841e27400a300f5d74b2,334.42,6,6,55.74,2205
Bài 10 - Xếp hạng seller theo tổng doanh thu và số lượng đơn hàng,20611af7866c6068fd5ae1f9dbe15c92,334.3,2,2,167.15,2206
Bài 10 - Xếp hạng seller theo tổng doanh thu và số lượng đơn hàng,21d59342ba150175ca2aa4f8faddeca6,334.29,2,2,167.15,2207
Bài 10 - Xếp hạng seller theo tổng doanh thu và số lượng đơn hàng,94b9108d4b637ba65bb4f1e53cfcf8d8,334.09,7,8,41.76,2208
Bài 10 - Xếp hạng seller theo tổng doanh thu và số lượng đơn hàng,28405831a29823802aa22c084cfd0649,333.18,7,7,47.6,2209
Bài 10 - Xếp hạng seller theo tổng doanh thu và số lượng đơn hàng,c611f4ce9ce875bcc063fa97fd4d7d12,332.25,1,1,332.25,2210
Bài 10 - Xếp hạng seller theo tổng doanh thu và số lượng đơn hàng,32f1bb9dfa65bc7df5c0d9d95a616be4,332.17,5,6,55.36,2211
Bài 10 - Xếp hạng seller theo tổng doanh thu và số lượng đơn hàng,83c465a786b06574376909b35ef6752a,330.46,3,3,110.15,2212
Bài 10 - Xếp hạng seller theo tổng doanh thu và số lượng đơn hàng,14f2b3587172b9db894c9bad8dab520b,330.06,2,2,165.03,2213
Bài 10 - Xếp hạng seller theo tổng doanh thu và số lượng đơn hàng,661ad5fcc28cdfb8bcadb12bb2272475,329.71,4,7,47.1,2214
Bài 10 - Xếp hạng seller theo tổng doanh thu và số lượng đơn hàng,5733d806668f8712c24b9abaefbfa642,329.68,2,2,164.84,2215
Bài 10 - Xếp hạng seller theo tổng doanh thu và số lượng đơn hàng,bc39d8938f90a3a2b98193723ed59774,329.11,2,2,164.56,2216
Bài 10 - Xếp hạng seller theo tổng doanh thu và số lượng đơn hàng,58e4b302b54937e55a678c4d15111da4,328.85,3,3,109.62,2217
Bài 10 - Xếp hạng seller theo tổng doanh thu và số lượng đơn hàng,bdb3edbaee43a761e2d4f258dc08f348,328.36,5,5,65.67,2218
Bài 10 - Xếp hạng seller theo tổng doanh thu và số lượng đơn hàng,48b6c3f4c6a93171da04b75313f2130f,328.06,2,2,164.03,2219
Bài 10 - Xếp hạng seller theo tổng doanh thu và số lượng đơn hàng,5dc4bdaf869e8c77c648078cbe8d59c2,327.49,1,1,327.49,2220
Bài 10 - Xếp hạng seller theo tổng doanh thu và số lượng đơn hàng,4d6fb82c629c7a5028bfd973c07b05e0,327.43,2,2,163.72,2221
Bài 10 - Xếp hạng seller theo tổng doanh thu và số lượng đơn hàng,0761743cbffb25d7148189e9f1a5f03a,327.4,3,7,46.77,2222
Bài 10 - Xếp hạng seller theo tổng doanh thu và số lượng đơn hàng,e46bc031f2c5bae4ccb40bb90712e9b4,327.39,1,1,327.39,2223
Bài 10 - Xếp hạng seller theo tổng doanh thu và số lượng đơn hàng,ede2977fbaf3738583170735ca403f6c,327.25,1,1,327.25,2224
Bài 10 - Xếp hạng seller theo tổng doanh thu và số lượng đơn hàng,f410c8873029fcc3809b9df6d0b28914,327.1,2,2,163.55,2225
Bài 10 - Xếp hạng seller theo tổng doanh thu và số lượng đơn hàng,10264f60a8f0a4d2f30810f5c661c673,326.46,4,4,81.62,2226
Bài 10 - Xếp hạng seller theo tổng doanh thu và số lượng đơn hàng,5194c22ed1f616ec0c0f33c571542879,326.45,4,4,81.61,2227
Bài 10 - Xếp hạng seller theo tổng doanh thu và số lượng đơn hàng,9b1ab052f5fca308ba743ac789ebb2e1,326.08,2,2,163.04,2228
Bài 10 - Xếp hạng seller theo tổng doanh thu và số lượng đơn hàng,ebd1417732defaf66c50b5a800eb293e,325.33,1,1,325.33,2229
Bài 10 - Xếp hạng seller theo tổng doanh thu và số lượng đơn hàng,2ee0a0689f2f6a72f35a7cb6033f6e7e,324.84,4,4,81.21,2230
Bài 10 - Xếp hạng seller theo tổng doanh thu và số lượng đơn hàng,aa762680c40618316a896838866140ea,323.46,3,3,107.82,2231
Bài 10 - Xếp hạng seller theo tổng doanh thu và số lượng đơn hàng,252e76235acb79183cfca6e34f13337d,321.77,3,4,80.44,2232
Bài 10 - Xếp hạng seller theo tổng doanh thu và số lượng đơn hàng,800214c63934acd05d47e84214db8ba8,321.34,4,4,80.34,2233
Bài 10 - Xếp hạng seller theo tổng doanh thu và số lượng đơn hàng,666658b8da8370f30e1f89893b1de5e6,321.34,1,2,160.67,2234
Bài 10 - Xếp hạng seller theo tổng doanh thu và số lượng đơn hàng,6bb66d9870c2e01c05655c7ed0e7ee13,321.02,3,3,107.01,2235
Bài 10 - Xếp hạng seller theo tổng doanh thu và số lượng đơn hàng,c9e5ad1f6647f5dbd1172adf6ae3cada,319.98,4,4,80.0,2236
Bài 10 - Xếp hạng seller theo tổng doanh thu và số lượng đơn hàng,9539213aa8e023c01937bef95dc006da,319.04,9,9,35.45,2237
Bài 10 - Xếp hạng seller theo tổng doanh thu và số lượng đơn hàng,f626e15b7314c267e4429010866f70e9,319.02,5,7,45.57,2238
Bài 10 - Xếp hạng seller theo tổng doanh thu và số lượng đơn hàng,b76f4d90e85657a240495c876313adc5,318.3,1,1,318.3,2239
Bài 10 - Xếp hạng seller theo tổng doanh thu và số lượng đơn hàng,422be4cc81a457fdb46f47edeb968ae5,317.37,1,1,317.37,2240
Bài 10 - Xếp hạng seller theo tổng doanh thu và số lượng đơn hàng,6c6e3d67f969468f3bfd33f827a31222,316.41,5,6,52.74,2241
Bài 10 - Xếp hạng seller theo tổng doanh thu và số lượng đơn hàng,53088c75f948b48a7ece173ac17f0c12,316.23,3,3,105.41,2242
Bài 10 - Xếp hạng seller theo tổng doanh thu và số lượng đơn hàng,8dfbc5ff27df12f6cef751d3b9554222,316.12,4,4,79.03,2243
Bài 10 - Xếp hạng seller theo tổng doanh thu và số lượng đơn hàng,485452467ff670447e84a8370c3fc898,315.44,3,3,105.15,2244
Bài 10 - Xếp hạng seller theo tổng doanh thu và số lượng đơn hàng,04ee0ec01589969663ba5967c0e0bdc0,314.32,1,1,314.32,2245
Bài 10 - Xếp hạng seller theo tổng doanh thu và số lượng đơn hàng,31be790e64fc99f8ff48ec2bd18a3104,313.68,6,6,52.28,2246
Bài 10 - Xếp hạng seller theo tổng doanh thu và số lượng đơn hàng,87d73636a3acf123e842bb890a4db036,313.61,1,1,313.61,2247
Bài 10 - Xếp hạng seller theo tổng doanh thu và số lượng đơn hàng,f00f5b35d0abcacbdd863672f4bb2c1a,313.43,1,1,313.43,2248
Bài 10 - Xếp hạng seller theo tổng doanh thu và số lượng đơn hàng,5721089ba9214e80074f27d5a03fc0eb,312.57,5,7,44.65,2249
Bài 10 - Xếp hạng seller theo tổng doanh thu và số lượng đơn hàng,b2bdc5e7940a7d7ca8c4a37953b27a42,312.49,1,1,312.49,2250
Bài 10 - Xếp hạng seller theo tổng doanh thu và số lượng đơn hàng,a9ae440659f48b7849df83e82734150b,312.02,1,1,312.02,2251
Bài 10 - Xếp hạng seller theo tổng doanh thu và số lượng đơn hàng,94ca168e8bcb407ab85c5da308863027,311.66,5,5,62.33,2252
Bài 10 - Xếp hạng seller theo tổng doanh thu và số lượng đơn hàng,72146da5774cabf2632faedcae097a76,311.43,4,6,51.91,2253
Bài 10 - Xếp hạng seller theo tổng doanh thu và số lượng đơn hàng,08ad4ac1388e4420ca531c3edfc46198,310.67,6,7,44.38,2254
Bài 10 - Xếp hạng seller theo tổng doanh thu và số lượng đơn hàng,d594982fd877af63ace38ea1fca27c76,309.7,7,7,44.24,2255
Bài 10 - Xếp hạng seller theo tổng doanh thu và số lượng đơn hàng,13d95f0f6f73943d4ceffad0fc2cd32c,309.32,1,1,309.32,2256
Bài 10 - Xếp hạng seller theo tổng doanh thu và số lượng đơn hàng,446cc09cdbb130904da114e807dbec40,306.97,3,3,102.32,2257
Bài 10 - Xếp hạng seller theo tổng doanh thu và số lượng đơn hàng,3c88ed2e76a2247933a15daa7161eb1c,306.2,1,1,306.2,2258
Bài 10 - Xếp hạng seller theo tổng doanh thu và số lượng đơn hàng,d2572f31e9023e9850ef986a636ff9bf,305.69,1,1,305.69,2259
Bài 10 - Xếp hạng seller theo tổng doanh thu và số lượng đơn hàng,85044848b1b767db2a4a58526adef4b4,305.51,4,4,76.38,2260
Bài 10 - Xếp hạng seller theo tổng doanh thu và số lượng đơn hàng,9c54608f0996c32ae4743089d915f845,304.72,3,3,101.57,2261
Bài 10 - Xếp hạng seller theo tổng doanh thu và số lượng đơn hàng,aadfe0417e61315688b6bd7043361e25,304.18,1,1,304.18,2262
Bài 10 - Xếp hạng seller theo tổng doanh thu và số lượng đơn hàng,f682e0f848abafc6f41e0d4e868c66ef,304.0,2,2,152.0,2263
Bài 10 - Xếp hạng seller theo tổng doanh thu và số lượng đơn hàng,fb8904a8ea99f8831b64ce27db2c1765,302.36,2,2,151.18,2264
Bài 10 - Xếp hạng seller theo tổng doanh thu và số lượng đơn hàng,ebef8d8c92b4fd3226e5d407bbff21ac,302.06,3,3,100.69,2265
Bài 10 - Xếp hạng seller theo tổng doanh thu và số lượng đơn hàng,353e21e8bf8de2722b4fae1636664b76,299.89,4,4,74.97,2266
Bài 10 - Xếp hạng seller theo tổng doanh thu và số lượng đơn hàng,4be2e7f96b4fd749d52dff41f80e39dd,299.84,1,1,299.84,2267
Bài 10 - Xếp hạng seller theo tổng doanh thu và số lượng đơn hàng,92c8bc6e8f925792247656fed09aad65,299.57,3,3,99.86,2268
Bài 10 - Xếp hạng seller theo tổng doanh thu và số lượng đơn hàng,f419677537694f0462a91990df6ca44f,299.28,6,6,49.88,2269
Bài 10 - Xếp hạng seller theo tổng doanh thu và số lượng đơn hàng,f9bbdd976532d50b7816d285a22bd01e,298.37,2,2,149.19,2270
Bài 10 - Xếp hạng seller theo tổng doanh thu và số lượng đơn hàng,d1e2fe627180431ffda076abb303c56f,298.05,1,1,298.05,2271
Bài 10 - Xếp hạng seller theo tổng doanh thu và số lượng đơn hàng,ec21206b7894c503788a684a7bc822a6,296.41,3,3,98.8,2272
Bài 10 - Xếp hạng seller theo tổng doanh thu và số lượng đơn hàng,9a208dee8f95cfdf00760c4d627828ec,295.99,1,1,295.99,2273
Bài 10 - Xếp hạng seller theo tổng doanh thu và số lượng đơn hàng,534a01cc6df1e034e05c32028a291fa2,295.45,5,5,59.09,2274
Bài 10 - Xếp hạng seller theo tổng doanh thu và số lượng đơn hàng,1e483cc5c76fef08d3ca05f9a8af7d01,295.07,10,11,26.82,2275
Bài 10 - Xếp hạng seller theo tổng doanh thu và số lượng đơn hàng,85ecf03781da592876b7844acc1b729f,294.9,2,2,147.45,2276
Bài 10 - Xếp hạng seller theo tổng doanh thu và số lượng đơn hàng,88ef59b51bdaa941d10a853429f2b6ce,294.7,2,2,147.35,2277
Bài 10 - Xếp hạng seller theo tổng doanh thu và số lượng đơn hàng,0e44d110fa6a54e121cb2c095a77762f,293.38,6,6,48.9,2278
Bài 10 - Xếp hạng seller theo tổng doanh thu và số lượng đơn hàng,58c851d1a3c7cd3da329eb59453fed44,293.26,2,2,146.63,2279
Bài 10 - Xếp hạng seller theo tổng doanh thu và số lượng đơn hàng,1e26c56af8d48424e1df0140a2401f83,292.39,2,2,146.2,2280
Bài 10 - Xếp hạng seller theo tổng doanh thu và số lượng đơn hàng,880eda903e719a5f179f7e9fceb3a69d,291.72,1,1,291.72,2281
Bài 10 - Xếp hạng seller theo tổng doanh thu và số lượng đơn hàng,1e47defeeadeca0e9a18fa5a9311e735,291.62,3,3,97.21,2282
Bài 10 - Xếp hạng seller theo tổng doanh thu và số lượng đơn hàng,8060d731897e33b5c5ae575ce1e209e1,290.95,5,5,58.19,2283
Bài 10 - Xếp hạng seller theo tổng doanh thu và số lượng đơn hàng,42b6488f5b8246d9141712abd4b1b693,289.8,2,2,144.9,2284
Bài 10 - Xếp hạng seller theo tổng doanh thu và số lượng đơn hàng,bab0a8cd684e41ba6e2637dca0979d3b,289.04,1,1,289.04,2285
Bài 10 - Xếp hạng seller theo tổng doanh thu và số lượng đơn hàng,8ccf3cf69651cc1d8a02c8bfaf3b8568,288.63,2,2,144.32,2286
Bài 10 - Xếp hạng seller theo tổng doanh thu và số lượng đơn hàng,88ae906ea2acf6971f26c3e8b7cb4357,288.01,3,3,96.0,2287
Bài 10 - Xếp hạng seller theo tổng doanh thu và số lượng đơn hàng,10cdd491d1dbea8fb4ead97b19c334ce,287.76,3,3,95.92,2288
Bài 10 - Xếp hạng seller theo tổng doanh thu và số lượng đơn hàng,6548c2550b6e2d8f18053216e1c7b6f3,287.55,3,5,57.51,2289
Bài 10 - Xếp hạng seller theo tổng doanh thu và số lượng đơn hàng,e88f7a2995ba184710d339c5c4bf2e30,287.51,2,2,143.76,2290
Bài 10 - Xếp hạng seller theo tổng doanh thu và số lượng đơn hàng,57fe6232e67823593374a2281d7a8af8,284.04,8,8,35.5,2291
Bài 10 - Xếp hạng seller theo tổng doanh thu và số lượng đơn hàng,ec5c1d94df153d473b37f880977ae58e,283.74,2,3,94.58,2292
Bài 10 - Xếp hạng seller theo tổng doanh thu và số lượng đơn hàng,483ca627d131e18f988349b1655c0acd,283.73,1,1,283.73,2293
Bài 10 - Xếp hạng seller theo tổng doanh thu và số lượng đơn hàng,ae45ad30c2d2e5913094769690a239d2,283.06,1,2,141.53,2294
Bài 10 - Xếp hạng seller theo tổng doanh thu và số lượng đơn hàng,50bf89f1349bc0409a268c3a49678009,282.47,1,1,282.47,2295
Bài 10 - Xếp hạng seller theo tổng doanh thu và số lượng đơn hàng,b57e8460909fa137df7951b4a3b5ea84,282.14,1,2,141.07,2296
Bài 10 - Xếp hạng seller theo tổng doanh thu và số lượng đơn hàng,2d2322d842118867781fc737e96d59a1,281.37,8,10,28.14,2297
Bài 10 - Xếp hạng seller theo tổng doanh thu và số lượng đơn hàng,984c273121e743dd14767befe6cb17f5,280.91,1,1,280.91,2298
Bài 10 - Xếp hạng seller theo tổng doanh thu và số lượng đơn hàng,4ea2f12dbe91deeacd2c1e74f069a6e6,280.27,4,6,46.71,2299
Bài 10 - Xếp hạng seller theo tổng doanh thu và số lượng đơn hàng,23ca5f678e0b3ea6c630b30fa8bf51ea,279.39,6,7,39.91,2300
Bài 10 - Xếp hạng seller theo tổng doanh thu và số lượng đơn hàng,5e25c632f9db6cfb8bc100421c2737b6,278.91,1,1,278.91,2301
Bài 10 - Xếp hạng seller theo tổng doanh thu và số lượng đơn hàng,e45edf75f568ed2f93f78d060e246e25,278.22,6,7,39.75,2302
Bài 10 - Xếp hạng seller theo tổng doanh thu và số lượng đơn hàng,5d505d2298ad549e4e4e835562fa0c1e,278.14,2,2,139.07,2303
Bài 10 - Xếp hạng seller theo tổng doanh thu và số lượng đơn hàng,954e95f20808d7e5d11f0de292d078e0,277.96,3,4,69.49,2304
Bài 10 - Xếp hạng seller theo tổng doanh thu và số lượng đơn hàng,70f7e8018e3d46c748c92f026aa2585a,277.68,1,2,138.84,2305
Bài 10 - Xếp hạng seller theo tổng doanh thu và số lượng đơn hàng,3fadb4cba4c35bce6a7eaf9872d5623a,277.52,3,5,55.5,2306
Bài 10 - Xếp hạng seller theo tổng doanh thu và số lượng đơn hàng,75745ef7bc7d4f3ea3380f6f5303f514,277.32,3,3,92.44,2307
Bài 10 - Xếp hạng seller theo tổng doanh thu và số lượng đơn hàng,0af977692321d895349eded183341d28,277.22,2,2,138.61,2308
Bài 10 - Xếp hạng seller theo tổng doanh thu và số lượng đơn hàng,3d49bfdd1b43a7fe169b3740067acc61,276.82,3,3,92.27,2309
Bài 10 - Xếp hạng seller theo tổng doanh thu và số lượng đơn hàng,d6cd01c59123df02fc226eadbadb5f89,276.11,2,3,92.04,2310
Bài 10 - Xếp hạng seller theo tổng doanh thu và số lượng đơn hàng,ad8b531ae67582f096925cff5630d0d1,275.91,3,3,91.97,2311
Bài 10 - Xếp hạng seller theo tổng doanh thu và số lượng đơn hàng,05e107217c7266362fd44b75b2cd4cc4,275.39,5,8,34.42,2312
Bài 10 - Xếp hạng seller theo tổng doanh thu và số lượng đơn hàng,5e9f5bd34e0830569f05c9d4f56e04a8,274.86,2,2,137.43,2313
Bài 10 - Xếp hạng seller theo tổng doanh thu và số lượng đơn hàng,37ceb404da208418c9032f0674e57804,274.11,1,3,91.37,2314
Bài 10 - Xếp hạng seller theo tổng doanh thu và số lượng đơn hàng,e64882b4ef12aee8d0faca4db5b681f4,273.22,1,2,136.61,2315
Bài 10 - Xếp hạng seller theo tổng doanh thu và số lượng đơn hàng,929f342384a6607afe143d789ade1316,272.76,4,4,68.19,2316
Bài 10 - Xếp hạng seller theo tổng doanh thu và số lượng đơn hàng,c0aff2da32c17759d30b22fb0af6649d,272.33,4,5,54.47,2317
Bài 10 - Xếp hạng seller theo tổng doanh thu và số lượng đơn hàng,d9cb0052a666de5308b32f32ad5f1b1c,270.49,3,3,90.16,2318
Bài 10 - Xếp hạng seller theo tổng doanh thu và số lượng đơn hàng,578460d8319c51dab351cd9db95eadfe,270.45,1,1,270.45,2319
Bài 10 - Xếp hạng seller theo tổng doanh thu và số lượng đơn hàng,28c7d8743fbc8679f484868cc0fcaefb,270.36,3,3,90.12,2320
Bài 10 - Xếp hạng seller theo tổng doanh thu và số lượng đơn hàng,4c1c7281388a33dd06daac44f9fadbd1,269.91,5,5,53.98,2321
Bài 10 - Xếp hạng seller theo tổng doanh thu và số lượng đơn hàng,e5d4b2b0c3bca22085f7a19a28de0c42,269.56,4,4,67.39,2322
Bài 10 - Xếp hạng seller theo tổng doanh thu và số lượng đơn hàng,001e6ad469a905060d959994f1b41e4f,267.94,1,1,267.94,2323
Bài 10 - Xếp hạng seller theo tổng doanh thu và số lượng đơn hàng,4e2627090e6e5b9fabba883a37897683,267.62,2,5,53.52,2324
Bài 10 - Xếp hạng seller theo tổng doanh thu và số lượng đơn hàng,1c56ffe0e9dea2657fc6e95b53f40b13,267.39,3,3,89.13,2325
Bài 10 - Xếp hạng seller theo tổng doanh thu và số lượng đơn hàng,4b90495391ac0bd181a80a459df1e718,266.11,1,1,266.11,2326
Bài 10 - Xếp hạng seller theo tổng doanh thu và số lượng đơn hàng,33ab10be054370c254ddfcf0a6253422,265.53,4,4,66.38,2327
Bài 10 - Xếp hạng seller theo tổng doanh thu và số lượng đơn hàng,cb32766839f443db85c82a43c4a6c19e,265.51,2,2,132.76,2328
Bài 10 - Xếp hạng seller theo tổng doanh thu và số lượng đơn hàng,f8e2c1b59cd4225a3e4fd0d013a76b93,264.43,2,3,88.14,2329
Bài 10 - Xếp hạng seller theo tổng doanh thu và số lượng đơn hàng,2a50b7ee5aebecc6fd0ff9784a4747d6,264.24,1,2,132.12,2330
Bài 10 - Xếp hạng seller theo tổng doanh thu và số lượng đơn hàng,f3975e8a41157005d4bcbb358678cd9b,262.78,2,2,131.39,2331
Bài 10 - Xếp hạng seller theo tổng doanh thu và số lượng đơn hàng,efb628aa07c8ca93d7db0d85b91a4f5a,262.1,1,1,262.1,2332
Bài 10 - Xếp hạng seller theo tổng doanh thu và số lượng đơn hàng,fec6912baad85d41729669edd6b4d3b8,261.97,1,1,261.97,2333
Bài 10 - Xếp hạng seller theo tổng doanh thu và số lượng đơn hàng,615c3462099ffa940d37b17dfda19594,261.05,2,2,130.53,2334
Bài 10 - Xếp hạng seller theo tổng doanh thu và số lượng đơn hàng,762fafdaa57a532ee0119731697579dd,260.87,5,5,52.17,2335
Bài 10 - Xếp hạng seller theo tổng doanh thu và số lượng đơn hàng,4ce8b55b4bfa4659184e7becc1fba3f2,258.87,2,2,129.44,2336
Bài 10 - Xếp hạng seller theo tổng doanh thu và số lượng đơn hàng,3dfd3dc96f7f8598eca74e9ac8a2fa31,258.7,6,6,43.12,2337
Bài 10 - Xếp hạng seller theo tổng doanh thu và số lượng đơn hàng,8a8835a43bda99fd37310ad76c457510,258.54,2,3,86.18,2338
Bài 10 - Xếp hạng seller theo tổng doanh thu và số lượng đơn hàng,902c99f1ac505c0d18778b61bcd636f7,258.12,4,4,64.53,2339
Bài 10 - Xếp hạng seller theo tổng doanh thu và số lượng đơn hàng,81ed90f07c0bacb7594940ba2ef676aa,257.46,2,2,128.73,2340
Bài 10 - Xếp hạng seller theo tổng doanh thu và số lượng đơn hàng,7f5e4d5efad7e44b91115dd1decb65f3,257.32,3,9,28.59,2341
Bài 10 - Xếp hạng seller theo tổng doanh thu và số lượng đơn hàng,5a9c0859cb00fd8aa4db443837f0a700,255.59,2,2,127.8,2342
Bài 10 - Xếp hạng seller theo tổng doanh thu và số lượng đơn hàng,e0a3c37054ade6478d923a6efc10f308,254.98,2,2,127.49,2343
Bài 10 - Xếp hạng seller theo tổng doanh thu và số lượng đơn hàng,269c5fc9fcadee614364c3620c30a1f9,254.72,3,6,42.45,2344
Bài 10 - Xếp hạng seller theo tổng doanh thu và số lượng đơn hàng,d1a5cc844736958c11b8efab9a2b4c87,254.01,1,1,254.01,2345
Bài 10 - Xếp hạng seller theo tổng doanh thu và số lượng đơn hàng,3bfad056cf05c00dabe2f895925d83b1,253.35,1,5,50.67,2346
Bài 10 - Xếp hạng seller theo tổng doanh thu và số lượng đơn hàng,8d92f3ea807b89465643c219455e7369,252.77,3,8,31.6,2347
Bài 10 - Xếp hạng seller theo tổng doanh thu và số lượng đơn hàng,1746c1ae87ac63d530c7c943d0ac42e2,252.35,1,1,252.35,2348
Bài 10 - Xếp hạng seller theo tổng doanh thu và số lượng đơn hàng,4ce6e5f6c52515177e18c1c9361d8677,252.27,1,1,252.27,2349
Bài 10 - Xếp hạng seller theo tổng doanh thu và số lượng đơn hàng,3f84fefc07dc159b268d4a77d3e8c425,251.92,3,3,83.97,2350
Bài 10 - Xếp hạng seller theo tổng doanh thu và số lượng đơn hàng,740205fedfe4e90ca6857bc77db0f2b4,251.83,1,1,251.83,2351
Bài 10 - Xếp hạng seller theo tổng doanh thu và số lượng đơn hàng,b05b432bf68945d4d9783f9e3ca29ee8,250.89,2,2,125.45,2352
Bài 10 - Xếp hạng seller theo tổng doanh thu và số lượng đơn hàng,e59e575a175fadcadf8479e191770425,250.88,1,1,250.88,2353
Bài 10 - Xếp hạng seller theo tổng doanh thu và số lượng đơn hàng,fe8055980a4ff7f64ed889c2b5926929,249.98,3,3,83.33,2354
Bài 10 - Xếp hạng seller theo tổng doanh thu và số lượng đơn hàng,72431a818f97fe6ab9c81eee3e297e54,249.39,1,1,249.39,2355
Bài 10 - Xếp hạng seller theo tổng doanh thu và số lượng đơn hàng,a663d9c3797e90eac99ff60939416a56,249.08,1,1,249.08,2356
Bài 10 - Xếp hạng seller theo tổng doanh thu và số lượng đơn hàng,bec568278124768c474ee90971ca94d1,249.06,2,2,124.53,2357
Bài 10 - Xếp hạng seller theo tổng doanh thu và số lượng đơn hàng,74c7dec0a384d8a05950e629bd23bde9,248.88,5,5,49.78,2358
Bài 10 - Xếp hạng seller theo tổng doanh thu và số lượng đơn hàng,a0a14e50070f3225b3eabba5b85da517,248.64,4,4,62.16,2359
Bài 10 - Xếp hạng seller theo tổng doanh thu và số lượng đơn hàng,7d484ca289afaac6bf5fc6a1e96d2226,248.42,2,2,124.21,2360
Bài 10 - Xếp hạng seller theo tổng doanh thu và số lượng đơn hàng,50770d25768b0486d89be26afca3108f,247.86,6,6,41.31,2361
Bài 10 - Xếp hạng seller theo tổng doanh thu và số lượng đơn hàng,809413606dbfe5deefd2db646693ef67,247.05,3,5,49.41,2362
Bài 10 - Xếp hạng seller theo tổng doanh thu và số lượng đơn hàng,643c01d7c56a724bec0454f4780e8a3e,246.65,2,2,123.33,2363
Bài 10 - Xếp hạng seller theo tổng doanh thu và số lượng đơn hàng,3442f8959a84dea7ee197c632cb2df15,246.6,3,3,82.2,2364
Bài 10 - Xếp hạng seller theo tổng doanh thu và số lượng đơn hàng,538caafddff204241cecbf3a02e6b3cf,246.49,9,9,27.39,2365
Bài 10 - Xếp hạng seller theo tổng doanh thu và số lượng đơn hàng,bcc9dd23e2a8bd8267cf92b19304a1b9,246.22,3,3,82.07,2366
Bài 10 - Xếp hạng seller theo tổng doanh thu và số lượng đơn hàng,edf3fabebcc20f7463cc9c53da932ea8,244.02,1,1,244.02,2367
Bài 10 - Xếp hạng seller theo tổng doanh thu và số lượng đơn hàng,bff9deb0ec77d437f3305a79cf25529e,242.74,5,5,48.55,2368
Bài 10 - Xếp hạng seller theo tổng doanh thu và số lượng đơn hàng,778323240ce2830d68aab11794e00bfb,242.43,3,3,80.81,2369
Bài 10 - Xếp hạng seller theo tổng doanh thu và số lượng đơn hàng,63b9ae557efed31d1f7687917d248a8d,242.31,5,7,34.62,2370
Bài 10 - Xếp hạng seller theo tổng doanh thu và số lượng đơn hàng,2075d8cd4dd63ff12df0749a5866bb06,242.23,3,3,80.74,2371
Bài 10 - Xếp hạng seller theo tổng doanh thu và số lượng đơn hàng,b01c2b7b8599b325103ebcddc67413e1,242.12,4,4,60.53,2372
Bài 10 - Xếp hạng seller theo tổng doanh thu và số lượng đơn hàng,7e3dde9ffba72d5340f9aaf09b4424be,242.03,1,1,242.03,2373
Bài 10 - Xếp hạng seller theo tổng doanh thu và số lượng đơn hàng,90b57083da5d803237da74daec6dcb2b,241.21,2,2,120.6,2374
Bài 10 - Xếp hạng seller theo tổng doanh thu và số lượng đơn hàng,a218df5c097b0ca409cfaac1488cc7f6,240.7,4,4,60.18,2375
Bài 10 - Xếp hạng seller theo tổng doanh thu và số lượng đơn hàng,eec3469d83e142f9a104886655338c37,240.44,4,4,60.11,2376
Bài 10 - Xếp hạng seller theo tổng doanh thu và số lượng đơn hàng,034b9387752bfa309f350a70cd45ffa3,240.26,8,8,30.03,2377
Bài 10 - Xếp hạng seller theo tổng doanh thu và số lượng đơn hàng,762ed976527cddf02787edba70fffa2a,240.12,3,4,60.03,2378
Bài 10 - Xếp hạng seller theo tổng doanh thu và số lượng đơn hàng,0f7eea709efdf942b5f95c7516dbacd7,240.06,3,3,80.02,2379
Bài 10 - Xếp hạng seller theo tổng doanh thu và số lượng đơn hàng,586a871d4f1221763fddb6ceefdeb95e,239.48,1,2,119.74,2380
Bài 10 - Xếp hạng seller theo tổng doanh thu và số lượng đơn hàng,31e60bf8d103ce47932a85f5562deb16,239.04,1,1,239.04,2381
Bài 10 - Xếp hạng seller theo tổng doanh thu và số lượng đơn hàng,7d948535954aaf8c5d39db007f74372e,237.8,4,4,59.45,2382
Bài 10 - Xếp hạng seller theo tổng doanh thu và số lượng đơn hàng,b5f49fe968dff6b112861e6cd8e192ef,237.67,1,2,118.84,2383
Bài 10 - Xếp hạng seller theo tổng doanh thu và số lượng đơn hàng,7ad41305e96a6cab8294cd65891e9a86,237.6,2,2,118.8,2384
Bài 10 - Xếp hạng seller theo tổng doanh thu và số lượng đơn hàng,1de62b6f2fd96227629786db492433db,237.53,2,2,118.77,2385
Bài 10 - Xếp hạng seller theo tổng doanh thu và số lượng đơn hàng,f9eda05b67bef472deaddbba84aca289,236.79,1,1,236.79,2386
Bài 10 - Xếp hạng seller theo tổng doanh thu và số lượng đơn hàng,751e274377499a8503fd6243ad9c56f6,235.84,1,2,117.92,2387
Bài 10 - Xếp hạng seller theo tổng doanh thu và số lượng đơn hàng,6e2d3e2dc84fb30f6078f39dd3bddd6f,235.28,1,1,235.28,2388
Bài 10 - Xếp hạng seller theo tổng doanh thu và số lượng đơn hàng,89d9a386b0b6e5fc8403071b03f7206a,235.25,2,5,47.05,2389
Bài 10 - Xếp hạng seller theo tổng doanh thu và số lượng đơn hàng,3d700782d7818f2c1e0d7a9e9d75fc00,235.11,3,3,78.37,2390
Bài 10 - Xếp hạng seller theo tổng doanh thu và số lượng đơn hàng,9da15f4a4ea758d9eeb49000dbe57e22,234.61,1,1,234.61,2391
Bài 10 - Xếp hạng seller theo tổng doanh thu và số lượng đơn hàng,e0482f2c769468c3bbcd8a01e09d98c5,234.4,1,1,234.4,2392
Bài 10 - Xếp hạng seller theo tổng doanh thu và số lượng đơn hàng,3d290fe363c60a77498c1126fd3fb8d3,234.04,3,3,78.01,2393
Bài 10 - Xếp hạng seller theo tổng doanh thu và số lượng đơn hàng,a4b8d97cd5d3674eeff96abc99d8ed67,233.38,1,1,233.38,2394
Bài 10 - Xếp hạng seller theo tổng doanh thu và số lượng đơn hàng,dd8a29ce82d5c705ba932d81494600a5,233.25,2,2,116.63,2395
Bài 10 - Xếp hạng seller theo tổng doanh thu và số lượng đơn hàng,4f0d637c1197fd65405ebd755ac9f86b,232.47,2,2,116.24,2396
Bài 10 - Xếp hạng seller theo tổng doanh thu và số lượng đơn hàng,ccada0ef508e698917a6eab263375905,231.96,3,3,77.32,2397
Bài 10 - Xếp hạng seller theo tổng doanh thu và số lượng đơn hàng,e503f22be6a4f456d9851920a5d9c670,231.34,2,2,115.67,2398
Bài 10 - Xếp hạng seller theo tổng doanh thu và số lượng đơn hàng,478bfe564db21eeb44386606aa30b650,230.8,3,3,76.93,2399
Bài 10 - Xếp hạng seller theo tổng doanh thu và số lượng đơn hàng,cd52a8efd71af3336b14b5039b951cc1,230.54,3,3,76.85,2400
Bài 10 - Xếp hạng seller theo tổng doanh thu và số lượng đơn hàng,fc6295add6f51a0936407ead70c1001d,230.52,1,4,57.63,2401
Bài 10 - Xếp hạng seller theo tổng doanh thu và số lượng đơn hàng,d8dd176509baa37f359644d082bf7f7b,229.9,2,2,114.95,2402
Bài 10 - Xếp hạng seller theo tổng doanh thu và số lượng đơn hàng,8def3db7f272735afb2ecd03aeca09a7,229.64,2,2,114.82,2403
Bài 10 - Xếp hạng seller theo tổng doanh thu và số lượng đơn hàng,6f835fd4be26989b1b064399da346143,229.25,2,2,114.63,2404
Bài 10 - Xếp hạng seller theo tổng doanh thu và số lượng đơn hàng,2cb4700db635baa1c0d4f90ed27b6669,228.72,2,2,114.36,2405
Bài 10 - Xếp hạng seller theo tổng doanh thu và số lượng đơn hàng,3fe7120d6257285ac6a3ce7cb071ccec,228.26,2,2,114.13,2406
Bài 10 - Xếp hạng seller theo tổng doanh thu và số lượng đơn hàng,2ea0861cc19e94cad86438c984c52da4,228.05,6,6,38.01,2407
Bài 10 - Xếp hạng seller theo tổng doanh thu và số lượng đơn hàng,23ff42c4bf1f8f16cddb19d8b972974a,227.67,2,3,75.89,2408
Bài 10 - Xếp hạng seller theo tổng doanh thu và số lượng đơn hàng,f35becee938e982bd615edf8ef12bcfb,226.81,6,6,37.8,2409
Bài 10 - Xếp hạng seller theo tổng doanh thu và số lượng đơn hàng,1d1bbb8ac1581824986f582583fff01d,226.47,4,4,56.62,2410
Bài 10 - Xếp hạng seller theo tổng doanh thu và số lượng đơn hàng,f356c348fbc8df6a882823e21f5ce8b7,225.65,2,2,112.83,2411
Bài 10 - Xếp hạng seller theo tổng doanh thu và số lượng đơn hàng,939f6e231201f26803cb5c3a3d2940b3,225.62,3,4,56.41,2412
Bài 10 - Xếp hạng seller theo tổng doanh thu và số lượng đơn hàng,f92d8c817434bd2d84d4e9c61322b7fa,225.61,5,5,45.12,2413
Bài 10 - Xếp hạng seller theo tổng doanh thu và số lượng đơn hàng,1cbdc7cf130a41fd13a3c2a7d2fcfda7,225.61,2,2,112.81,2414
Bài 10 - Xếp hạng seller theo tổng doanh thu và số lượng đơn hàng,3fefda3299e6dfaea3466ef346a3571a,225.21,1,1,225.21,2415
Bài 10 - Xếp hạng seller theo tổng doanh thu và số lượng đơn hàng,c747d5b92c7648417faea95d36d763e8,224.75,1,1,224.75,2416
Bài 10 - Xếp hạng seller theo tổng doanh thu và số lượng đơn hàng,8ca5b19e0263150d2c57afdde2b3d011,224.68,3,4,56.17,2417
Bài 10 - Xếp hạng seller theo tổng doanh thu và số lượng đơn hàng,651530bf5c607240ccdd89a30c9c9712,224.45,1,1,224.45,2418
Bài 10 - Xếp hạng seller theo tổng doanh thu và số lượng đơn hàng,377bc18334c78dd2f1535ef22a3ad225,224.44,1,1,224.44,2419
Bài 10 - Xếp hạng seller theo tổng doanh thu và số lượng đơn hàng,c32fc744b9160ac853450488e3cfea93,223.52,3,3,74.51,2420
Bài 10 - Xếp hạng seller theo tổng doanh thu và số lượng đơn hàng,f5403d3f50089112c4eed37928b7f622,223.2,2,2,111.6,2421
Bài 10 - Xếp hạng seller theo tổng doanh thu và số lượng đơn hàng,c5e60e39c0f42b8e827daa13cff74afa,223.1,6,8,27.89,2422
Bài 10 - Xếp hạng seller theo tổng doanh thu và số lượng đơn hàng,9e7c5f4d7770eab65738cca38f9efccf,222.88,2,2,111.44,2423
Bài 10 - Xếp hạng seller theo tổng doanh thu và số lượng đơn hàng,4d9fea3499bdc22aa4da4e339365f215,222.74,2,2,111.37,2424
Bài 10 - Xếp hạng seller theo tổng doanh thu và số lượng đơn hàng,747c1cdcd1737dcfbd1547f6eb6f2cf3,222.37,2,2,111.19,2425
Bài 10 - Xếp hạng seller theo tổng doanh thu và số lượng đơn hàng,52f6f9f13ba19504c02781132a049e75,222.13,1,1,222.13,2426
Bài 10 - Xếp hạng seller theo tổng doanh thu và số lượng đơn hàng,e9874ae10b2d60d43917b6bbfa13a599,222.1,1,1,222.1,2427
Bài 10 - Xếp hạng seller theo tổng doanh thu và số lượng đơn hàng,b7e1750c1157341d2abd0251e07c186b,220.56,3,4,55.14,2428
Bài 10 - Xếp hạng seller theo tổng doanh thu và số lượng đơn hàng,717b78b0950b51ed00b1471d858b0edc,219.75,5,5,43.95,2429
Bài 10 - Xếp hạng seller theo tổng doanh thu và số lượng đơn hàng,19e0f40a907ec568c34bfac15de4f4a1,219.62,4,4,54.91,2430
Bài 10 - Xếp hạng seller theo tổng doanh thu và số lượng đơn hàng,5db42a6cd9bf1bf0d3aab9582767f168,219.33,1,1,219.33,2431
Bài 10 - Xếp hạng seller theo tổng doanh thu và số lượng đơn hàng,dda37071807e404c5bb2a1590c66326f,219.27,1,1,219.27,2432
Bài 10 - Xếp hạng seller theo tổng doanh thu và số lượng đơn hàng,3289d8c3eef4873f91ce0b1343c0dd58,219.27,1,1,219.27,2432
Bài 10 - Xếp hạng seller theo tổng doanh thu và số lượng đơn hàng,9cea4682e16655f7da87f406902e989e,219.23,4,9,24.36,2433
Bài 10 - Xếp hạng seller theo tổng doanh thu và số lượng đơn hàng,f26d70155c2b6326fcfa1780c8c684e4,219.06,1,1,219.06,2434
Bài 10 - Xếp hạng seller theo tổng doanh thu và số lượng đơn hàng,c360e4787614ed31ac7a2f95d3b22dc6,218.95,1,1,218.95,2435
Bài 10 - Xếp hạng seller theo tổng doanh thu và số lượng đơn hàng,ca7c6bd577e559472af1c699de9e764e,218.82,6,8,27.35,2436
Bài 10 - Xếp hạng seller theo tổng doanh thu và số lượng đơn hàng,a3b0df0065e264a91b7bbf5f844af5cd,218.75,2,2,109.38,2437
Bài 10 - Xếp hạng seller theo tổng doanh thu và số lượng đơn hàng,99a25c39b28a74d1151c35c18d178292,218.7,1,6,36.45,2438
Bài 10 - Xếp hạng seller theo tổng doanh thu và số lượng đơn hàng,dbc51f5e45d654ecc16cb68e6817ecea,218.13,1,1,218.13,2439
Bài 10 - Xếp hạng seller theo tổng doanh thu và số lượng đơn hàng,3a79f35a2344ede41af21267f61d5ec6,217.71,1,1,217.71,2440
Bài 10 - Xếp hạng seller theo tổng doanh thu và số lượng đơn hàng,e1bed63d68ac36fe1f3061befe196af5,217.0,1,1,217.0,2441
Bài 10 - Xếp hạng seller theo tổng doanh thu và số lượng đơn hàng,213fafb0ca06fb3d5886579c2565791b,216.86,3,3,72.29,2442
Bài 10 - Xếp hạng seller theo tổng doanh thu và số lượng đơn hàng,818d28f936e791926d33bcb6ee94ef79,216.7,5,5,43.34,2443
Bài 10 - Xếp hạng seller theo tổng doanh thu và số lượng đơn hàng,f307937c1bb287c3efc2a514b94b0d1d,216.6,1,1,216.6,2444
Bài 10 - Xếp hạng seller theo tổng doanh thu và số lượng đơn hàng,63272377184e969942f7fff221be858d,216.23,2,2,108.12,2445
Bài 10 - Xếp hạng seller theo tổng doanh thu và số lượng đơn hàng,61f159ef6da2d441951d2c0efa719362,215.98,3,3,71.99,2446
Bài 10 - Xếp hạng seller theo tổng doanh thu và số lượng đơn hàng,bdf0d02d36a1d839d0c39c4a887cdd49,215.95,5,7,30.85,2447
Bài 10 - Xếp hạng seller theo tổng doanh thu và số lượng đơn hàng,039b29ff3b3473435d0cd59040575de9,215.55,9,9,23.95,2448
Bài 10 - Xếp hạng seller theo tổng doanh thu và số lượng đơn hàng,bd4ff04377f974574f7f0bf9d6ce7dde,215.1,4,4,53.78,2449
Bài 10 - Xếp hạng seller theo tổng doanh thu và số lượng đơn hàng,c04d70d515d15a7e3db3a73320598566,214.82,3,4,53.71,2450
Bài 10 - Xếp hạng seller theo tổng doanh thu và số lượng đơn hàng,4450bd8327d471c4a11a83d1445b1b62,214.56,1,1,214.56,2451
Bài 10 - Xếp hạng seller theo tổng doanh thu và số lượng đơn hàng,5659d77e8d90378e39b960ad5956f64e,213.13,2,2,106.57,2452
Bài 10 - Xếp hạng seller theo tổng doanh thu và số lượng đơn hàng,78ba5933c21686d1c2f64669c8c459e7,212.57,2,2,106.29,2453
Bài 10 - Xếp hạng seller theo tổng doanh thu và số lượng đơn hàng,c353f8fc0ce8344999f17d578eb69a5e,212.57,2,2,106.29,2453
Bài 10 - Xếp hạng seller theo tổng doanh thu và số lượng đơn hàng,19484c79cef6c062cb177aa4ef2fcc3c,212.06,1,1,212.06,2454
Bài 10 - Xếp hạng seller theo tổng doanh thu và số lượng đơn hàng,98dddbc4601dd4443ca174359b237166,211.67,2,2,105.84,2455
Bài 10 - Xếp hạng seller theo tổng doanh thu và số lượng đơn hàng,4a82c4af97ffc0fb2dc26bfdc03b1842,210.9,3,3,70.3,2456
Bài 10 - Xếp hạng seller theo tổng doanh thu và số lượng đơn hàng,fedf2c1386e137f296b3bbf3b635e69d,210.9,2,5,42.18,2457
Bài 10 - Xếp hạng seller theo tổng doanh thu và số lượng đơn hàng,b906dd0e57f282c7089171b6ed07982e,210.75,2,2,105.38,2458
Bài 10 - Xếp hạng seller theo tổng doanh thu và số lượng đơn hàng,45c20d94d9171b0bcfab3c955e47d67b,210.57,4,4,52.64,2459
Bài 10 - Xếp hạng seller theo tổng doanh thu và số lượng đơn hàng,8e34331b7eedd03be4e5d965c1956225,210.44,5,5,42.09,2460
Bài 10 - Xếp hạng seller theo tổng doanh thu và số lượng đơn hàng,22c32ec35d0116ef02c281798a25bf8b,210.01,4,6,35.0,2461
Bài 10 - Xếp hạng seller theo tổng doanh thu và số lượng đơn hàng,6ba4733aa33f6386e9fb0c0fd3993b38,209.88,3,3,69.96,2462
Bài 10 - Xếp hạng seller theo tổng doanh thu và số lượng đơn hàng,4bcec44888b30ba9001234c534716d3f,209.23,5,5,41.85,2463
Bài 10 - Xếp hạng seller theo tổng doanh thu và số lượng đơn hàng,7d7866a99a8656a42c7ff6352a433410,207.38,5,5,41.48,2464
Bài 10 - Xếp hạng seller theo tổng doanh thu và số lượng đơn hàng,b00af24704019bd2e1b335e70ad11f7c,207.25,1,1,207.25,2465
Bài 10 - Xếp hạng seller theo tổng doanh thu và số lượng đơn hàng,119c7f1a00ef43fad0e57604e76a747c,206.82,2,2,103.41,2466
Bài 10 - Xếp hạng seller theo tổng doanh thu và số lượng đơn hàng,0b64bcdb0784abc139af04077d49a20e,205.81,4,4,51.45,2467
Bài 10 - Xếp hạng seller theo tổng doanh thu và số lượng đơn hàng,0692610d8abe24f287e9fae90ea0bbee,205.72,4,4,51.43,2468
Bài 10 - Xếp hạng seller theo tổng doanh thu và số lượng đơn hàng,d9c349beabc06aa6ff1c6d68b5e9e22e,205.65,1,1,205.65,2469
Bài 10 - Xếp hạng seller theo tổng doanh thu và số lượng đơn hàng,43a1d4bab73b816e44ef4e4facd9f9b5,205.4,1,1,205.4,2470
Bài 10 - Xếp hạng seller theo tổng doanh thu và số lượng đơn hàng,bd0a1b0aadca9a83d9304f7e8ff5fbd5,205.19,4,4,51.3,2471
Bài 10 - Xếp hạng seller theo tổng doanh thu và số lượng đơn hàng,7adbd3210a7b3cc2235e225eef33574d,204.86,3,3,68.29,2472
Bài 10 - Xếp hạng seller theo tổng doanh thu và số lượng đơn hàng,7cf4ea70955b00d6b3c22542598e2715,204.81,1,1,204.81,2473
Bài 10 - Xếp hạng seller theo tổng doanh thu và số lượng đơn hàng,2235cf78d3e2073a88146a9cb60f0dd0,204.76,1,1,204.76,2474
Bài 10 - Xếp hạng seller theo tổng doanh thu và số lượng đơn hàng,964ff64dc05b13811c6d0f41e0aa5f6b,204.06,1,1,204.06,2475
Bài 10 - Xếp hạng seller theo tổng doanh thu và số lượng đơn hàng,698f5fa55a5f73d0740e9d9a773e8093,203.99,4,6,34.0,2476
Bài 10 - Xếp hạng seller theo tổng doanh thu và số lượng đơn hàng,5a9b3bcab695173c820e53934574ae80,203.77,1,1,203.77,2477
Bài 10 - Xếp hạng seller theo tổng doanh thu và số lượng đơn hàng,87f3e35268860433e13d577825aada95,203.48,3,3,67.83,2478
Bài 10 - Xếp hạng seller theo tổng doanh thu và số lượng đơn hàng,aae5953b9edddf14749c0d65d60eb4b9,202.9,2,2,101.45,2479
Bài 10 - Xếp hạng seller theo tổng doanh thu và số lượng đơn hàng,686886775c8f6b1191c7b953fb52708c,202.62,1,1,202.62,2480
Bài 10 - Xếp hạng seller theo tổng doanh thu và số lượng đơn hàng,bb3dca718920a4d7ec3cc9ffb025108b,201.7,2,3,67.23,2481
Bài 10 - Xếp hạng seller theo tổng doanh thu và số lượng đơn hàng,d3e7d37c0df9aef383f3f2a15b0dddfb,201.34,1,1,201.34,2482
Bài 10 - Xếp hạng seller theo tổng doanh thu và số lượng đơn hàng,0ade5cc4a305ed7093a23f68ca47519c,201.27,2,2,100.63,2483
Bài 10 - Xếp hạng seller theo tổng doanh thu và số lượng đơn hàng,a4e634166243bbb3a13fa584463fa468,201.18,2,2,100.59,2484
Bài 10 - Xếp hạng seller theo tổng doanh thu và số lượng đơn hàng,5def4c3732941a971cba8fdee992ede1,201.04,5,6,33.51,2485
Bài 10 - Xếp hạng seller theo tổng doanh thu và số lượng đơn hàng,78813699ffac347fe27dba345a5f1551,200.54,1,1,200.54,2486
Bài 10 - Xếp hạng seller theo tổng doanh thu và số lượng đơn hàng,51a04a8a6bdcb23deccc82b0b80742cf,199.92,1,1,199.92,2487
Bài 10 - Xếp hạng seller theo tổng doanh thu và số lượng đơn hàng,4dc2e811a1760953cb7c6a590b498943,199.84,1,1,199.84,2488
Bài 10 - Xếp hạng seller theo tổng doanh thu và số lượng đơn hàng,c7c7b2682c648339a0e9846bb1023a39,199.68,2,3,66.56,2489
Bài 10 - Xếp hạng seller theo tổng doanh thu và số lượng đơn hàng,88cd3681e0a2ba85e190f7d817629c4c,199.36,1,1,199.36,2490
Bài 10 - Xếp hạng seller theo tổng doanh thu và số lượng đơn hàng,e1643dff33666ca629e3644c02738179,199.31,3,3,66.44,2491
Bài 10 - Xếp hạng seller theo tổng doanh thu và số lượng đơn hàng,9dd459b29a14bf89d47183cf2cd0e4c7,198.82,2,2,99.41,2492
Bài 10 - Xếp hạng seller theo tổng doanh thu và số lượng đơn hàng,b9de031b671cd48b28fae9d828cbf2b4,198.69,1,1,198.69,2493
Bài 10 - Xếp hạng seller theo tổng doanh thu và số lượng đơn hàng,880ce4951cf857ab1d9e0b75c1d856f4,197.72,1,1,197.72,2494
Bài 10 - Xếp hạng seller theo tổng doanh thu và số lượng đơn hàng,57df9869a600bd6b7c405f2a862eccfb,197.21,5,5,39.44,2495
Bài 10 - Xếp hạng seller theo tổng doanh thu và số lượng đơn hàng,52a50b42accf164f9f019941e5759d9b,197.02,4,4,49.26,2496
Bài 10 - Xếp hạng seller theo tổng doanh thu và số lượng đơn hàng,d2df77822373f19934e87694d8640767,196.4,2,2,98.2,2497
Bài 10 - Xếp hạng seller theo tổng doanh thu và số lượng đơn hàng,94165aea8a35c3c21499cbcae239b16c,196.11,1,1,196.11,2498
Bài 10 - Xếp hạng seller theo tổng doanh thu và số lượng đơn hàng,15ac3c501e2599e4917316fde5c5669a,195.81,1,1,195.81,2499
Bài 10 - Xếp hạng seller theo tổng doanh thu và số lượng đơn hàng,9c57bc60cfad5ee62d35d3f1ce4593a1,195.43,1,1,195.43,2500
Bài 10 - Xếp hạng seller theo tổng doanh thu và số lượng đơn hàng,fa5fdc4e4bb6bd1009ad0e4ac4096562,194.85,1,1,194.85,2501
Bài 10 - Xếp hạng seller theo tổng doanh thu và số lượng đơn hàng,6a53b90c3ad9e0b56d9fe5c69165fff5,194.78,2,4,48.69,2502
Bài 10 - Xếp hạng seller theo tổng doanh thu và số lượng đơn hàng,56f413900b5166ab4d730e9ac0b12cb0,194.24,3,3,64.75,2503
Bài 10 - Xếp hạng seller theo tổng doanh thu và số lượng đơn hàng,7c9130f5f3729edd32aa059141d92484,193.15,3,4,48.29,2504
Bài 10 - Xếp hạng seller theo tổng doanh thu và số lượng đơn hàng,3ea08c48e851106d2f584349daba335f,192.94,1,1,192.94,2505
Bài 10 - Xếp hạng seller theo tổng doanh thu và số lượng đơn hàng,533d46c1b06970e99f09523a61df4972,192.62,2,2,96.31,2506
Bài 10 - Xếp hạng seller theo tổng doanh thu và số lượng đơn hàng,4bde6149c15cf7e177b36fa060dd6de8,192.46,2,2,96.23,2507
Bài 10 - Xếp hạng seller theo tổng doanh thu và số lượng đơn hàng,ea846a0e7ad98a741783e886d89dfa44,192.26,2,3,64.09,2508
Bài 10 - Xếp hạng seller theo tổng doanh thu và số lượng đơn hàng,0e72c1a751b496722a6cb1f10653b62a,192.1,3,3,64.03,2509
Bài 10 - Xếp hạng seller theo tổng doanh thu và số lượng đơn hàng,2a7c6c0b0d5efde2bf75ec1e1cec2d41,192.04,3,3,64.01,2510
Bài 10 - Xếp hạng seller theo tổng doanh thu và số lượng đơn hàng,657969cca82e884d272385ec0ef06edd,191.56,3,3,63.85,2511
Bài 10 - Xếp hạng seller theo tổng doanh thu và số lượng đơn hàng,6902157ee16728322d61a1321fa79e58,191.43,2,2,95.72,2512
Bài 10 - Xếp hạng seller theo tổng doanh thu và số lượng đơn hàng,044668ccd5316b12a7cf0d54a156e3e9,191.35,3,4,47.84,2513
Bài 10 - Xếp hạng seller theo tổng doanh thu và số lượng đơn hàng,ec2e006556300a79a5a91e4876ab3a56,191.24,4,8,23.91,2514
Bài 10 - Xếp hạng seller theo tổng doanh thu và số lượng đơn hàng,a9b533a26e898b12e8b8d4c07279bf4d,191.06,4,4,47.77,2515
Bài 10 - Xếp hạng seller theo tổng doanh thu và số lượng đơn hàng,dd9661d3cda1e6feb237f0c4d8b26f2e,190.98,1,1,190.98,2516
Bài 10 - Xếp hạng seller theo tổng doanh thu và số lượng đơn hàng,fc5a0d7a310a7a41abf86a458585ff2b,190.16,2,2,95.08,2517
Bài 10 - Xếp hạng seller theo tổng doanh thu và số lượng đơn hàng,a154d7316f158bb42e6fa18bbe3afd3a,190.13,2,2,95.07,2518
Bài 10 - Xếp hạng seller theo tổng doanh thu và số lượng đơn hàng,26e13b6ff5b641b329e5524241ee2c93,189.68,4,4,47.42,2519
Bài 10 - Xếp hạng seller theo tổng doanh thu và số lượng đơn hàng,8fbe2ee446b97e128471be4ce983dc0d,188.5,3,3,62.83,2520
Bài 10 - Xếp hạng seller theo tổng doanh thu và số lượng đơn hàng,05ca864204d09595ae591b93ea9cf93d,188.42,1,1,188.42,2521
Bài 10 - Xếp hạng seller theo tổng doanh thu và số lượng đơn hàng,4bc3d93e4a5f88a598d3d8ce4ae510b3,188.28,1,1,188.28,2522
Bài 10 - Xếp hạng seller theo tổng doanh thu và số lượng đơn hàng,5566627eab3fe93fd6ee08798226101a,187.81,5,5,37.56,2523
Bài 10 - Xếp hạng seller theo tổng doanh thu và số lượng đơn hàng,782f78b632a43875dd5b53e3e49c9564,187.57,2,3,62.52,2524
Bài 10 - Xếp hạng seller theo tổng doanh thu và số lượng đơn hàng,98e164d549402270247f3c96a1a158ef,187.42,2,2,93.71,2525
Bài 10 - Xếp hạng seller theo tổng doanh thu và số lượng đơn hàng,578fa3a9cb6b6dceab39231ad59cdaca,187.2,3,3,62.4,2526
Bài 10 - Xếp hạng seller theo tổng doanh thu và số lượng đơn hàng,ef728fa1f17436c91ed1ccd03dcf9631,186.82,3,4,46.71,2527
Bài 10 - Xếp hạng seller theo tổng doanh thu và số lượng đơn hàng,c8143b3069f6746a77421b5ce30a450c,185.88,1,1,185.88,2528
Bài 10 - Xếp hạng seller theo tổng doanh thu và số lượng đơn hàng,83c8aafbefb034674a70de0eac5b8954,185.87,2,2,92.94,2529
Bài 10 - Xếp hạng seller theo tổng doanh thu và số lượng đơn hàng,44ed138eca6214d572ce1d813fb0049b,185.8,2,3,61.93,2530
Bài 10 - Xếp hạng seller theo tổng doanh thu và số lượng đơn hàng,7178e1eaa97257d8b6d4b80efd77a025,184.71,1,1,184.71,2531
Bài 10 - Xếp hạng seller theo tổng doanh thu và số lượng đơn hàng,2ec6e37d992a95eaddb3369dcbcc76d9,183.94,2,2,91.97,2532
Bài 10 - Xếp hạng seller theo tổng doanh thu và số lượng đơn hàng,5bc237df65098fe211bb4818f4d26d78,183.89,2,2,91.95,2533
Bài 10 - Xếp hạng seller theo tổng doanh thu và số lượng đơn hàng,0daf5180aa44356f60f8effa533b55a2,183.63,2,2,91.82,2534
Bài 10 - Xếp hạng seller theo tổng doanh thu và số lượng đơn hàng,ff82e8873fba613f2261a9acc896fd84,183.53,4,4,45.88,2535
Bài 10 - Xếp hạng seller theo tổng doanh thu và số lượng đơn hàng,6e85dc5ecd97a61094b89b046a509d8e,182.59,1,1,182.59,2536
Bài 10 - Xếp hạng seller theo tổng doanh thu và số lượng đơn hàng,695051e2981c8b19e77cafe450d5bdf3,182.45,1,1,182.45,2537
Bài 10 - Xếp hạng seller theo tổng doanh thu và số lượng đơn hàng,8e4f041ff58e7845456d3482524014b3,182.39,2,2,91.2,2538
Bài 10 - Xếp hạng seller theo tổng doanh thu và số lượng đơn hàng,8cb7c5ddf41f4d506eba76e9a4702a25,182.37,2,2,91.19,2539
Bài 10 - Xếp hạng seller theo tổng doanh thu và số lượng đơn hàng,aa2640d851ec322526f1295bbeb20092,182.34,1,2,91.17,2540
Bài 10 - Xếp hạng seller theo tổng doanh thu và số lượng đơn hàng,08061dc0fc165ed41288cc7acde738ee,182.22,4,4,45.56,2541
Bài 10 - Xếp hạng seller theo tổng doanh thu và số lượng đơn hàng,e3e290b38963293022cdcd6db8328103,182.04,3,3,60.68,2542
Bài 10 - Xếp hạng seller theo tổng doanh thu và số lượng đơn hàng,6601ee6383e7f452be71929f8de48bbb,181.94,2,2,90.97,2543
Bài 10 - Xếp hạng seller theo tổng doanh thu và số lượng đơn hàng,99cd94252748d2bdde08e17858233602,181.32,2,2,90.66,2544
Bài 10 - Xếp hạng seller theo tổng doanh thu và số lượng đơn hàng,f1ce5fdecd64935c28b9ff932751d0dc,180.53,2,2,90.27,2545
Bài 10 - Xếp hạng seller theo tổng doanh thu và số lượng đơn hàng,ace601496e211a664100321f038f50af,179.92,1,1,179.92,2546
Bài 10 - Xếp hạng seller theo tổng doanh thu và số lượng đơn hàng,5444b12c82f21c923f2639ebc722c1ea,179.46,1,1,179.46,2547
Bài 10 - Xếp hạng seller theo tổng doanh thu và số lượng đơn hàng,913fd0ebba70bb919f7254a02239173c,179.12,1,1,179.12,2548
Bài 10 - Xếp hạng seller theo tổng doanh thu và số lượng đơn hàng,1927cdb9fa74f5270097f6250e8e8f34,178.92,1,1,178.92,2549
Bài 10 - Xếp hạng seller theo tổng doanh thu và số lượng đơn hàng,e09887ca8c7bf8a4621ce481820414ef,178.66,3,4,44.66,2550
Bài 10 - Xếp hạng seller theo tổng doanh thu và số lượng đơn hàng,fc38b5dceee1a730fad8853453437fbd,178.01,5,5,35.6,2551
Bài 10 - Xếp hạng seller theo tổng doanh thu và số lượng đơn hàng,f266295f49a28eee21f413e0cbb0521d,177.94,2,2,88.97,2552
Bài 10 - Xếp hạng seller theo tổng doanh thu và số lượng đơn hàng,d26aa40b90272d4843d63be7c1462c8d,177.42,2,2,88.71,2553
Bài 10 - Xếp hạng seller theo tổng doanh thu và số lượng đơn hàng,077c5fae4bea9500e3737b16f71b9d3a,177.24,4,6,29.54,2554
Bài 10 - Xếp hạng seller theo tổng doanh thu và số lượng đơn hàng,96f7c797de9ca20efbe14545bed63eec,176.97,1,3,58.99,2555
Bài 10 - Xếp hạng seller theo tổng doanh thu và số lượng đơn hàng,89757206b887aed36f3e18d858460fea,176.14,2,2,88.07,2556
Bài 10 - Xếp hạng seller theo tổng doanh thu và số lượng đơn hàng,7a188843479798ca813108fa7b959286,175.86,1,3,58.62,2557
Bài 10 - Xếp hạng seller theo tổng doanh thu và số lượng đơn hàng,553a440137d6e0cf776aee0bb83ac9f5,175.14,2,2,87.57,2558
Bài 10 - Xếp hạng seller theo tổng doanh thu và số lượng đơn hàng,dde698c6d0bd24834c586e5111c2bba7,175.09,1,1,175.09,2559
Bài 10 - Xếp hạng seller theo tổng doanh thu và số lượng đơn hàng,9bade61a92bed55a25d2b67b9f4ed739,174.8,2,3,58.27,2560
Bài 10 - Xếp hạng seller theo tổng doanh thu và số lượng đơn hàng,fa8d335d68129e464e60c1826a683e96,174.68,1,1,174.68,2561
Bài 10 - Xếp hạng seller theo tổng doanh thu và số lượng đơn hàng,e9c2dc0dd4ac38448289be644ac94f42,174.61,3,3,58.2,2562
Bài 10 - Xếp hạng seller theo tổng doanh thu và số lượng đơn hàng,ce3ad9de960102d0677a81f5d0bb7b2d,174.21,1,1,174.21,2563
Bài 10 - Xếp hạng seller theo tổng doanh thu và số lượng đơn hàng,2039c5e51785b5dde7cf93ccb3b7be2c,173.68,1,1,173.68,2564
Bài 10 - Xếp hạng seller theo tổng doanh thu và số lượng đơn hàng,4dab98ca6cd6d3df586203cefd28a042,173.23,1,1,173.23,2565
Bài 10 - Xếp hạng seller theo tổng doanh thu và số lượng đơn hàng,c26ba52cf8d2f34915f2f6b7ffa0a3f3,172.65,4,4,43.16,2566
Bài 10 - Xếp hạng seller theo tổng doanh thu và số lượng đơn hàng,fc0b214b59a83615fea981c6424a02ae,172.04,1,1,172.04,2567
Bài 10 - Xếp hạng seller theo tổng doanh thu và số lượng đơn hàng,fc908879b9ca1bd65419e54e50432d38,171.88,4,4,42.97,2568
Bài 10 - Xếp hạng seller theo tổng doanh thu và số lượng đơn hàng,2f9b7ce230a057a98a9f5df5893ee36c,171.85,2,2,85.93,2569
Bài 10 - Xếp hạng seller theo tổng doanh thu và số lượng đơn hàng,0b3f27369a4d8df98f7eb91077e438ac,171.39,2,2,85.7,2570
Bài 10 - Xếp hạng seller theo tổng doanh thu và số lượng đơn hàng,37303482a42fb700d8d127e70a9cd6c8,171.38,2,2,85.69,2571
Bài 10 - Xếp hạng seller theo tổng doanh thu và số lượng đơn hàng,3903c788ded8dc03b5ebab37a2f3e9a1,171.25,5,5,34.25,2572
Bài 10 - Xếp hạng seller theo tổng doanh thu và số lượng đơn hàng,f049a72cf58fd31b11f8919cade515e7,170.99,3,4,42.75,2573
Bài 10 - Xếp hạng seller theo tổng doanh thu và số lượng đơn hàng,44717f64ec2a457979cf83c429077666,170.91,2,3,56.97,2574
Bài 10 - Xếp hạng seller theo tổng doanh thu và số lượng đơn hàng,3442033154be05bac582e173ef54fd12,169.39,1,1,169.39,2575
Bài 10 - Xếp hạng seller theo tổng doanh thu và số lượng đơn hàng,4867209cb29b56b92893d7bde3ce8012,169.15,1,1,169.15,2576
Bài 10 - Xếp hạng seller theo tổng doanh thu và số lượng đơn hàng,d8b8f2cf9ff6ba0389072541cb42498c,169.01,1,1,169.01,2577
Bài 10 - Xếp hạng seller theo tổng doanh thu và số lượng đơn hàng,f3041c2e75ec683697a6a5ea82192210,169.0,1,1,169.0,2578
Bài 10 - Xếp hạng seller theo tổng doanh thu và số lượng đơn hàng,2d34636518ba88f5349b732fcf8ba2e4,168.63,1,1,168.63,2579
Bài 10 - Xếp hạng seller theo tổng doanh thu và số lượng đơn hàng,0b09101900100c0e9d312861fad5a1b9,168.36,1,1,168.36,2580
Bài 10 - Xếp hạng seller theo tổng doanh thu và số lượng đơn hàng,9523fb39dd240aa958e040f8183d64f3,168.29,1,1,168.29,2581
Bài 10 - Xếp hạng seller theo tổng doanh thu và số lượng đơn hàng,bca9230d3bbb4efa51872bf605a2f1ad,168.2,5,5,33.64,2582
Bài 10 - Xếp hạng seller theo tổng doanh thu và số lượng đơn hàng,50a7e551a7b3f8d37cd6e32d8bfbe5ea,167.96,1,1,167.96,2583
Bài 10 - Xếp hạng seller theo tổng doanh thu và số lượng đơn hàng,d3891911c2feae53c52fea2bd14054e5,166.99,2,2,83.5,2584
Bài 10 - Xếp hạng seller theo tổng doanh thu và số lượng đơn hàng,1e47d8b6546eb3a77b1acddcc9406242,166.71,1,1,166.71,2585
Bài 10 - Xếp hạng seller theo tổng doanh thu và số lượng đơn hàng,941554c5757b73ba0e50aa7732310afc,166.35,3,4,41.59,2586
Bài 10 - Xếp hạng seller theo tổng doanh thu và số lượng đơn hàng,57a834594e1e9e9219603bfec184eadc,166.05,1,1,166.05,2587
Bài 10 - Xếp hạng seller theo tổng doanh thu và số lượng đơn hàng,7c4adcc13272c0e26fa23aac642adb7b,165.63,2,2,82.82,2588
Bài 10 - Xếp hạng seller theo tổng doanh thu và số lượng đơn hàng,c398bc00a606d33758afd91f4e64fd15,165.5,2,2,82.75,2589
Bài 10 - Xếp hạng seller theo tổng doanh thu và số lượng đơn hàng,49f8d2ea7b718d0ce587d34207caf2b4,165.26,1,1,165.26,2590
Bài 10 - Xếp hạng seller theo tổng doanh thu và số lượng đơn hàng,c7bb64409aa480bb7d0335faaaf3d242,165.16,4,4,41.29,2591
Bài 10 - Xếp hạng seller theo tổng doanh thu và số lượng đơn hàng,dd39ad39b5d3df33037e141c72497ba6,164.85,2,2,82.43,2592
Bài 10 - Xếp hạng seller theo tổng doanh thu và số lượng đơn hàng,9fe7c6641c79970ab48185498f547c09,164.71,1,1,164.71,2593
Bài 10 - Xếp hạng seller theo tổng doanh thu và số lượng đơn hàng,4ddeb3e828550cddc8d45c8bc36ab2d1,164.45,1,1,164.45,2594
Bài 10 - Xếp hạng seller theo tổng doanh thu và số lượng đơn hàng,fd312b6bf05efac6c3772d5b52205d8a,164.32,2,4,41.08,2595
Bài 10 - Xếp hạng seller theo tổng doanh thu và số lượng đơn hàng,47f55702f598c7c6cc8458b0fbc1c49a,163.4,2,2,81.7,2596
Bài 10 - Xếp hạng seller theo tổng doanh thu và số lượng đơn hàng,391bbd13b6452244774beff1824006ed,163.2,2,2,81.6,2597
Bài 10 - Xếp hạng seller theo tổng doanh thu và số lượng đơn hàng,1b0b0f4f95e962d6f32fe90c759d0479,163.17,2,2,81.59,2598
Bài 10 - Xếp hạng seller theo tổng doanh thu và số lượng đơn hàng,59bbc819b99a733f02f0d6b49d1c253d,162.75,2,2,81.38,2599
Bài 10 - Xếp hạng seller theo tổng doanh thu và số lượng đơn hàng,19d62d484cba71963c93f0f00ab42013,162.59,1,1,162.59,2600
Bài 10 - Xếp hạng seller theo tổng doanh thu và số lượng đơn hàng,3bb32fedaa74e4ad20f4ce067733bd31,162.56,2,3,54.19,2601
Bài 10 - Xếp hạng seller theo tổng doanh thu và số lượng đơn hàng,8cf21434553b02cbd37c0bbd07e041b0,162.13,2,2,81.07,2602
Bài 10 - Xếp hạng seller theo tổng doanh thu và số lượng đơn hàng,f664f98bfda2eaf266a23ff144e7a872,161.8,2,2,80.9,2603
Bài 10 - Xếp hạng seller theo tổng doanh thu và số lượng đơn hàng,461ff5303b6c9c1a4a07f40c5aece516,161.43,3,3,53.81,2604
Bài 10 - Xếp hạng seller theo tổng doanh thu và số lượng đơn hàng,398cb257329ef7af7f1943a8974a3cbc,161.37,1,1,161.37,2605
Bài 10 - Xếp hạng seller theo tổng doanh thu và số lượng đơn hàng,8eb88b0acb3f90a717ad659221471fa7,160.67,2,2,80.34,2606
Bài 10 - Xếp hạng seller theo tổng doanh thu và số lượng đơn hàng,a89e143d5211473ae18db9577ee34b64,159.68,2,2,79.84,2607
Bài 10 - Xếp hạng seller theo tổng doanh thu và số lượng đơn hàng,e8ff5a6ceb895583033fc2a0f314e3c2,158.97,1,1,158.97,2608
Bài 10 - Xếp hạng seller theo tổng doanh thu và số lượng đơn hàng,ab91571efab27993ff2f6b36e38055c3,158.93,3,4,39.73,2609
Bài 10 - Xếp hạng seller theo tổng doanh thu và số lượng đơn hàng,36f98ad67cc981f50ce8aed093d5783c,158.62,2,2,79.31,2610
Bài 10 - Xếp hạng seller theo tổng doanh thu và số lượng đơn hàng,3f8247d0f772ffa58560e5c682521ad5,158.45,1,1,158.45,2611
Bài 10 - Xếp hạng seller theo tổng doanh thu và số lượng đơn hàng,1fbe10c70e30765ed1de86d9f7e98409,158.11,2,6,26.35,2612
Bài 10 - Xếp hạng seller theo tổng doanh thu và số lượng đơn hàng,e82de6494d91d3c4c54450f59b227a94,157.7,3,3,52.57,2613
Bài 10 - Xếp hạng seller theo tổng doanh thu và số lượng đơn hàng,741f8c587cb4248ebc5b779a0e8e0e51,157.64,5,5,31.53,2614
Bài 10 - Xếp hạng seller theo tổng doanh thu và số lượng đơn hàng,be1e9e378700cecaa4ebf71433d7915c,157.51,2,2,78.76,2615
Bài 10 - Xếp hạng seller theo tổng doanh thu và số lượng đơn hàng,e00d85ce20ea50c1224c66ca5050527d,157.3,1,1,157.3,2616
Bài 10 - Xếp hạng seller theo tổng doanh thu và số lượng đơn hàng,4c4d546adf3c3868fe19c9ec6e9ffda9,157.09,2,3,52.36,2617
Bài 10 - Xếp hạng seller theo tổng doanh thu và số lượng đơn hàng,062c325cd6a2b87845fab56b4ec2eeae,157.08,2,2,78.54,2618
Bài 10 - Xếp hạng seller theo tổng doanh thu và số lượng đơn hàng,40ec8ab6cdafbcc4f544da38c67da39a,157.0,2,2,78.5,2619
Bài 10 - Xếp hạng seller theo tổng doanh thu và số lượng đơn hàng,59de1d4c8c057c2a53acd4ca66531af2,156.75,1,1,156.75,2620
Bài 10 - Xếp hạng seller theo tổng doanh thu và số lượng đơn hàng,712efd3b68f9686dc856b84abd0f21ae,156.16,1,1,156.16,2621
Bài 10 - Xếp hạng seller theo tổng doanh thu và số lượng đơn hàng,9558aa23f77a9e0a0eca83540999f43b,155.58,2,2,77.79,2622
Bài 10 - Xếp hạng seller theo tổng doanh thu và số lượng đơn hàng,4a5b36211b1f51bf7eaa5c10a57fa483,155.26,1,1,155.26,2623
Bài 10 - Xếp hạng seller theo tổng doanh thu và số lượng đơn hàng,bf0045791395e66460eb04749c68672a,155.25,2,2,77.63,2624
Bài 10 - Xếp hạng seller theo tổng doanh thu và số lượng đơn hàng,876182d1918783bbe15233febfbd4926,155.0,3,3,51.67,2625
Bài 10 - Xếp hạng seller theo tổng doanh thu và số lượng đơn hàng,26e2e5033827d2ba53929f43e03d8ffe,154.78,1,1,154.78,2626
Bài 10 - Xếp hạng seller theo tổng doanh thu và số lượng đơn hàng,96e5dc09087bad639b4ee193104ec2e5,154.44,2,2,77.22,2627
Bài 10 - Xếp hạng seller theo tổng doanh thu và số lượng đơn hàng,aa1eb17b9fdf6dfd546e25c45c7b9235,154.26,3,4,38.57,2628
Bài 10 - Xếp hạng seller theo tổng doanh thu và số lượng đơn hàng,e5bd51692380fd8cabb19b756b95e714,153.04,3,3,51.01,2629
Bài 10 - Xếp hạng seller theo tổng doanh thu và số lượng đơn hàng,f114dca2828bf718548db175ebe2cfcd,152.99,1,1,152.99,2630
Bài 10 - Xếp hạng seller theo tổng doanh thu và số lượng đơn hàng,519a7aa428f18d125a283cf8c014fdd6,152.8,3,3,50.93,2631
Bài 10 - Xếp hạng seller theo tổng doanh thu và số lượng đơn hàng,934ed5cd1b9c1c7382d0a94a94b9e639,152.47,1,1,152.47,2632
Bài 10 - Xếp hạng seller theo tổng doanh thu và số lượng đơn hàng,788f22bafdd7ab0e1e79f19db72f16a4,152.04,2,2,76.02,2633
Bài 10 - Xếp hạng seller theo tổng doanh thu và số lượng đơn hàng,13dd308f81fea30cc670c656b2b46cc3,151.14,3,3,50.38,2634
Bài 10 - Xếp hạng seller theo tổng doanh thu và số lượng đơn hàng,5f57db27027655e6c6a391601daa0258,151.04,1,1,151.04,2635
Bài 10 - Xếp hạng seller theo tổng doanh thu và số lượng đơn hàng,910a922b426b7ff95eaee129ad6c0e1f,150.96,2,2,75.48,2636
Bài 10 - Xếp hạng seller theo tổng doanh thu và số lượng đơn hàng,60ad151920c4f6f3ebbe8cfdf6166779,150.67,2,2,75.34,2637
Bài 10 - Xếp hạng seller theo tổng doanh thu và số lượng đơn hàng,8c351ed7c326c62123318f4f3246e906,150.66,2,2,75.33,2638
Bài 10 - Xếp hạng seller theo tổng doanh thu và số lượng đơn hàng,4c60877808f4318ef1107fbeb8f89afa,150.63,2,2,75.32,2639
Bài 10 - Xếp hạng seller theo tổng doanh thu và số lượng đơn hàng,b416191c9813d821a295cfabafff4161,150.14,2,2,75.07,2640
Bài 10 - Xếp hạng seller theo tổng doanh thu và số lượng đơn hàng,0f80a40c312b2472dca482cf50f5186f,150.0,1,1,150.0,2641
Bài 10 - Xếp hạng seller theo tổng doanh thu và số lượng đơn hàng,d4a5e99e0dd915df64ba55a7fbd583fd,149.75,2,6,24.96,2642
Bài 10 - Xếp hạng seller theo tổng doanh thu và số lượng đơn hàng,296729ffb9b684050dd24836dac4494a,149.61,2,2,74.81,2643
Bài 10 - Xếp hạng seller theo tổng doanh thu và số lượng đơn hàng,739c7d7be81f63812dea0d1b1451c651,149.3,2,2,74.65,2644
Bài 10 - Xếp hạng seller theo tổng doanh thu và số lượng đơn hàng,e88165a185134e13fdfc85d4fa654db8,149.22,2,2,74.61,2645
Bài 10 - Xếp hạng seller theo tổng doanh thu và số lượng đơn hàng,d8bf0fc082fd4a77fc2e5679b6c00133,149.04,1,1,149.04,2646
Bài 10 - Xếp hạng seller theo tổng doanh thu và số lượng đơn hàng,570d4583587a5fe2d47c7be89b91ad27,148.92,2,2,74.46,2647
Bài 10 - Xếp hạng seller theo tổng doanh thu và số lượng đơn hàng,2fa13c8bd5705d279f7ed5cc9ec61c68,148.7,2,4,37.18,2648
Bài 10 - Xếp hạng seller theo tổng doanh thu và số lượng đơn hàng,c87abc38c8ed3240861729e1aeadf221,148.68,1,1,148.68,2649
Bài 10 - Xếp hạng seller theo tổng doanh thu và số lượng đơn hàng,db6a4d4b5f1f5f98820ce6ce2619e2de,148.15,1,1,148.15,2650
Bài 10 - Xếp hạng seller theo tổng doanh thu và số lượng đơn hàng,693660429f9dc4ff704eb3d88dad54d7,148.12,2,2,74.06,2651
Bài 10 - Xếp hạng seller theo tổng doanh thu và số lượng đơn hàng,52454f90d4c30c016768db02f88c1a74,147.67,3,5,29.53,2652
Bài 10 - Xếp hạng seller theo tổng doanh thu và số lượng đơn hàng,7c4402417d51474d4d0cda9557340e40,147.59,1,1,147.59,2653
Bài 10 - Xếp hạng seller theo tổng doanh thu và số lượng đơn hàng,2f3d8b4c9e2ee165075331fea3f3095a,147.35,1,1,147.35,2654
Bài 10 - Xếp hạng seller theo tổng doanh thu và số lượng đơn hàng,a90a5da8b09e44264a177c0374a5ac87,147.3,3,3,49.1,2655
Bài 10 - Xếp hạng seller theo tổng doanh thu và số lượng đơn hàng,2b5ed0c9139dae8883a200dfcb272ece,144.75,4,4,36.19,2656
Bài 10 - Xếp hạng seller theo tổng doanh thu và số lượng đơn hàng,70126eecc6aa1274392a1743866e9678,144.74,3,3,48.25,2657
Bài 10 - Xếp hạng seller theo tổng doanh thu và số lượng đơn hàng,e732329483fd5f27367dd997b47f598a,144.47,1,1,144.47,2658
Bài 10 - Xếp hạng seller theo tổng doanh thu và số lượng đơn hàng,dc120d932ddf9d4dfb6fd68beefda622,144.44,1,1,144.44,2659
Bài 10 - Xếp hạng seller theo tổng doanh thu và số lượng đơn hàng,c092292535a57dacd95a8765f5518f87,143.98,1,1,143.98,2660
Bài 10 - Xếp hạng seller theo tổng doanh thu và số lượng đơn hàng,b6f52e346160519c24a23af05410ad32,143.25,1,1,143.25,2661
Bài 10 - Xếp hạng seller theo tổng doanh thu và số lượng đơn hàng,e5c84227854980f1db19a58958c551d9,141.64,4,4,35.41,2662
Bài 10 - Xếp hạng seller theo tổng doanh thu và số lượng đơn hàng,88af55b4a7ca402b27df16f7c7c9b5d2,141.52,1,1,141.52,2663
Bài 10 - Xếp hạng seller theo tổng doanh thu và số lượng đơn hàng,e5def42655b7490edac5a56fe8e9e603,141.42,1,1,141.42,2664
Bài 10 - Xếp hạng seller theo tổng doanh thu và số lượng đơn hàng,e9b6c33b71b67737693b4cfa68341c8d,141.39,1,1,141.39,2665
Bài 10 - Xếp hạng seller theo tổng doanh thu và số lượng đơn hàng,c4b911d06343b21dd906651f8101cb49,141.33,2,2,70.67,2666
Bài 10 - Xếp hạng seller theo tổng doanh thu và số lượng đơn hàng,160851d3ece7aa1a510f8d1a4bb8a8af,141.15,2,2,70.57,2667
Bài 10 - Xếp hạng seller theo tổng doanh thu và số lượng đơn hàng,11d4c477d09821164bca4f70a2eae031,140.86,3,4,35.22,2668
Bài 10 - Xếp hạng seller theo tổng doanh thu và số lượng đơn hàng,a69aa24cec11168e7e39a3fbc727e925,140.29,3,3,46.76,2669
Bài 10 - Xếp hạng seller theo tổng doanh thu và số lượng đơn hàng,e3e15e2c0b9700561efac21c6be48066,139.74,3,4,34.94,2670
Bài 10 - Xếp hạng seller theo tổng doanh thu và số lượng đơn hàng,bba8d0c234a52b87b3957037a215d1a4,139.53,1,1,139.53,2671
Bài 10 - Xếp hạng seller theo tổng doanh thu và số lượng đơn hàng,003554e2dce176b5555353e4f3555ac8,139.38,1,1,139.38,2672
Bài 10 - Xếp hạng seller theo tổng doanh thu và số lượng đơn hàng,cb5ff1b9715e99589f3e0c7a6afab9e3,139.03,4,4,34.76,2673
Bài 10 - Xếp hạng seller theo tổng doanh thu và số lượng đơn hàng,d52cbce9845184537284a23c3bc3da0e,138.78,2,4,34.7,2674
Bài 10 - Xếp hạng seller theo tổng doanh thu và số lượng đơn hàng,01266d4c46afa519678d16a8b683d325,137.48,3,3,45.83,2675
Bài 10 - Xếp hạng seller theo tổng doanh thu và số lượng đơn hàng,f9a02f1922d1de564392e656d82b3fda,137.39,1,1,137.39,2676
Bài 10 - Xếp hạng seller theo tổng doanh thu và số lượng đơn hàng,00d8b143d12632bad99c0ad66ad52825,137.1,1,1,137.1,2677
Bài 10 - Xếp hạng seller theo tổng doanh thu và số lượng đơn hàng,a353b1083c9863d756d9404695016d64,137.09,1,1,137.09,2678
Bài 10 - Xếp hạng seller theo tổng doanh thu và số lượng đơn hàng,35281d148dcf7134bae913c57db4e6da,137.02,1,1,137.02,2679
Bài 10 - Xếp hạng seller theo tổng doanh thu và số lượng đơn hàng,4be9ae93c4fc0f41713d71a4194ee1b3,136.97,1,1,136.97,2680
Bài 10 - Xếp hạng seller theo tổng doanh thu và số lượng đơn hàng,164a5a8794e6d42e14f55e447b12a3bc,136.76,1,1,136.76,2681
Bài 10 - Xếp hạng seller theo tổng doanh thu và số lượng đơn hàng,9e17b9d64683aebcbb9ee362d06463b4,136.67,2,3,45.56,2682
Bài 10 - Xếp hạng seller theo tổng doanh thu và số lượng đơn hàng,781a66c0d89e30814d49fe8b5e14cd07,136.3,1,1,136.3,2683
Bài 10 - Xếp hạng seller theo tổng doanh thu và số lượng đơn hàng,d1aa1ec0839dcab73a6161130eb1f94a,136.04,1,1,136.04,2684
Bài 10 - Xếp hạng seller theo tổng doanh thu và số lượng đơn hàng,630008e0f062605a415d694489f6f82e,135.5,2,3,45.17,2685
Bài 10 - Xếp hạng seller theo tổng doanh thu và số lượng đơn hàng,a150c540f572d0fb53992264bc5c10b5,135.49,1,1,135.49,2686
Bài 10 - Xếp hạng seller theo tổng doanh thu và số lượng đơn hàng,07a9bc7f61396b658ddf3ac534efe44c,135.49,1,1,135.49,2686
Bài 10 - Xếp hạng seller theo tổng doanh thu và số lượng đơn hàng,6235903333ba7de1928c869e268e5964,135.48,1,1,135.48,2687
Bài 10 - Xếp hạng seller theo tổng doanh thu và số lượng đơn hàng,8dd386be0767c330276ea6a3f96532d3,134.48,1,2,67.24,2688
Bài 10 - Xếp hạng seller theo tổng doanh thu và số lượng đơn hàng,d8d9567d0bfb0bc7eb845a205ba42657,134.31,4,4,33.58,2689
Bài 10 - Xếp hạng seller theo tổng doanh thu và số lượng đơn hàng,623ad9d0c1e14bb5464a8c72bff7b4af,133.96,1,1,133.96,2690
Bài 10 - Xếp hạng seller theo tổng doanh thu và số lượng đơn hàng,674207551483fec113276b67b0d871ff,133.84,1,1,133.84,2691
Bài 10 - Xếp hạng seller theo tổng doanh thu và số lượng đơn hàng,9c3a1c416c765687bc79a04113269929,133.8,1,1,133.8,2692
Bài 10 - Xếp hạng seller theo tổng doanh thu và số lượng đơn hàng,0dfbed20065e425d2eaefb101f9816c0,133.6,3,3,44.53,2693
Bài 10 - Xếp hạng seller theo tổng doanh thu và số lượng đơn hàng,9bf11dfc0bec77e5a23028043c3c5a8f,132.06,1,1,132.06,2694
Bài 10 - Xếp hạng seller theo tổng doanh thu và số lượng đơn hàng,1cbcd2ee0afb3fc09963b87eb65e7e4f,130.65,1,3,43.55,2695
Bài 10 - Xếp hạng seller theo tổng doanh thu và số lượng đơn hàng,2c9005d8043aff18b8557ffb7b13cda4,129.64,1,1,129.64,2696
Bài 10 - Xếp hạng seller theo tổng doanh thu và số lượng đơn hàng,93bef6edaa84956e8e575016449b6351,129.56,1,1,129.56,2697
Bài 10 - Xếp hạng seller theo tổng doanh thu và số lượng đơn hàng,43b2c864251aa0ce4030c746984e088a,129.32,2,2,64.66,2698
Bài 10 - Xếp hạng seller theo tổng doanh thu và số lượng đơn hàng,011b0eaba87386a2ae96a7d32bb531d1,129.16,1,2,64.58,2699
Bài 10 - Xếp hạng seller theo tổng doanh thu và số lượng đơn hàng,324583d68897f5ddbaf38f6248322176,127.99,2,3,42.66,2700
Bài 10 - Xếp hạng seller theo tổng doanh thu và số lượng đơn hàng,28d162ab86bb49d719c32f0ee6186eaa,127.2,1,1,127.2,2701
Bài 10 - Xếp hạng seller theo tổng doanh thu và số lượng đơn hàng,bcf5566870987da7bc811fbc8c5b9fd9,127.12,1,4,31.78,2702
Bài 10 - Xếp hạng seller theo tổng doanh thu và số lượng đơn hàng,62de60d81c55c29d76a6bce418b31cef,126.87,1,1,126.87,2703
Bài 10 - Xếp hạng seller theo tổng doanh thu và số lượng đơn hàng,80cfd480be3eb6d6267139f5cb793555,126.34,1,1,126.34,2704
Bài 10 - Xếp hạng seller theo tổng doanh thu và số lượng đơn hàng,f43827dd686be3a4a80e00aa299990fb,125.74,1,2,62.87,2705
Bài 10 - Xếp hạng seller theo tổng doanh thu và số lượng đơn hàng,eaaa46e98c9e61f6764dd1d7a2ab8b3e,125.64,1,1,125.64,2706
Bài 10 - Xếp hạng seller theo tổng doanh thu và số lượng đơn hàng,be67f78487e2cecb0d55bc769709e4f5,125.64,1,1,125.64,2706
Bài 10 - Xếp hạng seller theo tổng doanh thu và số lượng đơn hàng,7bb8fac2913a6064ec412e583c6d8b4d,125.52,1,1,125.52,2707
Bài 10 - Xếp hạng seller theo tổng doanh thu và số lượng đơn hàng,60da8bfa7eebe230b7d66ac4082d79b3,125.27,3,3,41.76,2708
Bài 10 - Xếp hạng seller theo tổng doanh thu và số lượng đơn hàng,443d880f15cbd3572885e1d44bf2c478,125.0,1,2,62.5,2709
Bài 10 - Xếp hạng seller theo tổng doanh thu và số lượng đơn hàng,253c025bab43881055aeecde5e2d8b77,124.33,2,2,62.17,2710
Bài 10 - Xếp hạng seller theo tổng doanh thu và số lượng đơn hàng,b8d890108a7a80e4f5d59eea9f362438,124.29,2,3,41.43,2711
Bài 10 - Xếp hạng seller theo tổng doanh thu và số lượng đơn hàng,ac1ed5fc15901fbc92920361eb4ab350,124.04,1,1,124.04,2712
Bài 10 - Xếp hạng seller theo tổng doanh thu và số lượng đơn hàng,2aafae69bf4c41fbd94053d9413e87ee,123.87,2,2,61.94,2713
Bài 10 - Xếp hạng seller theo tổng doanh thu và số lượng đơn hàng,5741dc2bf5044c34d0698681c5081bed,123.75,3,3,41.25,2714
Bài 10 - Xếp hạng seller theo tổng doanh thu và số lượng đơn hàng,db1f0f7c7e5e87f40b62226f020bb297,123.73,3,3,41.24,2715
Bài 10 - Xếp hạng seller theo tổng doanh thu và số lượng đơn hàng,889009a0ed0bb52c87819941192931b8,122.98,1,1,122.98,2716
Bài 10 - Xếp hạng seller theo tổng doanh thu và số lượng đơn hàng,92992bec39dde5766f590d3b1f46d465,121.67,1,1,121.67,2717
Bài 10 - Xếp hạng seller theo tổng doanh thu và số lượng đơn hàng,a4fc6eadaff1576af888509a53420f6a,121.62,1,1,121.62,2718
Bài 10 - Xếp hạng seller theo tổng doanh thu và số lượng đơn hàng,247587846358bb1d2e4c6522020b36fe,121.51,1,1,121.51,2719
Bài 10 - Xếp hạng seller theo tổng doanh thu và số lượng đơn hàng,05aebce0b5c8f0d41b29b686f2d05fd3,120.88,2,2,60.44,2720
Bài 10 - Xếp hạng seller theo tổng doanh thu và số lượng đơn hàng,9d213f303afae4983637247556438ede,120.81,2,3,40.27,2721
Bài 10 - Xếp hạng seller theo tổng doanh thu và số lượng đơn hàng,4fae87d32467e18eb46e4a76a0a0b9ce,120.8,1,1,120.8,2722
Bài 10 - Xếp hạng seller theo tổng doanh thu và số lượng đơn hàng,db7ed69a53aa9fb1c01930ba54a88bbe,120.78,1,1,120.78,2723
Bài 10 - Xếp hạng seller theo tổng doanh thu và số lượng đơn hàng,4cc43a222a0f94910728b62b97a8c5f8,120.76,1,1,120.76,2724
Bài 10 - Xếp hạng seller theo tổng doanh thu và số lượng đơn hàng,a2b911e9ad40dc7d61c142a4683e2d85,120.3,1,1,120.3,2725
Bài 10 - Xếp hạng seller theo tổng doanh thu và số lượng đơn hàng,217f005bb37ff3aeef5b2ae1788e75ba,120.22,3,3,40.07,2726
Bài 10 - Xếp hạng seller theo tổng doanh thu và số lượng đơn hàng,2cb98e27ce1c18abdb42209b34c382a7,119.7,1,1,119.7,2727
Bài 10 - Xếp hạng seller theo tổng doanh thu và số lượng đơn hàng,2d20f1cd18725c91147da0791d498022,119.69,1,1,119.69,2728
Bài 10 - Xếp hạng seller theo tổng doanh thu và số lượng đơn hàng,4fe2f67634d00c021aa01f96b6f2d68e,118.84,2,2,59.42,2729
Bài 10 - Xếp hạng seller theo tổng doanh thu và số lượng đơn hàng,271b8923c6a549e02d3c9fd1f8c0422b,118.59,1,1,118.59,2730
Bài 10 - Xếp hạng seller theo tổng doanh thu và số lượng đơn hàng,028872bfa080090a9d0abd4f1af168f8,117.87,1,3,39.29,2731
Bài 10 - Xếp hạng seller theo tổng doanh thu và số lượng đơn hàng,74a9b9bddf14ece02beb81f52c41a88d,117.06,2,2,58.53,2732
Bài 10 - Xếp hạng seller theo tổng doanh thu và số lượng đơn hàng,79b93a308a97792cf53ac75f46da00b5,116.04,1,1,116.04,2733
Bài 10 - Xếp hạng seller theo tổng doanh thu và số lượng đơn hàng,17998cf586426bf0f2c3726cb0a4b211,115.52,2,2,57.76,2734
Bài 10 - Xếp hạng seller theo tổng doanh thu và số lượng đơn hàng,9b1050e85becf3ae99c1cf4934c9bc5d,115.34,2,2,57.67,2735
Bài 10 - Xếp hạng seller theo tổng doanh thu và số lượng đơn hàng,26562f211dd1364af2a8596dc945e8ae,115.11,2,2,57.56,2736
Bài 10 - Xếp hạng seller theo tổng doanh thu và số lượng đơn hàng,aa8af66c623d7d544dfe4bb85b5ebe3b,114.57,1,1,114.57,2737
Bài 10 - Xếp hạng seller theo tổng doanh thu và số lượng đơn hàng,aa17b35ce4de7b565be3249ba838944f,114.0,2,2,57.0,2738
Bài 10 - Xếp hạng seller theo tổng doanh thu và số lượng đơn hàng,3d2400ac620cffa23ac81bd192f7f555,113.9,1,1,113.9,2739
Bài 10 - Xếp hạng seller theo tổng doanh thu và số lượng đơn hàng,6b2612338467c08c9b25f0cc55b1578d,113.87,1,1,113.87,2740
Bài 10 - Xếp hạng seller theo tổng doanh thu và số lượng đơn hàng,1c742ac33582852aaf3bcfbf5893abcf,113.69,1,1,113.69,2741
Bài 10 - Xếp hạng seller theo tổng doanh thu và số lượng đơn hàng,7a073a40a9d3f1fee8bc45670ea1e909,112.78,1,1,112.78,2742
Bài 10 - Xếp hạng seller theo tổng doanh thu và số lượng đơn hàng,918f6fbcf3ab724d805867303e593a1b,112.58,2,3,37.53,2743
Bài 10 - Xếp hạng seller theo tổng doanh thu và số lượng đơn hàng,376d67b61dce0c990155286e7ae486a4,111.91,1,1,111.91,2744
Bài 10 - Xếp hạng seller theo tổng doanh thu và số lượng đơn hàng,7f02656561b680def9986c0795a8a080,111.83,2,2,55.92,2745
Bài 10 - Xếp hạng seller theo tổng doanh thu và số lượng đơn hàng,270572bb714b00531be85e16e1550f26,111.76,1,1,111.76,2746
Bài 10 - Xếp hạng seller theo tổng doanh thu và số lượng đơn hàng,fa7ad8ae9bcb2c4493fdf38e96b1d74f,111.7,1,2,55.85,2747
Bài 10 - Xếp hạng seller theo tổng doanh thu và số lượng đơn hàng,fc99f99385ae90f66f01733856fb88c9,111.02,1,1,111.02,2748
Bài 10 - Xếp hạng seller theo tổng doanh thu và số lượng đơn hàng,a7c53f6b3b61adbdaa99dda97e8cbd56,110.3,1,1,110.3,2749
Bài 10 - Xếp hạng seller theo tổng doanh thu và số lượng đơn hàng,a5ff20ff766e7f50bd5066f33da14413,110.17,2,4,27.54,2750
Bài 10 - Xếp hạng seller theo tổng doanh thu và số lượng đơn hàng,65c255b299faf2d12050937cc219c46c,110.08,2,2,55.04,2751
Bài 10 - Xếp hạng seller theo tổng doanh thu và số lượng đơn hàng,00ab3eff1b5192e5f1a63bcecfee11c8,110.08,1,1,110.08,2752
Bài 10 - Xếp hạng seller theo tổng doanh thu và số lượng đơn hàng,7a704e63bb29c446869efde5d57524c8,109.9,1,1,109.9,2753
Bài 10 - Xếp hạng seller theo tổng doanh thu và số lượng đơn hàng,154bdf805377afea75a3bd158e9eab10,109.72,1,1,109.72,2754
Bài 10 - Xếp hạng seller theo tổng doanh thu và số lượng đơn hàng,22a23e5ac7061fc538cc2a019afaaf16,109.42,1,1,109.42,2755
Bài 10 - Xếp hạng seller theo tổng doanh thu và số lượng đơn hàng,166e8f1381e09651983c38b1f6f91c11,109.0,2,2,54.5,2756
Bài 10 - Xếp hạng seller theo tổng doanh thu và số lượng đơn hàng,6d04126aba80df143fd038e711b8fd96,108.86,1,1,108.86,2757
Bài 10 - Xếp hạng seller theo tổng doanh thu và số lượng đơn hàng,e4253cef933647000a82ff39c67b7bde,108.73,2,2,54.36,2758
Bài 10 - Xếp hạng seller theo tổng doanh thu và số lượng đơn hàng,d7d517afce974cd491b8d52bb5b5b1fc,108.72,1,1,108.72,2759
Bài 10 - Xếp hạng seller theo tổng doanh thu và số lượng đơn hàng,a72f15980dc3e9bfd1a49ac9b2f3af65,108.63,1,1,108.63,2760
Bài 10 - Xếp hạng seller theo tổng doanh thu và số lượng đơn hàng,dd264199fc8b687ad029de7de6d760e6,108.6,1,1,108.6,2761
Bài 10 - Xếp hạng seller theo tổng doanh thu và số lượng đơn hàng,cac4e0bc1a3269fa2b6ea5e763f6115b,108.02,2,3,36.01,2762
Bài 10 - Xếp hạng seller theo tổng doanh thu và số lượng đơn hàng,eb4a59a06b3948e851a7d7a830bcbc42,108.0,2,2,54.0,2763
Bài 10 - Xếp hạng seller theo tổng doanh thu và số lượng đơn hàng,2bdb95a56a36ebbc6640337ac5eac174,107.9,1,1,107.9,2764
Bài 10 - Xếp hạng seller theo tổng doanh thu và số lượng đơn hàng,5de1c80811ce7007f62f00d971236c09,107.75,2,2,53.88,2765
Bài 10 - Xếp hạng seller theo tổng doanh thu và số lượng đơn hàng,d598f929fc44e1e38678e7f47250ec04,107.3,1,1,107.3,2766
Bài 10 - Xếp hạng seller theo tổng doanh thu và số lượng đơn hàng,c85d7b477a709c85a1e8b8f25aa1b270,107.22,1,2,53.61,2767
Bài 10 - Xếp hạng seller theo tổng doanh thu và số lượng đơn hàng,6624bc09786f0e41ae48dfc5eeb1a9e2,107.01,1,1,107.01,2768
Bài 10 - Xếp hạng seller theo tổng doanh thu và số lượng đơn hàng,a56a8043ebf66e42119618fb8cf232c6,106.73,1,1,106.73,2769
Bài 10 - Xếp hạng seller theo tổng doanh thu và số lượng đơn hàng,5305693ffae2d3463377b1f6fe67b15a,106.55,1,1,106.55,2770
Bài 10 - Xếp hạng seller theo tổng doanh thu và số lượng đơn hàng,e4f121bf6ef8b9a1d4d3e65dd0473fab,106.46,2,2,53.23,2771
Bài 10 - Xếp hạng seller theo tổng doanh thu và số lượng đơn hàng,f8f35af4634605e6693c17cc3ffff5a8,106.39,1,1,106.39,2772
Bài 10 - Xếp hạng seller theo tổng doanh thu và số lượng đơn hàng,b86a47b3366e3b5424a7b225781f4908,106.35,1,1,106.35,2773
Bài 10 - Xếp hạng seller theo tổng doanh thu và số lượng đơn hàng,499185655c29ecfdbfe776ef7cf875b5,106.33,1,1,106.33,2774
Bài 10 - Xếp hạng seller theo tổng doanh thu và số lượng đơn hàng,83d458c0d6d4f94295d63f091460bd60,105.74,1,1,105.74,2775
Bài 10 - Xếp hạng seller theo tổng doanh thu và số lượng đơn hàng,dedcab67899479e4ea5dcc4eba47f587,105.64,2,2,52.82,2776
Bài 10 - Xếp hạng seller theo tổng doanh thu và số lượng đơn hàng,29c322e3f09f886f8bacbe91dfbd979e,105.57,1,2,52.79,2777
Bài 10 - Xếp hạng seller theo tổng doanh thu và số lượng đơn hàng,20fd2d2080ed85fa67fad3fcbb2c1813,105.47,1,1,105.47,2778
Bài 10 - Xếp hạng seller theo tổng doanh thu và số lượng đơn hàng,466222e777149751370e7e98fb623b0c,105.45,1,1,105.45,2779
Bài 10 - Xếp hạng seller theo tổng doanh thu và số lượng đơn hàng,bbf4a892cac7b82422baa711dffb8997,105.34,1,1,105.34,2780
Bài 10 - Xếp hạng seller theo tổng doanh thu và số lượng đơn hàng,4aba6a02a788d3ec81c03137144d9a80,105.28,1,1,105.28,2781
Bài 10 - Xếp hạng seller theo tổng doanh thu và số lượng đơn hàng,1fddcb7b326905d3ad5efe82187db347,105.22,1,1,105.22,2782
Bài 10 - Xếp hạng seller theo tổng doanh thu và số lượng đơn hàng,6187a137b2af59dfdbad8d9f8c373c14,105.02,2,2,52.51,2783
Bài 10 - Xếp hạng seller theo tổng doanh thu và số lượng đơn hàng,a7b7354cc588f7566a848bcbb1ce3d96,104.87,2,2,52.44,2784
Bài 10 - Xếp hạng seller theo tổng doanh thu và số lượng đơn hàng,b5dd7151a92ccaaa282cbe9681a05f44,103.7,1,1,103.7,2785
Bài 10 - Xếp hạng seller theo tổng doanh thu và số lượng đơn hàng,5587130f9850696ed7fafbc91c2cee44,103.49,2,2,51.75,2786
Bài 10 - Xếp hạng seller theo tổng doanh thu và số lượng đơn hàng,da2782c804606d2a5d8e1760dbb3e7ec,103.37,1,1,103.37,2787
Bài 10 - Xếp hạng seller theo tổng doanh thu và số lượng đơn hàng,f3055483058c84d75ca2a3314fb4deef,103.29,1,1,103.29,2788
Bài 10 - Xếp hạng seller theo tổng doanh thu và số lượng đơn hàng,5a32c398a06c345440bf2a683b017ad3,102.97,2,2,51.49,2789
Bài 10 - Xếp hạng seller theo tổng doanh thu và số lượng đơn hàng,0f519b0d2e5eb2227c93dd25038bfc01,102.9,1,1,102.9,2790
Bài 10 - Xếp hạng seller theo tổng doanh thu và số lượng đơn hàng,15b3b1b81484422eb41df68ac87f1f50,102.89,2,2,51.45,2791
Bài 10 - Xếp hạng seller theo tổng doanh thu và số lượng đơn hàng,a1bea9970d8f65b240555f99c2214f7f,102.48,1,1,102.48,2792
Bài 10 - Xếp hạng seller theo tổng doanh thu và số lượng đơn hàng,48e5ee06fb2dc74df1c711a9b6dfac2a,102.3,1,3,34.1,2793
Bài 10 - Xếp hạng seller theo tổng doanh thu và số lượng đơn hàng,f09e26011d833ddab11593c1a097a92a,102.09,1,1,102.09,2794
Bài 10 - Xếp hạng seller theo tổng doanh thu và số lượng đơn hàng,b452cb0ae35044c4a53179c39f49fb06,101.99,2,2,50.99,2795
Bài 10 - Xếp hạng seller theo tổng doanh thu và số lượng đơn hàng,c2bda99904207edd1834f03e0022b007,101.68,2,2,50.84,2796
Bài 10 - Xếp hạng seller theo tổng doanh thu và số lượng đơn hàng,83f2b4881141ce3fcd4e985125d3279e,101.38,3,3,33.79,2797
Bài 10 - Xếp hạng seller theo tổng doanh thu và số lượng đơn hàng,3febca52652e7209509ccfe61cbde40e,100.9,2,2,50.45,2798
Bài 10 - Xếp hạng seller theo tổng doanh thu và số lượng đơn hàng,42d4b7e70819438f5ada61c965e92d7e,100.78,1,3,33.59,2799
Bài 10 - Xếp hạng seller theo tổng doanh thu và số lượng đơn hàng,c6381b1321d7d97717a5bb4ed5b77882,100.01,2,3,33.34,2800
Bài 10 - Xếp hạng seller theo tổng doanh thu và số lượng đơn hàng,43a5d4a57af536fddc96d08be3afdfcb,99.83,1,1,99.83,2801
Bài 10 - Xếp hạng seller theo tổng doanh thu và số lượng đơn hàng,a7d0f8dd44f57ef6de7f7f02e3d82630,99.67,2,2,49.84,2802
Bài 10 - Xếp hạng seller theo tổng doanh thu và số lượng đơn hàng,dadc51ef321949ec9a3ab25cd902e23d,99.34,1,1,99.34,2803
Bài 10 - Xếp hạng seller theo tổng doanh thu và số lượng đơn hàng,42fb44130ac3134cde8e35cf8ec7df25,99.14,3,3,33.05,2804
Bài 10 - Xếp hạng seller theo tổng doanh thu và số lượng đơn hàng,cd233f8bfa30ebfd651f47ee7d054951,98.56,1,1,98.56,2805
Bài 10 - Xếp hạng seller theo tổng doanh thu và số lượng đơn hàng,8fb67a334bacec338885b4e9e1708073,98.42,1,1,98.42,2806
Bài 10 - Xếp hạng seller theo tổng doanh thu và số lượng đơn hàng,52b53f7061969fe471d119b6195da864,98.37,1,1,98.37,2807
Bài 10 - Xếp hạng seller theo tổng doanh thu và số lượng đơn hàng,dcb7367a92f5ffb89f1e2152ed260285,98.34,1,1,98.34,2808
Bài 10 - Xếp hạng seller theo tổng doanh thu và số lượng đơn hàng,c542f5a8c64d973f30e9df8d06f70b4a,98.31,1,1,98.31,2809
Bài 10 - Xếp hạng seller theo tổng doanh thu và số lượng đơn hàng,97e50a621f8e801f4baf69e08687c192,97.78,1,1,97.78,2810
Bài 10 - Xếp hạng seller theo tổng doanh thu và số lượng đơn hàng,ca5832c6960267b71041f74bb39e8b12,97.71,1,1,97.71,2811
Bài 10 - Xếp hạng seller theo tổng doanh thu và số lượng đơn hàng,ba8e85df286308fe68a2ce83a8f8b2d6,97.66,1,1,97.66,2812
Bài 10 - Xếp hạng seller theo tổng doanh thu và số lượng đơn hàng,1d0646a72178a6fb37ee8082140e06ec,97.62,2,2,48.81,2813
Bài 10 - Xếp hạng seller theo tổng doanh thu và số lượng đơn hàng,1a8e2d9c38b84a9702ac7922924b0573,97.0,1,1,97.0,2814
Bài 10 - Xếp hạng seller theo tổng doanh thu và số lượng đơn hàng,b3809b8d4394588a47c8470ea331e135,96.88,1,1,96.88,2815
Bài 10 - Xếp hạng seller theo tổng doanh thu và số lượng đơn hàng,9fbd5666d8618fa571c4230fafa09bd6,96.71,1,1,96.71,2816
Bài 10 - Xếp hạng seller theo tổng doanh thu và số lượng đơn hàng,6dd7dce75cd55c1ce255dc38d9f0cd46,96.33,1,1,96.33,2817
Bài 10 - Xếp hạng seller theo tổng doanh thu và số lượng đơn hàng,c8771b1a10bb99bb34d3c459c5cffb53,96.1,1,1,96.1,2818
Bài 10 - Xếp hạng seller theo tổng doanh thu và số lượng đơn hàng,c0f3eea2e14555b6faeea3dd58c1b1c3,95.65,1,1,95.65,2819
Bài 10 - Xếp hạng seller theo tổng doanh thu và số lượng đơn hàng,b3e2faf2c1004d674f16a3aa3197f0e1,95.24,3,3,31.75,2820
Bài 10 - Xếp hạng seller theo tổng doanh thu và số lượng đơn hàng,8f0fbe2cd4d472157dc1cdef6edecaa9,94.76,2,2,47.38,2821
Bài 10 - Xếp hạng seller theo tổng doanh thu và số lượng đơn hàng,9591fc341b1bfb7ef561e2968ec6e011,94.21,1,1,94.21,2822
Bài 10 - Xếp hạng seller theo tổng doanh thu và số lượng đơn hàng,497709c2976a8fa308730a2dec5b0726,94.04,1,2,47.02,2823
Bài 10 - Xếp hạng seller theo tổng doanh thu và số lượng đơn hàng,02a2272692e13558373c66db98f05e2e,93.85,2,2,46.93,2824
Bài 10 - Xếp hạng seller theo tổng doanh thu và số lượng đơn hàng,bbd3acfe6de99892e73940d3fdceaf68,93.55,2,2,46.78,2825
Bài 10 - Xếp hạng seller theo tổng doanh thu và số lượng đơn hàng,fe9d9cf8631285d5982c6e2cf27fb114,93.54,1,1,93.54,2826
Bài 10 - Xếp hạng seller theo tổng doanh thu và số lượng đơn hàng,c8665a4dd081a2c436b1cd921079d0d9,93.53,1,1,93.53,2827
Bài 10 - Xếp hạng seller theo tổng doanh thu và số lượng đơn hàng,babcc0ab201e4c60188427cae51a5b8b,93.13,1,1,93.13,2828
Bài 10 - Xếp hạng seller theo tổng doanh thu và số lượng đơn hàng,5cf1ec37aea089f45110c70653a166ab,93.1,3,3,31.03,2829
Bài 10 - Xếp hạng seller theo tổng doanh thu và số lượng đơn hàng,f5b84683a9bf9e1df748cf40f601b39c,92.97,1,1,92.97,2830
Bài 10 - Xếp hạng seller theo tổng doanh thu và số lượng đơn hàng,8b11118053756a9a2932f447e11fc1b5,91.16,1,1,91.16,2831
Bài 10 - Xếp hạng seller theo tổng doanh thu và số lượng đơn hàng,455f46ef09a9e45667e2981df84b5cc2,90.98,2,2,45.49,2832
Bài 10 - Xếp hạng seller theo tổng doanh thu và số lượng đơn hàng,5a4236931428800e9d9cc04af0987118,90.66,1,3,30.22,2833
Bài 10 - Xếp hạng seller theo tổng doanh thu và số lượng đơn hàng,cf281cf8b7affbdfe751b29cc85580e1,90.23,1,1,90.23,2834
Bài 10 - Xếp hạng seller theo tổng doanh thu và số lượng đơn hàng,24a6daf925d9d591870a66660416de31,90.08,2,2,45.04,2835
Bài 10 - Xếp hạng seller theo tổng doanh thu và số lượng đơn hàng,723a46b89fd5c3ed78ccdf039e33ac63,90.04,1,1,90.04,2836
Bài 10 - Xếp hạng seller theo tổng doanh thu và số lượng đơn hàng,e9e446d01bd10a97a8ffcfc4a3a20cb2,89.61,4,4,22.4,2837
Bài 10 - Xếp hạng seller theo tổng doanh thu và số lượng đơn hàng,f90f77ef2799a27f80d90c425ca944f7,89.46,1,1,89.46,2838
Bài 10 - Xếp hạng seller theo tổng doanh thu và số lượng đơn hàng,a45765f8afb1e594b22bf9e974b46765,88.92,1,1,88.92,2839
Bài 10 - Xếp hạng seller theo tổng doanh thu và số lượng đơn hàng,b5b800c4065bebf4d3442311c9857344,88.81,1,1,88.81,2840
Bài 10 - Xếp hạng seller theo tổng doanh thu và số lượng đơn hàng,76623fde66e6b63b59440fd34160512d,88.74,3,3,29.58,2841
Bài 10 - Xếp hạng seller theo tổng doanh thu và số lượng đơn hàng,9b1f656ca3060f8af17a50d8a024b533,88.68,2,2,44.34,2842
Bài 10 - Xếp hạng seller theo tổng doanh thu và số lượng đơn hàng,392f7f2c797e4dc077e4311bde2ab8ce,88.56,2,2,44.28,2843
Bài 10 - Xếp hạng seller theo tổng doanh thu và số lượng đơn hàng,204b4e07bddef3c9b317f70189135b22,88.13,1,1,88.13,2844
Bài 10 - Xếp hạng seller theo tổng doanh thu và số lượng đơn hàng,61b893c57e33626afb104d4112b1be76,88.09,1,1,88.09,2845
Bài 10 - Xếp hạng seller theo tổng doanh thu và số lượng đơn hàng,b6c6854d4d92a5f6f46be8869da3fa1a,87.82,1,1,87.82,2846
Bài 10 - Xếp hạng seller theo tổng doanh thu và số lượng đơn hàng,85e7c62c1d6ea078c3897424f867a7c8,87.7,2,2,43.85,2847
Bài 10 - Xếp hạng seller theo tổng doanh thu và số lượng đơn hàng,d4d99b60c4c94cd35acd502cec65dc8d,87.29,1,1,87.29,2848
Bài 10 - Xếp hạng seller theo tổng doanh thu và số lượng đơn hàng,f0ec6a2adb05c62655a26dd347b8dede,86.78,1,2,43.39,2849
Bài 10 - Xếp hạng seller theo tổng doanh thu và số lượng đơn hàng,4003520d80d0bad1d5623f7aa3c63cda,86.74,1,1,86.74,2850
Bài 10 - Xếp hạng seller theo tổng doanh thu và số lượng đơn hàng,0a198e95d32b1be2da9424c962a6ebfa,86.67,1,1,86.67,2851
Bài 10 - Xếp hạng seller theo tổng doanh thu và số lượng đơn hàng,20d53aad4fe5ee93a64f8839609d3586,86.44,2,2,43.22,2852
Bài 10 - Xếp hạng seller theo tổng doanh thu và số lượng đơn hàng,3da38366e7bd9baf6369071f782ecdf0,86.43,1,1,86.43,2853
Bài 10 - Xếp hạng seller theo tổng doanh thu và số lượng đơn hàng,f0ec78809fe0bc3edb11c9fe5b97b059,86.26,2,2,43.13,2854
Bài 10 - Xếp hạng seller theo tổng doanh thu và số lượng đơn hàng,4e92348462c75b6c842b994ce84a0ed4,85.49,1,1,85.49,2855
Bài 10 - Xếp hạng seller theo tổng doanh thu và số lượng đơn hàng,b5d034ac251546e25afe9067f05c1539,85.27,1,1,85.27,2856
Bài 10 - Xếp hạng seller theo tổng doanh thu và số lượng đơn hàng,3e51f9cbe317bc3a88f2c76583811ee4,84.78,1,1,84.78,2857
Bài 10 - Xếp hạng seller theo tổng doanh thu và số lượng đơn hàng,3e35a8bb43569389d3cebef0ce820f69,84.68,1,2,42.34,2858
Bài 10 - Xếp hạng seller theo tổng doanh thu và số lượng đơn hàng,a3fa18b3f688ec0fca3eb8bfcbd2d5b3,84.26,1,2,42.13,2859
Bài 10 - Xếp hạng seller theo tổng doanh thu và số lượng đơn hàng,edb65fe661681b1c0de8bd47c8655855,84.24,1,1,84.24,2860
Bài 10 - Xếp hạng seller theo tổng doanh thu và số lượng đơn hàng,d58d521f3789def2e7a22715e0badd93,84.2,2,2,42.1,2861
Bài 10 - Xếp hạng seller theo tổng doanh thu và số lượng đơn hàng,eaf6d55068dea77334e8477d3878d89e,84.01,3,3,28.0,2862
Bài 10 - Xếp hạng seller theo tổng doanh thu và số lượng đơn hàng,d7ab82074b5f1dfba46db123df101bff,83.97,2,3,27.99,2863
Bài 10 - Xếp hạng seller theo tổng doanh thu và số lượng đơn hàng,c13fb473e7cb8b83ccd543c094df0608,83.52,2,2,41.76,2864
Bài 10 - Xếp hạng seller theo tổng doanh thu và số lượng đơn hàng,be7a093e5b4d147b36b72bb1f9e415e5,83.26,1,1,83.26,2865
Bài 10 - Xếp hạng seller theo tổng doanh thu và số lượng đơn hàng,447d377bdb757058acb569025ee18a93,83.01,1,1,83.01,2866
Bài 10 - Xếp hạng seller theo tổng doanh thu và số lượng đơn hàng,7963e546f34e098b578f9ad102494601,82.22,1,1,82.22,2867
Bài 10 - Xếp hạng seller theo tổng doanh thu và số lượng đơn hàng,6ebf4eceee4dd9847201c82e77ef8123,82.03,1,1,82.03,2868
Bài 10 - Xếp hạng seller theo tổng doanh thu và số lượng đơn hàng,dd5450b022b2d00a2145a66331e1aef6,81.34,1,1,81.34,2869
Bài 10 - Xếp hạng seller theo tổng doanh thu và số lượng đơn hàng,ad738d3fcf42655ed15c4960b7b6c601,80.89,1,1,80.89,2870
Bài 10 - Xếp hạng seller theo tổng doanh thu và số lượng đơn hàng,26f6b7ab07be3e9e69ce82a6552efc19,80.75,2,2,40.38,2871
Bài 10 - Xếp hạng seller theo tổng doanh thu và số lượng đơn hàng,a2a41aedb70551d4a85aa04dc2fced48,79.73,2,2,39.87,2872
Bài 10 - Xếp hạng seller theo tổng doanh thu và số lượng đơn hàng,9ef932e837d8b7f392c0bfee9d359dc2,79.56,1,1,79.56,2873
Bài 10 - Xếp hạng seller theo tổng doanh thu và số lượng đơn hàng,ffcfefa19b08742c5d315f2791395ee5,79.52,1,1,79.52,2874
Bài 10 - Xếp hạng seller theo tổng doanh thu và số lượng đơn hàng,ac9b01377919cdbd2a1bbb8d5837c70b,79.44,1,1,79.44,2875
Bài 10 - Xếp hạng seller theo tổng doanh thu và số lượng đơn hàng,d9b00a97818674c7f8d8b1ef0e689679,79.08,1,1,79.08,2876
Bài 10 - Xếp hạng seller theo tổng doanh thu và số lượng đơn hàng,2eeb6531ee027a48d401e72bebdd87d3,78.7,3,3,26.23,2877
Bài 10 - Xếp hạng seller theo tổng doanh thu và số lượng đơn hàng,fa18c782a4866d313cadab567097f8f1,78.64,1,1,78.64,2878
Bài 10 - Xếp hạng seller theo tổng doanh thu và số lượng đơn hàng,67e43d802fde8cfd3f9580124f8167d1,78.36,2,3,26.12,2879
Bài 10 - Xếp hạng seller theo tổng doanh thu và số lượng đơn hàng,1d953075c2f0dd990bacf27b83b330f1,78.32,1,1,78.32,2880
Bài 10 - Xếp hạng seller theo tổng doanh thu và số lượng đơn hàng,52831e5990d0771cb4951d6f12928167,78.12,1,1,78.12,2881
Bài 10 - Xếp hạng seller theo tổng doanh thu và số lượng đơn hàng,84c945f15571830c1a91a33978e94009,78.04,2,2,39.02,2882
Bài 10 - Xếp hạng seller theo tổng doanh thu và số lượng đơn hàng,f3511c85f59f8dec53d140501ee8e7a8,78.01,1,1,78.01,2883
Bài 10 - Xếp hạng seller theo tổng doanh thu và số lượng đơn hàng,f7c31656c19db6275a8acadca289f426,77.75,1,1,77.75,2884
Bài 10 - Xếp hạng seller theo tổng doanh thu và số lượng đơn hàng,86649b1632b1c0e6c0bcb2c90a8b75d8,77.66,1,1,77.66,2885
Bài 10 - Xếp hạng seller theo tổng doanh thu và số lượng đơn hàng,56a8b450e802502ba53a9885ee38e29f,77.65,1,1,77.65,2886
Bài 10 - Xếp hạng seller theo tổng doanh thu và số lượng đơn hàng,7c462184585ae80bd6e5774c62ce50f2,77.64,1,2,38.82,2887
Bài 10 - Xếp hạng seller theo tổng doanh thu và số lượng đơn hàng,3a3c180dd702a725bd0ba4117689239e,77.38,1,1,77.38,2888
Bài 10 - Xếp hạng seller theo tổng doanh thu và số lượng đơn hàng,c1d1ebb4745cc43cb6f05e9c8a705c9a,77.17,3,3,25.72,2889
Bài 10 - Xếp hạng seller theo tổng doanh thu và số lượng đơn hàng,80146bc52c4f6af5239b23de2a20262b,76.78,1,2,38.39,2890
Bài 10 - Xếp hạng seller theo tổng doanh thu và số lượng đơn hàng,6a3139c7bf09ece22a4713d956acbe5e,76.64,1,1,76.64,2891
Bài 10 - Xếp hạng seller theo tổng doanh thu và số lượng đơn hàng,e1a210d482714ce337763a19aef94ba4,76.51,1,1,76.51,2892
Bài 10 - Xếp hạng seller theo tổng doanh thu và số lượng đơn hàng,cecd97bc34ed8330bd4cd15713eda670,76.5,1,1,76.5,2893
Bài 10 - Xếp hạng seller theo tổng doanh thu và số lượng đơn hàng,c161d1327ebc3a156c09582ab2f59f6c,76.33,3,3,25.44,2894
Bài 10 - Xếp hạng seller theo tổng doanh thu và số lượng đơn hàng,7315baebc0572ff220d226283dc66728,76.22,2,2,38.11,2895
Bài 10 - Xếp hạng seller theo tổng doanh thu và số lượng đơn hàng,75fdd0a732287f9497b179f6bd445d32,76.08,1,1,76.08,2896
Bài 10 - Xếp hạng seller theo tổng doanh thu và số lượng đơn hàng,528ce32f560edd11add4169f6a5b65be,75.1,2,2,37.55,2897
Bài 10 - Xếp hạng seller theo tổng doanh thu và số lượng đơn hàng,07e8e8fc5222bb358e6f259da3197074,74.86,2,2,37.43,2898
Bài 10 - Xếp hạng seller theo tổng doanh thu và số lượng đơn hàng,0af2ab31141893d26aca5a404a537dab,74.51,1,1,74.51,2899
Bài 10 - Xếp hạng seller theo tổng doanh thu và số lượng đơn hàng,c240c4061717ac1806ae6ee72be3533b,73.89,1,1,73.89,2900
Bài 10 - Xếp hạng seller theo tổng doanh thu và số lượng đơn hàng,9996ae921c50e8dff411ac69c0b4bb8b,73.37,2,3,24.46,2901
Bài 10 - Xếp hạng seller theo tổng doanh thu và số lượng đơn hàng,d180e07dc1e58c31c3f0cd599dc4d945,72.96,1,1,72.96,2902
Bài 10 - Xếp hạng seller theo tổng doanh thu và số lượng đơn hàng,9e94fa26a70ede4d26226e918e8706a2,72.74,1,1,72.74,2903
Bài 10 - Xếp hạng seller theo tổng doanh thu và số lượng đơn hàng,c7246702dc991a06d788120dc7544391,72.52,1,1,72.52,2904
Bài 10 - Xếp hạng seller theo tổng doanh thu và số lượng đơn hàng,66d5ae34537110d3affc56174dad2b2f,72.18,1,3,24.06,2905
Bài 10 - Xếp hạng seller theo tổng doanh thu và số lượng đơn hàng,9140ef75cc8211c4035935e80e567204,72.18,1,1,72.18,2905
Bài 10 - Xếp hạng seller theo tổng doanh thu và số lượng đơn hàng,fe19dce63ae80346207c6c55713d1023,71.72,1,1,71.72,2906
Bài 10 - Xếp hạng seller theo tổng doanh thu và số lượng đơn hàng,2f1e7b90e01d9f086cbcb301c0c3d406,71.66,1,1,71.66,2907
Bài 10 - Xếp hạng seller theo tổng doanh thu và số lượng đơn hàng,258447aad3f7b01e2643c89f64dc5647,71.45,1,1,71.45,2908
Bài 10 - Xếp hạng seller theo tổng doanh thu và số lượng đơn hàng,1d139e3a3b14025640d8df1b230aace0,71.18,2,2,35.59,2909
Bài 10 - Xếp hạng seller theo tổng doanh thu và số lượng đơn hàng,0ee4fb99ac55ffbbc98795aa01b7f8fa,70.93,1,1,70.93,2910
Bài 10 - Xếp hạng seller theo tổng doanh thu và số lượng đơn hàng,7b3447b497e55af8c15fc7bd89d7b81a,70.65,1,1,70.65,2911
Bài 10 - Xếp hạng seller theo tổng doanh thu và số lượng đơn hàng,b77a27b1864483e721dc831d5ba4afa0,70.42,2,2,35.21,2912
Bài 10 - Xếp hạng seller theo tổng doanh thu và số lượng đơn hàng,cad9969167c09b48ae6f1d123f7fa68d,70.18,2,2,35.09,2913
Bài 10 - Xếp hạng seller theo tổng doanh thu và số lượng đơn hàng,0936e1837d0c79253456bbb2ffaaef10,70.02,1,2,35.01,2914
Bài 10 - Xếp hạng seller theo tổng doanh thu và số lượng đơn hàng,9ac75591b69c3402684b6ce0310f22ee,69.67,1,1,69.67,2915
Bài 10 - Xếp hạng seller theo tổng doanh thu và số lượng đơn hàng,3e46a38ee171c503c3b4a3f23fe3bf0c,69.01,1,1,69.01,2916
Bài 10 - Xếp hạng seller theo tổng doanh thu và số lượng đơn hàng,c1552b1dab6e6f760950368ae61fb600,68.69,2,2,34.35,2917
Bài 10 - Xếp hạng seller theo tổng doanh thu và số lượng đơn hàng,720e6cf846ea7572cbb66b743fb91e6c,68.55,1,1,68.55,2918
Bài 10 - Xếp hạng seller theo tổng doanh thu và số lượng đơn hàng,5415337f1863452476d42d9f14a16a61,68.35,1,1,68.35,2919
Bài 10 - Xếp hạng seller theo tổng doanh thu và số lượng đơn hàng,2c2c9832d1bb38c5b0034a3b47d313ee,68.35,1,1,68.35,2919
Bài 10 - Xếp hạng seller theo tổng doanh thu và số lượng đơn hàng,c963a25b8671419c6ce9eebe8fd03218,68.32,1,1,68.32,2920
Bài 10 - Xếp hạng seller theo tổng doanh thu và số lượng đơn hàng,c200c73f9d7e5a08ca439d6a0803da7c,68.2,1,2,34.1,2921
Bài 10 - Xếp hạng seller theo tổng doanh thu và số lượng đơn hàng,2078fe5066350e7d220c0ad3a3bbc6c1,68.04,1,1,68.04,2922
Bài 10 - Xếp hạng seller theo tổng doanh thu và số lượng đơn hàng,ebe3dabc4955c9b0d695e7bda38bf5c3,66.89,1,1,66.89,2923
Bài 10 - Xếp hạng seller theo tổng doanh thu và số lượng đơn hàng,5aaa890629f83706d8d9bfecd8377c1c,66.82,1,1,66.82,2924
Bài 10 - Xếp hạng seller theo tổng doanh thu và số lượng đơn hàng,63704069d9bd3a75c1cf59babe56004a,66.69,1,1,66.69,2925
Bài 10 - Xếp hạng seller theo tổng doanh thu và số lượng đơn hàng,43753b27d77860f1654aa72e251a7878,66.28,1,1,66.28,2926
Bài 10 - Xếp hạng seller theo tổng doanh thu và số lượng đơn hàng,2e2f44824ab87a0cb961f68bf4073e7f,65.93,1,1,65.93,2927
Bài 10 - Xếp hạng seller theo tổng doanh thu và số lượng đơn hàng,ed49da7cadefc454d6a67de249eab240,65.83,2,2,32.92,2928
Bài 10 - Xếp hạng seller theo tổng doanh thu và số lượng đơn hàng,1b61fb1f0f2185d89e9a126c498e9cc7,65.81,1,1,65.81,2929
Bài 10 - Xếp hạng seller theo tổng doanh thu và số lượng đơn hàng,a1ed30492b3b798bc121845bc4aa7366,65.5,1,2,32.75,2930
Bài 10 - Xếp hạng seller theo tổng doanh thu và số lượng đơn hàng,3338e7a0710a195872be80e0d2423867,65.43,1,1,65.43,2931
Bài 10 - Xếp hạng seller theo tổng doanh thu và số lượng đơn hàng,deaadd805612bf94faaa9fa702516e11,65.11,1,1,65.11,2932
Bài 10 - Xếp hạng seller theo tổng doanh thu và số lượng đơn hàng,d1a1b40ec554c593a1a99366746289dd,64.22,1,1,64.22,2933
Bài 10 - Xếp hạng seller theo tổng doanh thu và số lượng đơn hàng,e0487761face83d64fcada2408959a36,64.12,2,2,32.06,2934
Bài 10 - Xếp hạng seller theo tổng doanh thu và số lượng đơn hàng,8629a7efec1aab257e58cda559f03ba7,64.11,1,1,64.11,2935
Bài 10 - Xếp hạng seller theo tổng doanh thu và số lượng đơn hàng,2ef086a599b597572aca4433b7ed6b3d,64.1,1,1,64.1,2936
Bài 10 - Xếp hạng seller theo tổng doanh thu và số lượng đơn hàng,539ed9e19811677513447759be5eccfc,63.92,2,2,31.96,2937
Bài 10 - Xếp hạng seller theo tổng doanh thu và số lượng đơn hàng,ce33c6211beaa8fef4cae8b52db39862,63.52,1,1,63.52,2938
Bài 10 - Xếp hạng seller theo tổng doanh thu và số lượng đơn hàng,51e0557bc7b86de13e946c60ee91ce39,63.4,1,1,63.4,2939
Bài 10 - Xếp hạng seller theo tổng doanh thu và số lượng đơn hàng,d85efbc8eff2b7adf524e2820569adc8,63.29,1,1,63.29,2940
Bài 10 - Xếp hạng seller theo tổng doanh thu và số lượng đơn hàng,70c0fda4c313d87115644d39e62eec60,63.08,1,1,63.08,2941
Bài 10 - Xếp hạng seller theo tổng doanh thu và số lượng đơn hàng,6c9875b2f94ba781186f0c1aed8d1687,63.05,2,4,15.76,2942
Bài 10 - Xếp hạng seller theo tổng doanh thu và số lượng đơn hàng,7494d0dcba8551df6cf37f1b905dc2f7,62.97,1,1,62.97,2943
Bài 10 - Xếp hạng seller theo tổng doanh thu và số lượng đơn hàng,0b1ca3ef18a63d7eb0c8897fa0849c08,62.87,1,1,62.87,2944
Bài 10 - Xếp hạng seller theo tổng doanh thu và số lượng đơn hàng,513a54369b6a8a6602fcb0e129c6d78d,62.66,2,2,31.33,2945
Bài 10 - Xếp hạng seller theo tổng doanh thu và số lượng đơn hàng,3ded4e2d5f135cb103e5949d7263d2dd,62.38,1,1,62.38,2946
Bài 10 - Xếp hạng seller theo tổng doanh thu và số lượng đơn hàng,d4828feed4cda2cd9d6b37899a95a71e,62.11,1,1,62.11,2947
Bài 10 - Xếp hạng seller theo tổng doanh thu và số lượng đơn hàng,d297f1055de2956aedfd3b04113dce3e,61.94,1,1,61.94,2948
Bài 10 - Xếp hạng seller theo tổng doanh thu và số lượng đơn hàng,749e7cdabbaf72f16677859e27874ba5,61.74,1,1,61.74,2949
Bài 10 - Xếp hạng seller theo tổng doanh thu và số lượng đơn hàng,417a1e6c7321084d2a0ae0d023cfad93,61.38,1,1,61.38,2950
Bài 10 - Xếp hạng seller theo tổng doanh thu và số lượng đơn hàng,4125d9385a25e82d2f72d3a0fd55bc3f,61.3,1,1,61.3,2951
Bài 10 - Xếp hạng seller theo tổng doanh thu và số lượng đơn hàng,d4f91e8be86b38da2ee35bc489645a9d,61.16,1,1,61.16,2952
Bài 10 - Xếp hạng seller theo tổng doanh thu và số lượng đơn hàng,16bdc8cefd0e32a6f0824d296c5ad14a,61.08,1,1,61.08,2953
Bài 10 - Xếp hạng seller theo tổng doanh thu và số lượng đơn hàng,9315e491484b1b0081ca166fc164108d,60.4,1,1,60.4,2954
Bài 10 - Xếp hạng seller theo tổng doanh thu và số lượng đơn hàng,7caa63f175b1cecbfaadd8b5ab9998c7,60.33,2,2,30.17,2955
Bài 10 - Xếp hạng seller theo tổng doanh thu và số lượng đơn hàng,cad10cc982ab6a391570c211b995c17c,60.19,1,1,60.19,2956
Bài 10 - Xếp hạng seller theo tổng doanh thu và số lượng đơn hàng,ae9690c6e8fee182c28c9ff8e11ca52c,59.81,1,1,59.81,2957
Bài 10 - Xếp hạng seller theo tổng doanh thu và số lượng đơn hàng,05a48cc8859962767935ab9087417fbb,59.39,1,1,59.39,2958
Bài 10 - Xếp hạng seller theo tổng doanh thu và số lượng đơn hàng,6bcb2352a2a0c38b845f598298ab9d26,59.38,2,2,29.69,2959
Bài 10 - Xếp hạng seller theo tổng doanh thu và số lượng đơn hàng,9c351405b754cc5ce3e2ecf277bb034a,59.11,1,1,59.11,2960
Bài 10 - Xếp hạng seller theo tổng doanh thu và số lượng đơn hàng,ac137bac82ffa8548e62bd9d01d2a14f,58.94,1,1,58.94,2961
Bài 10 - Xếp hạng seller theo tổng doanh thu và số lượng đơn hàng,4d8809767a5bafe22909c77951fb6b41,58.72,1,1,58.72,2962
Bài 10 - Xếp hạng seller theo tổng doanh thu và số lượng đơn hàng,edb58a1390adf273840030a3d6253829,58.28,1,1,58.28,2963
Bài 10 - Xếp hạng seller theo tổng doanh thu và số lượng đơn hàng,84deb808079d1be601c209c1e771b1cc,58.14,2,2,29.07,2964
Bài 10 - Xếp hạng seller theo tổng doanh thu và số lượng đơn hàng,535bf14f36346c7f59d87cece104d70c,57.77,1,1,57.77,2965
Bài 10 - Xếp hạng seller theo tổng doanh thu và số lượng đơn hàng,da3fede3469bf49b7293ce3fc45b294d,57.69,1,1,57.69,2966
Bài 10 - Xếp hạng seller theo tổng doanh thu và số lượng đơn hàng,2c00c85d30361cd2ced2969cffbbffa3,57.51,1,1,57.51,2967
Bài 10 - Xếp hạng seller theo tổng doanh thu và số lượng đơn hàng,e5545d4d4473876ea78c5bcebca365c3,57.47,1,1,57.47,2968
Bài 10 - Xếp hạng seller theo tổng doanh thu và số lượng đơn hàng,1f7dfad2cb384ea4d2d7e1ffbd78c407,57.29,1,1,57.29,2969
Bài 10 - Xếp hạng seller theo tổng doanh thu và số lượng đơn hàng,e595809a6c31ec4314fd06ef198c244d,57.23,1,1,57.23,2970
Bài 10 - Xếp hạng seller theo tổng doanh thu và số lượng đơn hàng,d63f306de130e0391d38a792541723b8,56.6,1,1,56.6,2971
Bài 10 - Xếp hạng seller theo tổng doanh thu và số lượng đơn hàng,2d8cfba3fcd3170555941605edaa196a,55.96,1,1,55.96,2972
Bài 10 - Xếp hạng seller theo tổng doanh thu và số lượng đơn hàng,a213f1bd6458f4a158f3746cb2514559,55.95,1,1,55.95,2973
Bài 10 - Xếp hạng seller theo tổng doanh thu và số lượng đơn hàng,df683dfda87bf71ac3fc63063fba369d,55.95,1,1,55.95,2973
Bài 10 - Xếp hạng seller theo tổng doanh thu và số lượng đơn hàng,c74f14c1e26cf1bd5bd34b6a1e274426,55.79,1,1,55.79,2974
Bài 10 - Xếp hạng seller theo tổng doanh thu và số lượng đơn hàng,baf15155e37ef5492731459bdc05be8a,55.72,1,1,55.72,2975
Bài 10 - Xếp hạng seller theo tổng doanh thu và số lượng đơn hàng,e72b4feb7abe210c52aa667abc25a3a2,55.64,1,2,27.82,2976
Bài 10 - Xếp hạng seller theo tổng doanh thu và số lượng đơn hàng,8b181ee5518df84f18f4e1a43fe07923,54.98,1,1,54.98,2977
Bài 10 - Xếp hạng seller theo tổng doanh thu và số lượng đơn hàng,3d62f86afa7c73be2628a3be1423f5a0,54.42,2,2,27.21,2978
Bài 10 - Xếp hạng seller theo tổng doanh thu và số lượng đơn hàng,ab75b89cc49c9ab3160d0c91565a442a,53.83,2,2,26.92,2979
Bài 10 - Xếp hạng seller theo tổng doanh thu và số lượng đơn hàng,70ee69419916dc13e3aed619061f996c,53.72,1,1,53.72,2980
Bài 10 - Xếp hạng seller theo tổng doanh thu và số lượng đơn hàng,bee36b4f9a2b9fdcaff6ec05df202ed0,53.48,2,2,26.74,2981
Bài 10 - Xếp hạng seller theo tổng doanh thu và số lượng đơn hàng,1f2eebc0e970fd3c463e4f5d9652687a,53.47,1,1,53.47,2982
Bài 10 - Xếp hạng seller theo tổng doanh thu và số lượng đơn hàng,3a52d63a8f9daf5a28f3626d7eb9bd28,52.78,1,1,52.78,2983
Bài 10 - Xếp hạng seller theo tổng doanh thu và số lượng đơn hàng,bb7ad8a45c027be8ab075b8e465f8ca0,52.62,2,2,26.31,2984
Bài 10 - Xếp hạng seller theo tổng doanh thu và số lượng đơn hàng,2c54051840f19eca309a5423cf22df36,52.27,2,2,26.13,2985
Bài 10 - Xếp hạng seller theo tổng doanh thu và số lượng đơn hàng,50c361bcf670d16f6df4d52de3dff924,51.6,1,1,51.6,2986
Bài 10 - Xếp hạng seller theo tổng doanh thu và số lượng đơn hàng,e116c7455dd26a4d8c3e92532583905f,51.54,1,2,25.77,2987
Bài 10 - Xếp hạng seller theo tổng doanh thu và số lượng đơn hàng,9200e6ce317b67196b6b0bad4d4bd567,51.42,1,1,51.42,2988
Bài 10 - Xếp hạng seller theo tổng doanh thu và số lượng đơn hàng,f9f68daa2af419d38f745478bcb3da1a,51.36,2,2,25.68,2989
Bài 10 - Xếp hạng seller theo tổng doanh thu và số lượng đơn hàng,9f56a7a649097b166d8ed286ad86a15c,51.02,2,2,25.51,2990
Bài 10 - Xếp hạng seller theo tổng doanh thu và số lượng đơn hàng,fedaedd3ca31d56ab33e92035e4b361c,50.86,1,1,50.86,2991
Bài 10 - Xếp hạng seller theo tổng doanh thu và số lượng đơn hàng,999f6d9a1c7c81f43be44c6b7d076210,50.83,2,2,25.42,2992
Bài 10 - Xếp hạng seller theo tổng doanh thu và số lượng đơn hàng,c716e0b86ed568878475b60fbb6323ad,50.23,1,1,50.23,2993
Bài 10 - Xếp hạng seller theo tổng doanh thu và số lượng đơn hàng,baeda7047354773262ba2405f97038ba,50.1,1,1,50.1,2994
Bài 10 - Xếp hạng seller theo tổng doanh thu và số lượng đơn hàng,e0b162a693bc7f9eab00f783a31d60ea,49.69,1,1,49.69,2995
Bài 10 - Xếp hạng seller theo tổng doanh thu và số lượng đơn hàng,6561d6bf844e464b4019442692b40e02,49.45,1,1,49.45,2996
Bài 10 - Xếp hạng seller theo tổng doanh thu và số lượng đơn hàng,cb162c8eef257253782d245c08d9097c,49.12,1,1,49.12,2997
Bài 10 - Xếp hạng seller theo tổng doanh thu và số lượng đơn hàng,87b4428a334b8f676fd9a7f3bf544fb5,48.98,1,1,48.98,2998
Bài 10 - Xếp hạng seller theo tổng doanh thu và số lượng đơn hàng,3aa3c89ae3cd482385568be76120f63c,48.94,1,1,48.94,2999
Bài 10 - Xếp hạng seller theo tổng doanh thu và số lượng đơn hàng,389e45560e33d2d0747f949dcddbc08e,47.43,1,1,47.43,3000
Bài 10 - Xếp hạng seller theo tổng doanh thu và số lượng đơn hàng,0336182e1b3e92f029d5354832045fdf,47.37,1,2,23.69,3001
Bài 10 - Xếp hạng seller theo tổng doanh thu và số lượng đơn hàng,72c73be2b085b9d57650dd53eb2004c9,47.32,1,1,47.32,3002
Bài 10 - Xếp hạng seller theo tổng doanh thu và số lượng đơn hàng,d7f1cfc638473be93baedbfd02208016,47.14,1,1,47.14,3003
Bài 10 - Xếp hạng seller theo tổng doanh thu và số lượng đơn hàng,28a26ebce31d5918b181ede016fd693b,47.04,1,1,47.04,3004
Bài 10 - Xếp hạng seller theo tổng doanh thu và số lượng đơn hàng,a09a13f18ed27932d08438aa6f12756e,46.01,1,1,46.01,3005
Bài 10 - Xếp hạng seller theo tổng doanh thu và số lượng đơn hàng,5206cc4bc2297c833e6061c49bf9c43f,45.96,1,1,45.96,3006
Bài 10 - Xếp hạng seller theo tổng doanh thu và số lượng đơn hàng,32f83ffe11cd40f7adcf4eef171f52d9,45.09,1,1,45.09,3007
Bài 10 - Xếp hạng seller theo tổng doanh thu và số lượng đơn hàng,c43d924a0f1688ee9fae0efcd6f539d4,45.01,1,1,45.01,3008
Bài 10 - Xếp hạng seller theo tổng doanh thu và số lượng đơn hàng,fdf736c18c589ed030e058312203e1b2,44.51,1,1,44.51,3009
Bài 10 - Xếp hạng seller theo tổng doanh thu và số lượng đơn hàng,436bf27f2f18474fc6047702e9f8a866,44.42,1,1,44.42,3010
Bài 10 - Xếp hạng seller theo tổng doanh thu và số lượng đơn hàng,c9d2ba8dde44a275ae06475ed1d2fafc,43.31,1,1,43.31,3011
Bài 10 - Xếp hạng seller theo tổng doanh thu và số lượng đơn hàng,e6ffc9ac6a7adc9d16a1cfc2286dd546,43.28,1,1,43.28,3012
Bài 10 - Xếp hạng seller theo tổng doanh thu và số lượng đơn hàng,33fd411ed63a7c2f9005e3f065d9f85d,43.13,1,1,43.13,3013
Bài 10 - Xếp hạng seller theo tổng doanh thu và số lượng đơn hàng,b026643914f651e8371425e5b8a1e780,43.0,1,1,43.0,3014
Bài 10 - Xếp hạng seller theo tổng doanh thu và số lượng đơn hàng,7b3f6ce5c6c22e9b96e7581ebf0df6e1,42.49,1,1,42.49,3015
Bài 10 - Xếp hạng seller theo tổng doanh thu và số lượng đơn hàng,bd43e172d599bed47a85da877172ca8c,42.19,1,1,42.19,3016
Bài 10 - Xếp hạng seller theo tổng doanh thu và số lượng đơn hàng,455befea1bb853c75ccbca94cff26e5c,42.05,1,1,42.05,3017
Bài 10 - Xếp hạng seller theo tổng doanh thu và số lượng đơn hàng,41958cbd3335433c8740300e8cd600d5,40.38,1,1,40.38,3018
Bài 10 - Xếp hạng seller theo tổng doanh thu và số lượng đơn hàng,3986c0b54f6b748b75e7bd4e092aa3e5,40.27,1,1,40.27,3019
Bài 10 - Xếp hạng seller theo tổng doanh thu và số lượng đơn hàng,7cb946b1ad19faebe28c3e86c2794ec3,40.1,1,1,40.1,3020
Bài 10 - Xếp hạng seller theo tổng doanh thu và số lượng đơn hàng,1992f8fb6b19fcccd97ca819811e7267,40.02,1,1,40.02,3021
Bài 10 - Xếp hạng seller theo tổng doanh thu và số lượng đơn hàng,7d81e74a4755b552267cd5e081563028,39.99,1,1,39.99,3022
Bài 10 - Xếp hạng seller theo tổng doanh thu và số lượng đơn hàng,15aec03fe4cf30dfa574cf550f5ff5ff,39.86,1,1,39.86,3023
Bài 10 - Xếp hạng seller theo tổng doanh thu và số lượng đơn hàng,bcd2d7510d58e293f20fad6438c1b314,39.46,1,1,39.46,3024
Bài 10 - Xếp hạng seller theo tổng doanh thu và số lượng đơn hàng,1c83418358f249c9d6affa52d579db0e,39.42,1,1,39.42,3025
Bài 10 - Xếp hạng seller theo tổng doanh thu và số lượng đơn hàng,1a6245add4353f18ed55138808906979,39.34,1,1,39.34,3026
Bài 10 - Xếp hạng seller theo tổng doanh thu và số lượng đơn hàng,544863df86ed3b78a04e0820d41430ee,39.17,1,1,39.17,3027
Bài 10 - Xếp hạng seller theo tổng doanh thu và số lượng đơn hàng,f09b760d23495ac9a7e00d29b769007c,39.09,1,1,39.09,3028
Bài 10 - Xếp hạng seller theo tổng doanh thu và số lượng đơn hàng,bd65d163ded559eb90a10cd09fec178f,38.48,1,2,19.24,3029
Bài 10 - Xếp hạng seller theo tổng doanh thu và số lượng đơn hàng,a61cc04793308395a840807104365121,38.37,1,1,38.37,3030
Bài 10 - Xếp hạng seller theo tổng doanh thu và số lượng đơn hàng,139157dd4daa45c25b0807ffff348363,37.68,1,1,37.68,3031
Bài 10 - Xếp hạng seller theo tổng doanh thu và số lượng đơn hàng,c0e0b73d039eb9a99b6ce4cb7a429cd3,37.56,1,1,37.56,3032
Bài 10 - Xếp hạng seller theo tổng doanh thu và số lượng đơn hàng,9d69ba0a7a626a64dc5db08e529559cf,37.54,1,1,37.54,3033
Bài 10 - Xếp hạng seller theo tổng doanh thu và số lượng đơn hàng,bf0d50a6410d487dc97d2baac0a8c0be,37.16,1,1,37.16,3034
Bài 10 - Xếp hạng seller theo tổng doanh thu và số lượng đơn hàng,82921991ff5b557b045605b8bbf08d49,37.13,1,1,37.13,3035
Bài 10 - Xếp hạng seller theo tổng doanh thu và số lượng đơn hàng,34675b28b826facfde119785bf287dc1,37.09,1,1,37.09,3036
Bài 10 - Xếp hạng seller theo tổng doanh thu và số lượng đơn hàng,38f276ca6e7cc95a6d1bb55ac9e5550f,36.84,1,1,36.84,3037
Bài 10 - Xếp hạng seller theo tổng doanh thu và số lượng đơn hàng,98f52e1020fe788c10c0418de4393fec,36.7,1,1,36.7,3038
Bài 10 - Xếp hạng seller theo tổng doanh thu và số lượng đơn hàng,c97aa4ee7420f937da13b7f9e2228b99,36.56,1,1,36.56,3039
Bài 10 - Xếp hạng seller theo tổng doanh thu và số lượng đơn hàng,3820c6537b3853be1a0687d5a60807ec,35.96,1,1,35.96,3040
Bài 10 - Xếp hạng seller theo tổng doanh thu và số lượng đơn hàng,b2f4d63c7203f539a78252565ca32257,35.74,1,1,35.74,3041
Bài 10 - Xếp hạng seller theo tổng doanh thu và số lượng đơn hàng,698624c6632eeba1774924dbea24c700,35.13,1,1,35.13,3042
Bài 10 - Xếp hạng seller theo tổng doanh thu và số lượng đơn hàng,c12d7463a579237ffb9248bd7cff378b,34.62,1,1,34.62,3043
Bài 10 - Xếp hạng seller theo tổng doanh thu và số lượng đơn hàng,f1fdf2d13186575751aa25876536d85c,34.59,1,1,34.59,3044
Bài 10 - Xếp hạng seller theo tổng doanh thu và số lượng đơn hàng,bac44fa8e13424950488659b5f765c41,34.42,1,1,34.42,3045
Bài 10 - Xếp hạng seller theo tổng doanh thu và số lượng đơn hàng,e76ecc7e9a1a1e3c6df9d2a8261c423d,34.1,1,1,34.1,3046
Bài 10 - Xếp hạng seller theo tổng doanh thu và số lượng đơn hàng,63bc58679c44e8a998792119fd7ad23e,34.01,1,1,34.01,3047
Bài 10 - Xếp hạng seller theo tổng doanh thu và số lượng đơn hàng,d93b8458c6fe139d85cfa5eadbf55bd2,34.0,1,1,34.0,3048
Bài 10 - Xếp hạng seller theo tổng doanh thu và số lượng đơn hàng,804287717b9156fb7a787acd9af4fac1,33.9,1,1,33.9,3049
Bài 10 - Xếp hạng seller theo tổng doanh thu và số lượng đơn hàng,e174dc2de86d60fee178170a154c05e7,33.9,1,1,33.9,3049
Bài 10 - Xếp hạng seller theo tổng doanh thu và số lượng đơn hàng,0bb27263628258b8111a0262769fa9db,33.16,1,1,33.16,3050
Bài 10 - Xếp hạng seller theo tổng doanh thu và số lượng đơn hàng,afac9f6b0c4e5f0a7ee87e922cd0f873,32.84,1,1,32.84,3051
Bài 10 - Xếp hạng seller theo tổng doanh thu và số lượng đơn hàng,13e85aac53340018b40c2af68001b7e0,31.92,1,1,31.92,3052
Bài 10 - Xếp hạng seller theo tổng doanh thu và số lượng đơn hàng,58b98ccb79873e04eac4357cacc590d9,31.91,1,1,31.91,3053
Bài 10 - Xếp hạng seller theo tổng doanh thu và số lượng đơn hàng,fb503a924a0b9db19d83dd0ac6dbef8c,31.82,1,1,31.82,3054
Bài 10 - Xếp hạng seller theo tổng doanh thu và số lượng đơn hàng,ce4755084bc097113867e6454f8f5e52,31.69,1,1,31.69,3055
Bài 10 - Xếp hạng seller theo tổng doanh thu và số lượng đơn hàng,6c77cd583b36a13aacccf2b3ee23e233,31.69,1,1,31.69,3055
Bài 10 - Xếp hạng seller theo tổng doanh thu và số lượng đơn hàng,eb1bf309f4f6af9a97e9ddac3fdbeabe,31.18,1,1,31.18,3056
Bài 10 - Xếp hạng seller theo tổng doanh thu và số lượng đơn hàng,0b46f784306be7200ca1700aa55d819f,30.86,1,1,30.86,3057
Bài 10 - Xếp hạng seller theo tổng doanh thu và số lượng đơn hàng,bc8c8d665ec4664d286be0d521722b19,30.82,1,1,30.82,3058
Bài 10 - Xếp hạng seller theo tổng doanh thu và số lượng đơn hàng,8501d82f68d23148b6d78bb7c4a42037,30.66,1,1,30.66,3059
Bài 10 - Xếp hạng seller theo tổng doanh thu và số lượng đơn hàng,5e063e85d44b0f5c3e6ec3131103a57e,30.32,1,1,30.32,3060
Bài 10 - Xếp hạng seller theo tổng doanh thu và số lượng đơn hàng,c3e2398fcc7e581cda2e546557bf6968,30.13,1,1,30.13,3061
Bài 10 - Xếp hạng seller theo tổng doanh thu và số lượng đơn hàng,20f0aeea30bc3b8c4420be8ced4226c0,29.42,1,1,29.42,3062
Bài 10 - Xếp hạng seller theo tổng doanh thu và số lượng đơn hàng,f3862c2188522d89860c38a3ea8b550d,28.29,1,1,28.29,3063
Bài 10 - Xếp hạng seller theo tổng doanh thu và số lượng đơn hàng,e64ddbe1cbcf4f2fc3092b7c481f3f9d,28.29,1,1,28.29,3063
Bài 10 - Xếp hạng seller theo tổng doanh thu và số lượng đơn hàng,95cca791657aabeff15a07eb152d7841,28.22,1,1,28.22,3064
Bài 10 - Xếp hạng seller theo tổng doanh thu và số lượng đơn hàng,668bf321538e5072858eaef6087ce027,28.01,1,1,28.01,3065
Bài 10 - Xếp hạng seller theo tổng doanh thu và số lượng đơn hàng,344223b2a90784f64136a8a5da012e7f,27.69,1,1,27.69,3066
Bài 10 - Xếp hạng seller theo tổng doanh thu và số lượng đơn hàng,0f94588695d71662beec8d883ffacf09,27.59,1,1,27.59,3067
Bài 10 - Xếp hạng seller theo tổng doanh thu và số lượng đơn hàng,9e25199f6ef7e7c347120ff175652c3b,27.02,1,1,27.02,3068
Bài 10 - Xếp hạng seller theo tổng doanh thu và số lượng đơn hàng,eae9af4811c294c56795d70e715b7337,27.01,1,1,27.01,3069
Bài 10 - Xếp hạng seller theo tổng doanh thu và số lượng đơn hàng,6614814a00d344b846ae209f95ee7e3f,25.69,1,1,25.69,3070
Bài 10 - Xếp hạng seller theo tổng doanh thu và số lượng đơn hàng,6576fd3e23c88f0e5d4d23f39bba0542,25.46,1,1,25.46,3071
Bài 10 - Xếp hạng seller theo tổng doanh thu và số lượng đơn hàng,5b92bfa4120daa27c574daa2e386c693,24.96,1,1,24.96,3072
Bài 10 - Xếp hạng seller theo tổng doanh thu và số lượng đơn hàng,c18309219e789960add0b2255ca4b091,24.0,1,1,24.0,3073
Bài 10 - Xếp hạng seller theo tổng doanh thu và số lượng đơn hàng,7ab0dd5487bab2dc835337b244f689fb,23.46,1,1,23.46,3074
Bài 10 - Xếp hạng seller theo tổng doanh thu và số lượng đơn hàng,34aefe746cd81b7f3b23253ea28bef39,22.52,1,1,22.52,3075
Bài 10 - Xếp hạng seller theo tổng doanh thu và số lượng đơn hàng,b5f0712d22a873b6797ab6cc65c3fcba,21.28,1,1,21.28,3076
Bài 10 - Xếp hạng seller theo tổng doanh thu và số lượng đơn hàng,cc1f04647be106ba74e62b21f358af25,20.19,1,1,20.19,3077
Bài 10 - Xếp hạng seller theo tổng doanh thu và số lượng đơn hàng,c1dde11f12d05c478f5de2d7319ad3b2,19.89,1,1,19.89,3078
Bài 10 - Xếp hạng seller theo tổng doanh thu và số lượng đơn hàng,3ac588cd562971392504a9e17130c40b,19.29,1,1,19.29,3079
Bài 10 - Xếp hạng seller theo tổng doanh thu và số lượng đơn hàng,ad14615bdd492b01b0d97922e87cb87f,19.21,1,1,19.21,3080
Bài 10 - Xếp hạng seller theo tổng doanh thu và số lượng đơn hàng,702835e4b785b67a084280efca355756,18.56,1,1,18.56,3081
Bài 10 - Xếp hạng seller theo tổng doanh thu và số lượng đơn hàng,4965a7002cca77301c82d3f91b82e1a9,16.36,1,1,16.36,3082
Bài 10 - Xếp hạng seller theo tổng doanh thu và số lượng đơn hàng,1fa2d3def6adfa70e58c276bb64fe5bb,15.9,1,1,15.9,3083
Bài 10 - Xếp hạng seller theo tổng doanh thu và số lượng đơn hàng,77128dec4bec4878c37ab7d6169d6f26,15.22,1,1,15.22,3084
Bài 10 - Xếp hạng seller theo tổng doanh thu và số lượng đơn hàng,cf6f6bc4df3999b9c6440f124fb2f687,12.22,1,1,12.22,3085
