frame_id,timestamp,datetime,person_count,process_latency_ms,total_latency_ms
1,1781576565.252,2026-06-16 09:22:45,0,243.98,263.47
1,1781607688.341,2026-06-16 18:01:28,0,51.47,111010.8
1,1781607599.819,2026-06-16 17:59:59,0,235.37,193390.11
2,1781576565.743,2026-06-16 09:22:45,0,47.07,105.11
2,1781607688.832,2026-06-16 18:01:28,0,49.4,110572.55
2,1781607600.292,2026-06-16 18:00:00,0,44.32,192965.44
3,1781576566.243,2026-06-16 09:22:46,0,55.9,110.95
3,1781607600.794,2026-06-16 18:00:00,0,40.67,192507.56
3,1781607689.332,2026-06-16 18:01:29,0,47.52,110122.99
4,1781576566.744,2026-06-16 09:22:46,0,48.35,103.54
4,1781607689.831,2026-06-16 18:01:29,0,45.25,109670.73
4,1781607601.294,2026-06-16 18:00:01,0,56.04,192064.95
5,1781576567.243,2026-06-16 09:22:47,0,49.22,105.09
5,1781607690.333,2026-06-16 18:01:30,0,50.14,109221.71
5,1781607601.795,2026-06-16 18:00:01,0,49.6,191616.77
6,1781576567.743,2026-06-16 09:22:47,0,56.27,107.79
6,1781607690.831,2026-06-16 18:01:30,0,44.04,108768.7
6,1781607602.294,2026-06-16 18:00:02,0,47.76,191167.8
7,1781576568.244,2026-06-16 09:22:48,0,62.68,119.02
7,1781607691.333,2026-06-16 18:01:31,0,48.03,108317.92
7,1781607602.795,2026-06-16 18:00:02,0,44.42,190713.55
8,1781576568.744,2026-06-16 09:22:48,0,61.14,117.38
8,1781607603.295,2026-06-16 18:00:03,0,41.33,190258.76
8,1781607691.833,2026-06-16 18:01:31,0,52.78,107873.83
9,1781576569.244,2026-06-16 09:22:49,0,49.45,104.8
9,1781607692.332,2026-06-16 18:01:32,0,46.57,107423.7
9,1781607603.796,2026-06-16 18:00:03,0,43.59,189803.73
10,1781576569.745,2026-06-16 09:22:49,0,57.56,112.35
10,1781607604.296,2026-06-16 18:00:04,0,43.12,189348.69
10,1781607692.833,2026-06-16 18:01:32,0,44.81,106969.52
11,1781576570.245,2026-06-16 09:22:50,0,47.85,102.29
11,1781607693.333,2026-06-16 18:01:33,0,47.63,106519.77
11,1781607604.796,2026-06-16 18:00:04,0,41.99,188893.3
12,1781576570.746,2026-06-16 09:22:50,0,50.19,104.29
12,1781607693.835,2026-06-16 18:01:33,0,47.43,106067.97
12,1781607605.297,2026-06-16 18:00:05,0,49.96,188445.13
13,1781576571.246,2026-06-16 09:22:51,0,51.86,106.39
13,1781607694.335,2026-06-16 18:01:34,0,48.85,105619.66
13,1781607605.797,2026-06-16 18:00:05,0,46.63,187993.42
14,1781576571.747,2026-06-16 09:22:51,0,51.9,108.97
14,1781607694.835,2026-06-16 18:01:34,0,48.82,105170.75
14,1781607606.297,2026-06-16 18:00:06,0,45.12,187540.73
15,1781576572.246,2026-06-16 09:22:52,0,44.98,97.9
15,1781607606.797,2026-06-16 18:00:06,0,46.48,187089.87
15,1781607695.335,2026-06-16 18:01:35,0,50.13,104724.16
16,1781576572.747,2026-06-16 09:22:52,0,54.26,107.19
16,1781607695.835,2026-06-16 18:01:35,0,47.43,104273.98
16,1781607607.297,2026-06-16 18:00:07,0,47.39,186640.18
17,1781576573.247,2026-06-16 09:22:53,1,64.93,116.45
17,1781607696.336,2026-06-16 18:01:36,1,49.25,103824.74
17,1781607607.797,2026-06-16 18:00:07,1,66.34,186208.89
18,1781576573.747,2026-06-16 09:22:53,0,53.68,109.77
18,1781607608.298,2026-06-16 18:00:08,0,52.33,185762.46
18,1781607696.835,2026-06-16 18:01:36,0,47.1,103374.7
19,1781607608.797,2026-06-16 18:00:08,1,54.11,185321.16
19,1781576574.248,2026-06-16 09:22:54,1,51.65,110.46
19,1781607697.335,2026-06-16 18:01:37,1,52.75,102930.61
20,1781607609.297,2026-06-16 18:00:09,1,94.28,184917.49
20,1781576574.748,2026-06-16 09:22:54,1,51.87,111.11
20,1781607697.836,2026-06-16 18:01:37,1,47.58,102480.49
21,1781607609.798,2026-06-16 18:00:09,1,51.78,184470.53
21,1781576575.248,2026-06-16 09:22:55,1,48.1,103.28
21,1781607698.336,2026-06-16 18:01:38,1,54.58,102039.96
22,1781607610.297,2026-06-16 18:00:10,1,49.72,184023.2
22,1781607698.837,2026-06-16 18:01:38,1,49.75,101590.62
22,1781576575.748,2026-06-16 09:22:55,1,55.54,110.22
23,1781607699.338,2026-06-16 18:01:39,1,48.21,101141.57
23,1781607610.798,2026-06-16 18:00:10,1,56.89,183581.78
23,1781576576.249,2026-06-16 09:22:56,1,50.55,105.93
24,1781576576.749,2026-06-16 09:22:56,1,52.57,210.34
24,1781607699.837,2026-06-16 18:01:39,1,54.74,100699.11
24,1781607611.299,2026-06-16 18:00:11,1,70.81,183154.88
25,1781576577.249,2026-06-16 09:22:57,1,48.66,101.71
25,1781607700.338,2026-06-16 18:01:40,1,51.27,100252.36
25,1781607611.799,2026-06-16 18:00:11,1,56.27,182714.42
26,1781576577.75,2026-06-16 09:22:57,1,50.25,106.2
26,1781607700.838,2026-06-16 18:01:40,1,50.86,99805.61
26,1781607612.3,2026-06-16 18:00:12,1,51.72,182267.37
27,1781576578.25,2026-06-16 09:22:58,1,60.28,113.99
27,1781607701.338,2026-06-16 18:01:41,1,50.85,99358.55
27,1781607612.799,2026-06-16 18:00:12,1,49.82,181821.56
28,1781576578.751,2026-06-16 09:22:58,1,51.77,107.32
28,1781607701.839,2026-06-16 18:01:41,1,51.83,98912.44
28,1781607613.299,2026-06-16 18:00:13,1,54.94,181377.85
29,1781576579.251,2026-06-16 09:22:59,1,53.45,109.25
29,1781607702.339,2026-06-16 18:01:42,1,49.83,98464.37
29,1781607613.8,2026-06-16 18:00:13,1,48.81,180929.14
30,1781576579.751,2026-06-16 09:22:59,1,55.61,116.23
30,1781607702.839,2026-06-16 18:01:42,1,47.43,98014.08
30,1781607614.3,2026-06-16 18:00:14,1,50.56,180482.88
31,1781576580.251,2026-06-16 09:23:00,1,47.99,106.77
31,1781607703.339,2026-06-16 18:01:43,1,48.57,97565.42
31,1781607614.801,2026-06-16 18:00:14,1,51.26,180035.97
32,1781576580.752,2026-06-16 09:23:00,1,54.06,111.18
32,1781607703.839,2026-06-16 18:01:43,1,50.48,97117.65
32,1781607615.302,2026-06-16 18:00:15,1,56.12,179593.3
33,1781576581.252,2026-06-16 09:23:01,1,55.48,110.92
33,1781607704.339,2026-06-16 18:01:44,1,45.44,96665.55
33,1781607615.802,2026-06-16 18:00:15,1,51.89,179148.85
34,1781576581.752,2026-06-16 09:23:01,1,60.68,118.2
34,1781607704.84,2026-06-16 18:01:44,1,50.72,96217.93
34,1781607616.301,2026-06-16 18:00:16,1,52.12,178704.75
35,1781576582.253,2026-06-16 09:23:02,1,58.59,114.47
35,1781607705.34,2026-06-16 18:01:45,1,51.92,95772.41
35,1781607616.802,2026-06-16 18:00:16,1,52.63,178259.0
36,1781576582.753,2026-06-16 09:23:02,1,54.82,109.0
36,1781607705.84,2026-06-16 18:01:45,1,57.37,95332.83
36,1781607617.302,2026-06-16 18:00:17,1,52.85,177813.25
37,1781576583.253,2026-06-16 09:23:03,1,53.23,110.12
37,1781607706.34,2026-06-16 18:01:46,1,52.41,94887.11
37,1781607617.803,2026-06-16 18:00:17,1,54.44,177370.17
38,1781576583.753,2026-06-16 09:23:03,1,54.81,110.92
38,1781607706.841,2026-06-16 18:01:46,1,48.38,94436.27
38,1781607618.303,2026-06-16 18:00:18,1,51.98,176925.65
39,1781607618.803,2026-06-16 18:00:18,1,48.49,176475.68
39,1781576584.253,2026-06-16 09:23:04,1,53.72,112.74
39,1781607707.341,2026-06-16 18:01:47,1,49.38,93989.42
40,1781576584.754,2026-06-16 09:23:04,1,53.88,108.79
40,1781607707.842,2026-06-16 18:01:47,1,53.62,93543.49
40,1781607619.304,2026-06-16 18:00:19,1,52.89,176029.33
41,1781576585.254,2026-06-16 09:23:05,0,55.89,111.96
41,1781607708.343,2026-06-16 18:01:48,0,51.81,93096.9
41,1781607619.805,2026-06-16 18:00:19,0,45.67,175577.8
42,1781607620.306,2026-06-16 18:00:20,0,54.21,175133.31
42,1781576585.754,2026-06-16 09:23:05,0,55.33,109.86
42,1781607708.842,2026-06-16 18:01:48,0,52.33,92652.49
43,1781607709.342,2026-06-16 18:01:49,1,47.82,92201.82
43,1781607620.806,2026-06-16 18:00:20,1,51.07,174686.2
43,1781576586.255,2026-06-16 09:23:06,1,58.1,111.96
44,1781607709.843,2026-06-16 18:01:49,1,52.13,91755.08
44,1781607621.306,2026-06-16 18:00:21,1,52.44,174240.72
44,1781576586.755,2026-06-16 09:23:06,1,54.84,109.18
45,1781576587.256,2026-06-16 09:23:07,1,54.83,108.83
45,1781607621.807,2026-06-16 18:00:21,1,52.26,173795.37
45,1781607710.344,2026-06-16 18:01:50,1,59.31,91315.86
46,1781576587.757,2026-06-16 09:23:07,1,56.83,113.46
46,1781607622.307,2026-06-16 18:00:22,1,50.71,173347.74
46,1781607710.843,2026-06-16 18:01:50,1,84.64,90903.31
47,1781576588.257,2026-06-16 09:23:08,1,56.39,108.45
47,1781607711.343,2026-06-16 18:01:51,1,61.04,90467.42
47,1781607622.806,2026-06-16 18:00:22,1,49.46,172899.65
48,1781576588.756,2026-06-16 09:23:08,1,50.38,103.92
48,1781607711.844,2026-06-16 18:01:51,1,51.62,90020.46
48,1781607623.307,2026-06-16 18:00:23,1,45.82,172446.56
49,1781576589.258,2026-06-16 09:23:09,1,54.27,107.14
49,1781607712.344,2026-06-16 18:01:52,1,54.04,89577.11
49,1781607623.807,2026-06-16 18:00:23,1,46.54,171995.11
50,1781576589.758,2026-06-16 09:23:09,1,51.8,104.97
50,1781607624.307,2026-06-16 18:00:24,1,51.91,171549.76
50,1781607712.844,2026-06-16 18:01:52,1,53.07,89132.24
51,1781607624.807,2026-06-16 18:00:24,1,69.75,171122.63
51,1781607713.344,2026-06-16 18:01:53,1,56.09,88690.26
51,1781576590.258,2026-06-16 09:23:10,1,55.53,108.43
52,1781607625.308,2026-06-16 18:00:25,1,68.08,170692.1
52,1781576590.759,2026-06-16 09:23:10,1,49.12,105.16
52,1781607713.844,2026-06-16 18:01:53,1,52.01,88245.66
53,1781607714.346,2026-06-16 18:01:54,1,51.17,87797.87
53,1781607625.808,2026-06-16 18:00:25,1,48.24,170243.24
53,1781576591.259,2026-06-16 09:23:11,1,59.13,115.58
54,1781607714.846,2026-06-16 18:01:54,1,99.02,87399.69
54,1781607626.308,2026-06-16 18:00:26,1,50.56,169795.18
54,1781576591.759,2026-06-16 09:23:11,1,55.84,113.3
55,1781607626.81,2026-06-16 18:00:26,1,52.85,169350.32
55,1781607715.346,2026-06-16 18:01:55,1,51.41,86953.19
55,1781576592.26,2026-06-16 09:23:12,1,50.85,212.29
56,1781607627.31,2026-06-16 18:00:27,1,52.28,168905.12
56,1781576592.76,2026-06-16 09:23:12,1,50.6,107.76
56,1781607715.847,2026-06-16 18:01:55,1,51.06,86505.58
57,1781576593.261,2026-06-16 09:23:13,1,48.86,106.7
57,1781607627.811,2026-06-16 18:00:27,1,47.72,168453.73
57,1781607716.347,2026-06-16 18:01:56,1,51.72,86059.55
58,1781607716.847,2026-06-16 18:01:56,1,52.58,85614.18
58,1781576593.761,2026-06-16 09:23:13,1,57.69,112.38
58,1781607628.31,2026-06-16 18:00:28,1,51.83,168008.5
59,1781576594.262,2026-06-16 09:23:14,1,57.36,113.87
59,1781607717.347,2026-06-16 18:01:57,1,48.55,85164.93
59,1781607628.811,2026-06-16 18:00:28,1,55.6,167565.24
60,1781607717.847,2026-06-16 18:01:57,1,47.87,84715.32
60,1781576594.762,2026-06-16 09:23:14,1,49.1,106.87
60,1781607629.312,2026-06-16 18:00:29,1,58.65,167125.5
61,1781607718.347,2026-06-16 18:01:58,1,54.32,84272.27
61,1781607629.812,2026-06-16 18:00:29,1,53.84,166681.21
61,1781576595.262,2026-06-16 09:23:15,1,60.22,115.27
62,1781607630.313,2026-06-16 18:00:30,1,54.35,166238.29
62,1781607718.847,2026-06-16 18:01:58,1,50.67,83825.4
62,1781576595.762,2026-06-16 09:23:15,1,108.95,165.71
63,1781607630.812,2026-06-16 18:00:30,1,57.49,165800.08
63,1781576596.263,2026-06-16 09:23:16,1,70.57,126.65
63,1781607719.347,2026-06-16 18:01:59,1,66.85,83394.64
64,1781576596.763,2026-06-16 09:23:16,1,86.84,139.97
64,1781607631.313,2026-06-16 18:00:31,1,50.82,165351.58
64,1781607719.848,2026-06-16 18:01:59,1,63.08,82959.21
65,1781607720.349,2026-06-16 18:02:00,1,67.48,82555.82
65,1781607631.814,2026-06-16 18:00:31,1,51.45,164904.53
65,1781576597.264,2026-06-16 09:23:17,1,74.32,128.49
66,1781607720.85,2026-06-16 18:02:00,0,64.48,82123.87
66,1781576597.764,2026-06-16 09:23:17,0,77.12,137.01
66,1781607632.315,2026-06-16 18:00:32,0,48.31,164454.2
67,1781607632.815,2026-06-16 18:00:32,1,54.63,164010.84
67,1781607721.35,2026-06-16 18:02:01,1,58.15,81684.07
67,1781576598.264,2026-06-16 09:23:18,1,88.56,145.91
68,1781607721.85,2026-06-16 18:02:01,1,51.56,81237.97
68,1781607633.314,2026-06-16 18:00:33,1,51.69,163565.42
68,1781576598.765,2026-06-16 09:23:18,1,73.24,126.7
69,1781607633.816,2026-06-16 18:00:33,1,50.38,163117.04
69,1781607722.35,2026-06-16 18:02:02,1,51.78,80792.07
69,1781576599.265,2026-06-16 09:23:19,1,53.59,108.67
70,1781576599.765,2026-06-16 09:23:19,1,50.12,106.5
70,1781607634.316,2026-06-16 18:00:34,1,50.96,162671.74
70,1781607722.851,2026-06-16 18:02:02,1,51.56,80345.13
71,1781607634.816,2026-06-16 18:00:34,1,52.15,162226.23
71,1781576600.265,2026-06-16 09:23:20,1,54.42,213.51
71,1781607723.35,2026-06-16 18:02:03,1,56.54,79904.45
72,1781576600.766,2026-06-16 09:23:20,1,48.2,102.6
72,1781607635.316,2026-06-16 18:00:35,1,52.27,161780.13
72,1781607723.85,2026-06-16 18:02:03,1,56.33,79462.94
73,1781576601.268,2026-06-16 09:23:21,1,54.74,112.25
73,1781607635.817,2026-06-16 18:00:35,1,52.6,161333.92
73,1781607724.351,2026-06-16 18:02:04,1,53.1,79017.74
74,1781576601.767,2026-06-16 09:23:21,1,54.97,110.36
74,1781607636.317,2026-06-16 18:00:36,1,45.04,160882.14
74,1781607724.851,2026-06-16 18:02:04,1,56.71,78575.99
75,1781607725.352,2026-06-16 18:02:05,0,53.26,78132.07
75,1781607636.817,2026-06-16 18:00:36,0,48.83,160432.79
75,1781576602.267,2026-06-16 09:23:22,0,50.37,105.78
76,1781607637.317,2026-06-16 18:00:37,0,46.83,159981.94
76,1781607725.851,2026-06-16 18:02:05,0,50.74,77686.58
76,1781576602.768,2026-06-16 09:23:22,0,53.78,106.0
77,1781607637.818,2026-06-16 18:00:37,0,51.54,159535.17
77,1781607726.353,2026-06-16 18:02:06,0,55.64,77243.01
77,1781576603.268,2026-06-16 09:23:23,0,53.98,106.55
78,1781607638.318,2026-06-16 18:00:38,0,45.76,159083.6
78,1781576603.768,2026-06-16 09:23:23,0,50.51,104.26
78,1781607726.853,2026-06-16 18:02:06,0,54.76,76799.77
79,1781607638.819,2026-06-16 18:00:38,0,50.89,158635.42
79,1781576604.268,2026-06-16 09:23:24,0,52.63,108.11
79,1781607727.354,2026-06-16 18:02:07,0,51.83,76353.73
80,1781607639.318,2026-06-16 18:00:39,0,49.51,158188.06
80,1781576604.768,2026-06-16 09:23:24,0,54.04,117.65
80,1781607727.853,2026-06-16 18:02:07,0,53.67,75910.99
81,1781607639.819,2026-06-16 18:00:39,0,51.54,157742.3
81,1781576605.269,2026-06-16 09:23:25,0,65.75,118.96
81,1781607728.354,2026-06-16 18:02:08,0,53.54,75465.74
82,1781607640.319,2026-06-16 18:00:40,0,49.41,157295.8
82,1781576605.769,2026-06-16 09:23:25,0,48.36,101.74
82,1781607728.853,2026-06-16 18:02:08,0,58.22,75026.75
83,1781607640.82,2026-06-16 18:00:40,0,47.16,156843.64
83,1781607729.354,2026-06-16 18:02:09,0,61.22,74589.77
83,1781576606.269,2026-06-16 09:23:26,0,51.64,106.22
84,1781607641.32,2026-06-16 18:00:41,0,51.29,156397.49
84,1781576606.769,2026-06-16 09:23:26,0,48.39,103.73
84,1781607729.854,2026-06-16 18:02:09,0,53.42,74145.52
85,1781607641.819,2026-06-16 18:00:41,0,48.03,155948.81
85,1781576607.27,2026-06-16 09:23:27,0,55.45,211.55
85,1781607730.355,2026-06-16 18:02:10,0,53.06,73701.72
86,1781576607.77,2026-06-16 09:23:27,0,49.52,102.63
86,1781607642.32,2026-06-16 18:00:42,0,49.01,155499.47
86,1781607730.855,2026-06-16 18:02:10,0,51.73,73256.15
87,1781576608.271,2026-06-16 09:23:28,0,49.88,103.81
87,1781607642.82,2026-06-16 18:00:42,0,46.83,155048.14
87,1781607731.354,2026-06-16 18:02:11,0,50.02,72810.64
88,1781607643.32,2026-06-16 18:00:43,0,51.22,154601.53
88,1781576608.771,2026-06-16 09:23:28,0,49.19,103.36
88,1781607731.856,2026-06-16 18:02:11,0,56.69,72368.35
89,1781607643.821,2026-06-16 18:00:43,0,51.16,154155.47
89,1781576609.271,2026-06-16 09:23:29,0,51.86,107.61
89,1781607732.356,2026-06-16 18:02:12,0,51.17,71921.95
90,1781607644.321,2026-06-16 18:00:44,0,52.68,153735.29
90,1781576609.771,2026-06-16 09:23:29,0,55.27,108.1
90,1781607732.857,2026-06-16 18:02:12,0,50.0,71475.06
91,1781607644.822,2026-06-16 18:00:44,0,48.02,153284.94
91,1781576610.271,2026-06-16 09:23:30,0,56.2,111.64
91,1781607733.357,2026-06-16 18:02:13,0,51.2,71027.97
92,1781607645.322,2026-06-16 18:00:45,0,47.78,152835.93
92,1781576610.772,2026-06-16 09:23:30,0,55.06,111.89
92,1781607733.857,2026-06-16 18:02:13,0,62.84,70593.2
93,1781607645.823,2026-06-16 18:00:45,0,49.62,152386.27
93,1781576611.272,2026-06-16 09:23:31,0,50.64,105.34
93,1781607734.357,2026-06-16 18:02:14,0,52.16,70147.94
94,1781576611.772,2026-06-16 09:23:31,0,44.3,100.26
94,1781607646.323,2026-06-16 18:00:46,0,47.96,151935.59
94,1781607734.856,2026-06-16 18:02:14,0,67.78,69718.99
95,1781607646.824,2026-06-16 18:00:46,0,48.67,151486.12
95,1781576612.273,2026-06-16 09:23:32,0,47.53,100.85
95,1781607735.357,2026-06-16 18:02:15,0,55.95,69276.03
96,1781607647.325,2026-06-16 18:00:47,0,48.08,151035.06
96,1781576612.773,2026-06-16 09:23:32,0,81.54,136.23
96,1781607735.857,2026-06-16 18:02:15,0,51.25,68831.98
97,1781607647.825,2026-06-16 18:00:47,0,50.42,150587.05
97,1781576613.273,2026-06-16 09:23:33,0,61.99,118.59
97,1781607736.357,2026-06-16 18:02:16,0,56.39,68390.47
98,1781576613.773,2026-06-16 09:23:33,0,78.35,134.19
98,1781607648.324,2026-06-16 18:00:48,0,46.67,150136.37
98,1781607736.859,2026-06-16 18:02:16,0,56.83,67949.08
99,1781576614.274,2026-06-16 09:23:34,0,58.8,114.73
99,1781607648.826,2026-06-16 18:00:48,0,50.53,149687.9
99,1781607737.359,2026-06-16 18:02:17,0,55.93,67507.88
100,1781607649.325,2026-06-16 18:00:49,0,49.53,149240.83
100,1781576614.774,2026-06-16 09:23:34,0,74.6,132.8
100,1781607737.858,2026-06-16 18:02:17,0,61.16,67072.07
101,1781576615.275,2026-06-16 09:23:35,0,56.67,112.46
101,1781607649.826,2026-06-16 18:00:49,0,49.22,148791.26
101,1781607738.359,2026-06-16 18:02:18,0,55.61,66628.62
102,1781576615.775,2026-06-16 09:23:35,0,55.06,112.74
102,1781607650.325,2026-06-16 18:00:50,0,55.85,148350.09
102,1781607738.86,2026-06-16 18:02:18,0,51.89,66182.18
103,1781576616.275,2026-06-16 09:23:36,0,59.81,115.53
103,1781607650.826,2026-06-16 18:00:50,0,48.3,147900.87
103,1781607739.36,2026-06-16 18:02:19,0,54.24,65738.6
104,1781576616.778,2026-06-16 09:23:36,0,61.05,125.05
104,1781607651.327,2026-06-16 18:00:51,0,50.33,147452.41
104,1781607739.859,2026-06-16 18:02:19,0,52.15,65294.27
105,1781607740.361,2026-06-16 18:02:20,0,53.45,64848.44
105,1781576617.277,2026-06-16 09:23:37,0,62.79,124.01
105,1781607651.827,2026-06-16 18:00:51,0,47.92,147002.72
106,1781607652.327,2026-06-16 18:00:52,0,49.27,146553.84
106,1781607740.862,2026-06-16 18:02:20,0,51.4,64400.25
106,1781576617.778,2026-06-16 09:23:37,0,63.94,125.16
107,1781607652.826,2026-06-16 18:00:52,0,47.63,146105.37
107,1781607741.361,2026-06-16 18:02:21,0,47.69,63952.24
107,1781576618.279,2026-06-16 09:23:38,0,71.46,143.2
108,1781607653.328,2026-06-16 18:00:53,0,49.56,145655.94
108,1781576618.778,2026-06-16 09:23:38,0,62.39,120.7
108,1781607741.861,2026-06-16 18:02:21,0,61.7,63516.15
109,1781576619.278,2026-06-16 09:23:39,0,64.61,123.72
109,1781607653.827,2026-06-16 18:00:53,0,50.33,145208.54
109,1781607742.361,2026-06-16 18:02:22,0,58.82,63077.53
110,1781607654.327,2026-06-16 18:00:54,0,46.13,144758.15
110,1781607742.861,2026-06-16 18:02:22,0,50.94,62631.49
110,1781576619.778,2026-06-16 09:23:39,0,58.92,116.62
111,1781576620.278,2026-06-16 09:23:40,0,54.83,111.81
111,1781607743.361,2026-06-16 18:02:23,0,54.77,62188.96
111,1781607654.828,2026-06-16 18:00:54,0,54.49,144314.14
112,1781607655.328,2026-06-16 18:00:55,0,51.59,143868.75
112,1781576620.778,2026-06-16 09:23:40,0,60.51,117.2
112,1781607743.862,2026-06-16 18:02:23,0,51.4,61741.82
113,1781576621.278,2026-06-16 09:23:41,0,62.93,119.59
113,1781607655.829,2026-06-16 18:00:55,0,48.5,143420.38
113,1781607744.361,2026-06-16 18:02:24,0,54.99,61300.09
114,1781607656.329,2026-06-16 18:00:56,0,45.73,142969.49
114,1781607744.862,2026-06-16 18:02:24,0,50.42,60851.33
114,1781576621.779,2026-06-16 09:23:41,0,57.62,112.74
115,1781607745.363,2026-06-16 18:02:25,0,52.7,60406.16
115,1781576622.279,2026-06-16 09:23:42,0,56.02,109.86
116,1781607745.863,2026-06-16 18:02:25,0,53.15,59961.45
116,1781576622.78,2026-06-16 09:23:42,0,55.19,112.34
117,1781607746.363,2026-06-16 18:02:26,0,53.99,59517.49
117,1781576623.28,2026-06-16 09:23:43,0,61.5,117.92
118,1781607746.863,2026-06-16 18:02:26,0,56.59,59076.65
118,1781576623.78,2026-06-16 09:23:43,0,61.81,122.46
119,1781607747.363,2026-06-16 18:02:27,0,55.43,58634.18
119,1781576624.281,2026-06-16 09:23:44,0,59.58,114.42
120,1781607747.864,2026-06-16 18:02:27,0,56.29,58193.35
120,1781576624.781,2026-06-16 09:23:44,0,57.69,111.9
121,1781576625.281,2026-06-16 09:23:45,0,57.82,212.7
121,1781607748.365,2026-06-16 18:02:28,0,51.84,57746.39
122,1781607748.865,2026-06-16 18:02:28,0,52.67,57301.33
122,1781576625.782,2026-06-16 09:23:45,0,52.94,112.94
123,1781607749.366,2026-06-16 18:02:29,0,55.39,56858.7
123,1781576626.282,2026-06-16 09:23:46,0,55.89,109.44
124,1781576626.782,2026-06-16 09:23:46,0,57.41,113.44
124,1781607749.866,2026-06-16 18:02:29,0,56.11,56510.3
125,1781607750.366,2026-06-16 18:02:30,0,57.35,56069.16
125,1781576627.282,2026-06-16 09:23:47,0,53.91,110.84
126,1781576627.783,2026-06-16 09:23:47,0,60.61,115.02
126,1781607750.866,2026-06-16 18:02:30,0,56.33,55629.24
127,1781607751.367,2026-06-16 18:02:31,0,56.55,55187.79
127,1781576628.284,2026-06-16 09:23:48,0,59.83,114.87
128,1781576628.783,2026-06-16 09:23:48,0,61.25,115.41
128,1781607751.868,2026-06-16 18:02:31,0,49.17,54738.36
129,1781576629.283,2026-06-16 09:23:49,0,58.39,116.91
129,1781607752.368,2026-06-16 18:02:32,0,53.05,54294.78
130,1781576629.783,2026-06-16 09:23:49,0,55.48,111.29
130,1781607752.868,2026-06-16 18:02:32,0,51.45,53848.4
131,1781576630.283,2026-06-16 09:23:50,0,65.46,117.98
131,1781607753.368,2026-06-16 18:02:33,0,51.97,53402.09
132,1781576630.784,2026-06-16 09:23:50,0,60.34,117.75
132,1781607753.872,2026-06-16 18:02:33,0,53.76,52954.69
133,1781607754.369,2026-06-16 18:02:34,0,52.89,52512.62
133,1781576631.285,2026-06-16 09:23:51,0,57.9,112.83
134,1781607754.868,2026-06-16 18:02:34,0,55.38,52071.96
134,1781576631.784,2026-06-16 09:23:51,0,56.0,112.69
135,1781607755.369,2026-06-16 18:02:35,0,54.36,51628.46
135,1781576632.285,2026-06-16 09:23:52,0,50.62,108.68
136,1781607755.868,2026-06-16 18:02:35,0,57.18,51188.6
136,1781576632.786,2026-06-16 09:23:52,0,62.69,117.21
137,1781607756.369,2026-06-16 18:02:36,0,57.97,50748.14
137,1781576633.285,2026-06-16 09:23:53,0,51.87,108.76
138,1781607756.869,2026-06-16 18:02:36,0,56.78,50308.26
138,1781576633.787,2026-06-16 09:23:53,0,62.92,114.56
139,1781607757.369,2026-06-16 18:02:37,0,50.87,49862.22
139,1781576634.287,2026-06-16 09:23:54,0,56.78,110.69
140,1781607757.869,2026-06-16 18:02:37,0,52.82,49417.54
140,1781576634.788,2026-06-16 09:23:54,0,56.82,111.14
141,1781607758.369,2026-06-16 18:02:38,0,52.9,48973.59
141,1781576635.287,2026-06-16 09:23:55,0,55.87,107.73
142,1781607758.869,2026-06-16 18:02:38,0,50.91,48526.68
142,1781576635.788,2026-06-16 09:23:55,0,59.08,113.08
143,1781607759.371,2026-06-16 18:02:39,0,53.97,48082.34
143,1781576636.289,2026-06-16 09:23:56,0,57.26,115.93
144,1781576636.788,2026-06-16 09:23:56,0,59.15,119.94
144,1781607759.87,2026-06-16 18:02:39,0,53.16,47639.2
145,1781607760.371,2026-06-16 18:02:40,0,50.24,47190.7
145,1781576637.288,2026-06-16 09:23:57,0,55.98,109.8
146,1781607760.871,2026-06-16 18:02:40,0,51.03,46745.15
146,1781576637.789,2026-06-16 09:23:57,0,61.53,116.48
147,1781607761.371,2026-06-16 18:02:41,0,51.61,46300.09
147,1781576638.289,2026-06-16 09:23:58,0,56.63,112.64
148,1781607761.872,2026-06-16 18:02:41,0,50.16,45852.01
148,1781576638.79,2026-06-16 09:23:58,0,63.05,120.17
149,1781607762.371,2026-06-16 18:02:42,0,51.95,45406.49
149,1781576639.29,2026-06-16 09:23:59,0,59.19,118.45
150,1781607762.873,2026-06-16 18:02:42,0,53.08,44960.61
150,1781576639.79,2026-06-16 09:23:59,0,51.97,107.58
151,1781576640.29,2026-06-16 09:24:00,0,53.46,111.28
151,1781607763.372,2026-06-16 18:02:43,0,50.07,44513.28
152,1781607763.873,2026-06-16 18:02:43,0,55.49,44070.97
152,1781576640.791,2026-06-16 09:24:00,0,55.36,111.3
153,1781607764.374,2026-06-16 18:02:44,0,50.76,43648.74
153,1781576641.291,2026-06-16 09:24:01,0,62.05,220.49
154,1781607764.874,2026-06-16 18:02:44,0,50.47,43201.55
154,1781576641.791,2026-06-16 09:24:01,0,53.27,114.39
155,1781576642.291,2026-06-16 09:24:02,0,57.23,111.11
155,1781607765.374,2026-06-16 18:02:45,0,54.43,42758.78
156,1781607765.874,2026-06-16 18:02:45,0,54.91,42317.49
156,1781576642.792,2026-06-16 09:24:02,0,57.5,113.16
157,1781607766.374,2026-06-16 18:02:46,0,52.51,41872.92
157,1781576643.292,2026-06-16 09:24:03,0,63.73,116.77
158,1781607766.876,2026-06-16 18:02:46,0,53.57,41429.01
158,1781576643.793,2026-06-16 09:24:03,0,59.3,118.12
159,1781607767.376,2026-06-16 18:02:47,0,51.08,40982.1
159,1781576644.293,2026-06-16 09:24:04,0,60.98,117.57
160,1781607767.876,2026-06-16 18:02:47,0,57.55,40542.29
160,1781576644.793,2026-06-16 09:24:04,0,57.8,115.76
161,1781607768.377,2026-06-16 18:02:48,0,53.83,40098.44
161,1781576645.294,2026-06-16 09:24:05,0,59.42,114.87
162,1781607768.877,2026-06-16 18:02:48,0,50.07,39651.26
162,1781576645.793,2026-06-16 09:24:05,0,66.68,128.36
163,1781576646.295,2026-06-16 09:24:06,0,59.39,113.55
163,1781607769.376,2026-06-16 18:02:49,0,49.43,39203.85
164,1781576646.794,2026-06-16 09:24:06,0,57.18,217.61
164,1781607769.877,2026-06-16 18:02:49,0,51.19,38756.97
165,1781576647.295,2026-06-16 09:24:07,0,60.52,119.17
165,1781607770.377,2026-06-16 18:02:50,0,56.82,38315.93
166,1781576647.797,2026-06-16 09:24:07,0,56.73,218.48
166,1781607770.877,2026-06-16 18:02:50,0,51.41,37870.02
167,1781576648.297,2026-06-16 09:24:08,0,56.38,112.89
167,1781607771.377,2026-06-16 18:02:51,0,49.54,37422.28
168,1781576648.796,2026-06-16 09:24:08,0,62.51,117.5
168,1781607771.877,2026-06-16 18:02:51,0,51.88,36977.69
169,1781576649.297,2026-06-16 09:24:09,0,62.27,117.71
169,1781607772.378,2026-06-16 18:02:52,0,62.06,36541.14
170,1781607772.878,2026-06-16 18:02:52,0,77.99,36122.03
170,1781576649.797,2026-06-16 09:24:09,0,57.47,110.95
171,1781576650.298,2026-06-16 09:24:10,0,59.78,114.59
171,1781607773.379,2026-06-16 18:02:53,0,67.39,35691.95
172,1781607773.879,2026-06-16 18:02:53,0,51.89,35247.12
172,1781576650.798,2026-06-16 09:24:10,0,56.92,113.95
173,1781607774.379,2026-06-16 18:02:54,0,57.3,34807.32
173,1781576651.298,2026-06-16 09:24:11,0,57.75,112.21
174,1781576651.798,2026-06-16 09:24:11,0,58.82,221.41
174,1781607774.879,2026-06-16 18:02:54,0,58.97,34368.27
175,1781607775.38,2026-06-16 18:02:55,0,50.28,33921.6
175,1781576652.299,2026-06-16 09:24:12,0,63.18,117.67
176,1781576652.799,2026-06-16 09:24:12,0,61.7,223.95
176,1781607775.881,2026-06-16 18:02:55,0,48.56,33472.43
177,1781607776.38,2026-06-16 18:02:56,0,52.7,33027.96
177,1781576653.3,2026-06-16 09:24:13,0,59.08,115.92
178,1781607776.88,2026-06-16 18:02:56,0,56.39,32586.4
178,1781576653.8,2026-06-16 09:24:13,0,70.78,125.01
179,1781576654.301,2026-06-16 09:24:14,1,59.87,115.85
179,1781607777.381,2026-06-16 18:02:57,1,54.51,32143.77
180,1781576654.8,2026-06-16 09:24:14,1,62.06,116.07
180,1781607777.881,2026-06-16 18:02:57,1,56.73,31702.59
181,1781607778.381,2026-06-16 18:02:58,1,54.37,31259.67
181,1781576655.3,2026-06-16 09:24:15,1,66.68,126.85
182,1781607778.882,2026-06-16 18:02:58,2,55.95,30817.75
182,1781576655.801,2026-06-16 09:24:15,2,63.11,115.88
183,1781607779.382,2026-06-16 18:02:59,2,55.05,30374.2
183,1781576656.301,2026-06-16 09:24:16,2,58.0,112.25
184,1781607779.882,2026-06-16 18:02:59,2,54.53,29931.13
184,1781576656.802,2026-06-16 09:24:16,2,65.27,122.18
185,1781607780.383,2026-06-16 18:03:00,2,53.63,29486.45
185,1781576657.302,2026-06-16 09:24:17,2,59.82,117.69
186,1781607780.883,2026-06-16 18:03:00,2,59.69,29048.36
186,1781576657.802,2026-06-16 09:24:17,2,63.22,118.67
187,1781576658.302,2026-06-16 09:24:18,2,60.0,117.47
187,1781607781.383,2026-06-16 18:03:01,2,53.74,28604.08
188,1781576658.802,2026-06-16 09:24:18,2,55.58,110.0
188,1781607781.884,2026-06-16 18:03:01,2,55.56,28161.33
189,1781607782.385,2026-06-16 18:03:02,2,108.41,27772.3
189,1781576659.303,2026-06-16 09:24:19,2,59.15,115.5
190,1781607782.884,2026-06-16 18:03:02,2,55.64,27330.89
190,1781576659.803,2026-06-16 09:24:19,2,65.43,127.96
191,1781576660.304,2026-06-16 09:24:20,2,61.51,116.79
191,1781607783.385,2026-06-16 18:03:03,2,64.0,26897.13
192,1781576660.804,2026-06-16 09:24:20,2,65.38,121.46
192,1781607783.885,2026-06-16 18:03:03,2,63.37,26463.86
193,1781576661.305,2026-06-16 09:24:21,2,62.05,119.1
193,1781607784.385,2026-06-16 18:03:04,2,59.51,26025.73
194,1781576661.805,2026-06-16 09:24:21,2,59.27,117.62
194,1781607784.886,2026-06-16 18:03:04,2,64.05,25593.34
195,1781576662.307,2026-06-16 09:24:22,2,64.24,123.74
195,1781607785.386,2026-06-16 18:03:05,2,60.06,25157.98
196,1781576662.806,2026-06-16 09:24:22,2,52.89,114.2
196,1781607785.887,2026-06-16 18:03:05,2,64.28,24723.85
197,1781576663.306,2026-06-16 09:24:23,2,57.97,112.74
197,1781607786.386,2026-06-16 18:03:06,2,63.16,24290.07
198,1781576663.807,2026-06-16 09:24:23,2,56.5,111.62
198,1781607786.886,2026-06-16 18:03:06,2,67.88,23860.8
199,1781576664.307,2026-06-16 09:24:24,2,58.51,114.67
199,1781607787.387,2026-06-16 18:03:07,2,67.47,23431.36
200,1781607787.887,2026-06-16 18:03:07,2,67.48,23001.67
200,1781576664.807,2026-06-16 09:24:24,2,62.29,120.78
201,1781576665.308,2026-06-16 09:24:25,2,59.19,113.61
201,1781607788.388,2026-06-16 18:03:08,2,73.16,22578.23
202,1781576665.809,2026-06-16 09:24:25,2,57.43,114.22
202,1781607788.888,2026-06-16 18:03:08,2,72.77,22154.67
203,1781576666.309,2026-06-16 09:24:26,2,62.8,115.82
203,1781607789.388,2026-06-16 18:03:09,2,68.56,21725.56
204,1781576666.809,2026-06-16 09:24:26,2,54.14,109.41
204,1781607789.889,2026-06-16 18:03:09,2,67.53,21296.63
205,1781576667.309,2026-06-16 09:24:27,2,62.3,114.06
205,1781607790.389,2026-06-16 18:03:10,2,71.27,20870.98
206,1781576667.81,2026-06-16 09:24:27,2,64.6,117.67
206,1781607790.889,2026-06-16 18:03:10,2,66.24,20441.4
207,1781607791.389,2026-06-16 18:03:11,2,64.82,20009.71
207,1781576668.31,2026-06-16 09:24:28,2,59.86,224.4
208,1781607791.89,2026-06-16 18:03:11,2,65.27,19577.83
208,1781576668.81,2026-06-16 09:24:28,2,57.35,118.42
209,1781607792.39,2026-06-16 18:03:12,2,66.41,19146.63
209,1781576669.311,2026-06-16 09:24:29,2,62.06,118.49
210,1781607792.89,2026-06-16 18:03:12,2,67.05,18716.07
210,1781576669.811,2026-06-16 09:24:29,2,58.1,113.0
211,1781607793.391,2026-06-16 18:03:13,2,81.97,18299.62
211,1781576670.312,2026-06-16 09:24:30,2,57.58,110.73
212,1781576670.812,2026-06-16 09:24:30,2,56.9,116.76
212,1781607793.891,2026-06-16 18:03:13,2,86.33,17891.09
213,1781607794.393,2026-06-16 18:03:14,2,72.65,17465.85
213,1781576671.312,2026-06-16 09:24:31,2,55.72,109.23
214,1781576671.812,2026-06-16 09:24:31,2,58.39,110.32
214,1781607794.892,2026-06-16 18:03:14,2,64.86,17034.19
215,1781576672.312,2026-06-16 09:24:32,2,52.06,106.94
215,1781607795.393,2026-06-16 18:03:15,2,66.9,16603.21
216,1781576672.813,2026-06-16 09:24:32,2,62.87,115.91
216,1781607795.893,2026-06-16 18:03:15,2,60.27,16166.47
217,1781576673.313,2026-06-16 09:24:33,2,59.05,110.71
217,1781607796.393,2026-06-16 18:03:16,2,62.32,15731.77
218,1781576673.814,2026-06-16 09:24:33,2,62.02,119.89
218,1781607796.894,2026-06-16 18:03:16,2,64.37,15297.82
219,1781576674.314,2026-06-16 09:24:34,2,61.53,118.16
219,1781607797.394,2026-06-16 18:03:17,2,66.62,14869.13
220,1781576674.814,2026-06-16 09:24:34,2,59.77,115.71
220,1781607797.895,2026-06-16 18:03:17,2,64.89,14435.55
221,1781576675.314,2026-06-16 09:24:35,2,66.49,119.81
221,1781607798.395,2026-06-16 18:03:18,2,66.4,14004.4
222,1781576675.814,2026-06-16 09:24:35,2,64.06,119.62
222,1781607798.895,2026-06-16 18:03:18,2,68.72,13576.59
223,1781576676.315,2026-06-16 09:24:36,2,71.01,127.4
223,1781607799.395,2026-06-16 18:03:19,2,67.24,13146.29
224,1781576676.815,2026-06-16 09:24:36,2,63.7,117.21
224,1781607799.896,2026-06-16 18:03:19,2,68.11,12715.71
225,1781576677.316,2026-06-16 09:24:37,2,57.51,112.45
225,1781607800.397,2026-06-16 18:03:20,2,64.67,12282.5
226,1781576677.815,2026-06-16 09:24:37,3,56.19,110.52
226,1781607800.896,2026-06-16 18:03:20,3,65.11,11852.16
227,1781576678.317,2026-06-16 09:24:38,3,59.67,114.31
227,1781607801.397,2026-06-16 18:03:21,3,72.99,11427.88
228,1781576678.818,2026-06-16 09:24:38,2,60.3,112.9
228,1781607801.898,2026-06-16 18:03:21,2,64.85,10995.08
229,1781576679.317,2026-06-16 09:24:39,2,60.01,117.26
229,1781607802.398,2026-06-16 18:03:22,2,68.67,10566.44
230,1781576679.819,2026-06-16 09:24:39,2,61.83,113.53
230,1781607802.898,2026-06-16 18:03:22,2,71.32,10141.22
231,1781576680.318,2026-06-16 09:24:40,2,57.81,112.9
231,1781607803.398,2026-06-16 18:03:23,2,68.86,9714.71
232,1781576680.817,2026-06-16 09:24:40,2,57.86,111.7
232,1781607803.898,2026-06-16 18:03:23,2,64.5,9282.42
233,1781576681.318,2026-06-16 09:24:41,2,60.76,115.84
233,1781607804.4,2026-06-16 18:03:24,2,71.12,8853.79
234,1781576681.818,2026-06-16 09:24:41,3,60.87,232.1
234,1781607804.9,2026-06-16 18:03:24,3,69.29,8426.26
235,1781576682.319,2026-06-16 09:24:42,2,58.31,114.14
235,1781607805.4,2026-06-16 18:03:25,2,68.68,7997.57
236,1781576682.822,2026-06-16 09:24:42,1,59.96,115.99
236,1781607805.901,2026-06-16 18:03:25,1,76.6,7576.72
237,1781576683.32,2026-06-16 09:24:43,1,81.15,135.67
237,1781607806.401,2026-06-16 18:03:26,1,64.55,7143.57
238,1781576683.821,2026-06-16 09:24:43,1,59.77,121.39
238,1781607806.901,2026-06-16 18:03:26,1,68.97,6715.56
239,1781576684.32,2026-06-16 09:24:44,1,56.62,111.89
239,1781607807.403,2026-06-16 18:03:27,1,68.13,6284.25
240,1781576684.821,2026-06-16 09:24:44,2,56.9,111.34
240,1781607807.903,2026-06-16 18:03:27,2,63.12,5857.23
241,1781576685.321,2026-06-16 09:24:45,0,65.06,120.87
241,1781607808.402,2026-06-16 18:03:28,0,59.03,5419.41
242,1781576685.821,2026-06-16 09:24:45,0,60.13,113.15
242,1781607808.902,2026-06-16 18:03:28,0,62.44,4983.97
243,1781576686.321,2026-06-16 09:24:46,0,58.67,117.36
243,1781607809.404,2026-06-16 18:03:29,0,74.64,4560.64
244,1781576686.821,2026-06-16 09:24:46,0,54.84,107.27
244,1781607809.904,2026-06-16 18:03:29,0,63.94,4127.52
245,1781576687.322,2026-06-16 09:24:47,0,61.66,115.57
245,1781607810.405,2026-06-16 18:03:30,0,61.44,3690.96
246,1781576687.822,2026-06-16 09:24:47,1,56.05,111.92
246,1781607810.905,2026-06-16 18:03:30,1,65.28,3258.68
247,1781576688.323,2026-06-16 09:24:48,1,68.2,125.51
247,1781607811.404,2026-06-16 18:03:31,1,58.89,2821.01
248,1781576688.823,2026-06-16 09:24:48,1,57.43,112.01
248,1781607811.906,2026-06-16 18:03:31,1,64.6,2386.81
249,1781576689.323,2026-06-16 09:24:49,1,61.49,117.15
249,1781607812.406,2026-06-16 18:03:32,1,63.7,1952.22
250,1781576689.823,2026-06-16 09:24:49,1,65.16,119.6
250,1781607812.907,2026-06-16 18:03:32,1,70.19,1524.58
251,1781576690.324,2026-06-16 09:24:50,0,67.03,125.55
251,1781607813.406,2026-06-16 18:03:33,0,63.42,1091.89
252,1781576690.824,2026-06-16 09:24:50,0,66.07,118.43
252,1781607813.906,2026-06-16 18:03:33,0,65.22,664.58
253,1781576691.325,2026-06-16 09:24:51,0,60.45,113.63
253,1781607814.409,2026-06-16 18:03:34,0,70.13,234.03
254,1781576691.824,2026-06-16 09:24:51,0,57.35,112.86
254,1781607814.907,2026-06-16 18:03:34,0,67.31,120.29
255,1781576692.325,2026-06-16 09:24:52,0,57.51,110.95
255,1781607815.407,2026-06-16 18:03:35,0,63.83,115.69
256,1781607815.908,2026-06-16 18:03:35,0,82.41,133.68
256,1781576692.825,2026-06-16 09:24:52,0,65.59,120.65
257,1781607816.407,2026-06-16 18:03:36,0,66.91,123.26
257,1781576693.326,2026-06-16 09:24:53,0,62.69,117.27
258,1781607816.908,2026-06-16 18:03:36,0,54.85,111.66
258,1781576693.826,2026-06-16 09:24:53,0,67.91,120.4
259,1781607817.409,2026-06-16 18:03:37,0,70.39,124.53
259,1781576694.326,2026-06-16 09:24:54,0,61.63,116.14
260,1781607817.909,2026-06-16 18:03:37,0,67.68,122.8
260,1781576694.827,2026-06-16 09:24:54,0,60.16,114.96
261,1781607818.41,2026-06-16 18:03:38,0,67.13,123.46
261,1781576695.327,2026-06-16 09:24:55,0,59.78,117.4
262,1781576695.827,2026-06-16 09:24:55,0,65.21,119.68
262,1781607818.909,2026-06-16 18:03:38,0,67.42,120.98
263,1781607819.409,2026-06-16 18:03:39,0,69.13,124.65
263,1781576696.328,2026-06-16 09:24:56,0,56.69,120.39
264,1781607819.91,2026-06-16 18:03:39,0,86.54,143.1
264,1781576696.827,2026-06-16 09:24:56,0,60.08,114.06
265,1781607820.41,2026-06-16 18:03:40,0,66.37,120.11
265,1781576697.33,2026-06-16 09:24:57,0,59.53,120.94
266,1781576697.827,2026-06-16 09:24:57,0,55.54,112.53
266,1781607820.91,2026-06-16 18:03:40,0,68.15,124.49
267,1781576698.329,2026-06-16 09:24:58,0,55.03,113.42
267,1781607821.41,2026-06-16 18:03:41,0,60.28,118.28
268,1781607821.911,2026-06-16 18:03:41,0,99.27,154.28
268,1781576698.828,2026-06-16 09:24:58,0,60.64,116.87
269,1781576699.328,2026-06-16 09:24:59,0,55.46,108.78
269,1781607822.412,2026-06-16 18:03:42,0,49.37,109.48
270,1781607822.912,2026-06-16 18:03:42,0,51.01,108.3
270,1781576699.828,2026-06-16 09:24:59,0,62.53,116.76
271,1781576700.329,2026-06-16 09:25:00,0,60.61,115.6
271,1781607823.412,2026-06-16 18:03:43,0,45.25,100.83
272,1781576700.829,2026-06-16 09:25:00,0,52.71,106.56
272,1781607823.912,2026-06-16 18:03:43,0,45.42,101.99
273,1781576701.329,2026-06-16 09:25:01,0,60.95,115.91
273,1781607824.412,2026-06-16 18:03:44,0,47.81,102.12
274,1781576701.83,2026-06-16 09:25:01,0,53.75,110.49
274,1781607824.913,2026-06-16 18:03:44,0,48.09,102.19
275,1781576702.33,2026-06-16 09:25:02,0,61.26,116.05
275,1781607825.413,2026-06-16 18:03:45,0,43.36,99.45
276,1781576702.83,2026-06-16 09:25:02,0,58.66,111.68
276,1781607825.914,2026-06-16 18:03:45,0,52.58,109.63
277,1781576703.33,2026-06-16 09:25:03,0,61.07,115.46
277,1781607826.414,2026-06-16 18:03:46,0,47.95,103.91
278,1781576703.831,2026-06-16 09:25:03,0,65.15,122.79
278,1781607826.914,2026-06-16 18:03:46,0,49.43,105.47
279,1781576704.332,2026-06-16 09:25:04,0,55.57,210.71
279,1781607827.414,2026-06-16 18:03:47,0,47.7,101.14
280,1781576704.831,2026-06-16 09:25:04,0,56.64,220.92
280,1781607827.915,2026-06-16 18:03:47,0,41.5,96.44
281,1781576705.333,2026-06-16 09:25:05,0,53.86,111.49
281,1781607828.415,2026-06-16 18:03:48,0,48.81,104.46
282,1781576705.832,2026-06-16 09:25:05,0,56.97,113.35
282,1781607828.915,2026-06-16 18:03:48,0,53.25,107.1
283,1781576706.333,2026-06-16 09:25:06,0,63.62,117.46
283,1781607829.415,2026-06-16 18:03:49,0,45.5,101.14
284,1781576706.834,2026-06-16 09:25:06,0,59.09,114.49
284,1781607829.915,2026-06-16 18:03:49,0,45.94,104.67
285,1781576707.334,2026-06-16 09:25:07,0,60.47,114.4
285,1781607830.416,2026-06-16 18:03:50,0,50.48,109.67
286,1781576707.834,2026-06-16 09:25:07,0,60.47,115.73
286,1781607830.916,2026-06-16 18:03:50,0,46.34,213.41
287,1781576708.335,2026-06-16 09:25:08,0,54.89,111.88
287,1781607831.416,2026-06-16 18:03:51,0,43.07,100.8
288,1781607831.917,2026-06-16 18:03:51,0,41.41,95.66
288,1781576708.835,2026-06-16 09:25:08,0,61.02,115.85
289,1781607832.417,2026-06-16 18:03:52,0,46.78,102.2
289,1781576709.336,2026-06-16 09:25:09,0,55.54,111.63
290,1781607832.917,2026-06-16 18:03:52,0,53.74,107.46
290,1781576709.837,2026-06-16 09:25:09,0,62.24,118.46
291,1781607833.417,2026-06-16 18:03:53,0,50.93,107.3
291,1781576710.339,2026-06-16 09:25:10,0,58.0,110.78
292,1781607833.917,2026-06-16 18:03:53,0,45.78,103.91
292,1781576710.837,2026-06-16 09:25:10,0,66.35,119.42
293,1781576711.337,2026-06-16 09:25:11,0,56.27,112.54
293,1781607834.417,2026-06-16 18:03:54,0,42.69,97.05
294,1781576711.838,2026-06-16 09:25:11,0,60.0,121.13
294,1781607834.918,2026-06-16 18:03:54,0,51.42,107.39
295,1781607835.418,2026-06-16 18:03:55,0,47.24,105.33
295,1781576712.338,2026-06-16 09:25:12,0,58.92,114.36
296,1781607835.919,2026-06-16 18:03:55,0,48.55,106.56
296,1781576712.839,2026-06-16 09:25:12,0,54.94,111.07
297,1781607836.419,2026-06-16 18:03:56,0,48.52,108.17
297,1781576713.339,2026-06-16 09:25:13,0,58.2,112.22
298,1781576713.839,2026-06-16 09:25:13,0,56.14,111.91
298,1781607836.919,2026-06-16 18:03:56,0,46.36,103.38
299,1781576714.339,2026-06-16 09:25:14,0,56.17,113.85
299,1781607837.421,2026-06-16 18:03:57,0,45.25,98.92
300,1781576714.84,2026-06-16 09:25:14,0,54.84,109.36
300,1781607837.921,2026-06-16 18:03:57,0,41.68,96.96
301,1781576715.34,2026-06-16 09:25:15,0,59.89,212.77
301,1781607838.421,2026-06-16 18:03:58,0,45.51,102.41
302,1781576715.84,2026-06-16 09:25:15,0,59.09,113.94
302,1781607838.92,2026-06-16 18:03:58,0,45.07,100.15
303,1781576716.34,2026-06-16 09:25:16,0,53.99,106.48
303,1781607839.421,2026-06-16 18:03:59,0,44.37,99.78
304,1781607839.92,2026-06-16 18:03:59,0,49.44,103.67
304,1781576716.841,2026-06-16 09:25:16,0,55.88,110.26
305,1781607840.421,2026-06-16 18:04:00,0,48.65,104.07
305,1781576717.341,2026-06-16 09:25:17,0,58.67,110.48
306,1781607840.922,2026-06-16 18:04:00,0,48.21,104.64
306,1781576717.841,2026-06-16 09:25:17,0,65.19,119.13
307,1781607841.422,2026-06-16 18:04:01,0,47.13,100.77
307,1781576718.341,2026-06-16 09:25:18,0,67.16,228.93
308,1781607841.922,2026-06-16 18:04:01,0,49.96,104.82
308,1781576718.842,2026-06-16 09:25:18,0,54.21,111.32
309,1781576719.341,2026-06-16 09:25:19,0,61.39,116.84
309,1781607842.423,2026-06-16 18:04:02,0,50.54,106.49
310,1781607842.923,2026-06-16 18:04:02,0,51.82,105.37
310,1781576719.843,2026-06-16 09:25:19,0,55.5,110.85
311,1781576720.342,2026-06-16 09:25:20,0,58.51,112.77
311,1781607843.423,2026-06-16 18:04:03,0,55.14,110.16
312,1781576720.842,2026-06-16 09:25:20,0,58.77,114.57
312,1781607843.923,2026-06-16 18:04:03,0,43.5,96.47
313,1781576721.343,2026-06-16 09:25:21,0,58.25,119.86
313,1781607844.423,2026-06-16 18:04:04,0,48.17,102.46
314,1781576721.843,2026-06-16 09:25:21,0,54.77,109.65
314,1781607844.924,2026-06-16 18:04:04,0,49.27,104.73
315,1781576722.343,2026-06-16 09:25:22,0,56.21,108.83
315,1781607845.425,2026-06-16 18:04:05,0,47.03,103.73
316,1781607845.925,2026-06-16 18:04:05,0,47.87,101.94
316,1781576722.844,2026-06-16 09:25:22,0,56.88,114.49
317,1781576723.344,2026-06-16 09:25:23,0,53.69,108.5
317,1781607846.424,2026-06-16 18:04:06,0,45.43,101.21
318,1781607846.925,2026-06-16 18:04:06,0,47.64,104.72
318,1781576723.845,2026-06-16 09:25:23,0,53.66,109.8
319,1781607847.426,2026-06-16 18:04:07,0,49.91,103.09
319,1781576724.345,2026-06-16 09:25:24,0,55.32,109.14
320,1781576724.846,2026-06-16 09:25:24,0,51.23,105.59
320,1781607847.925,2026-06-16 18:04:07,0,48.06,101.28
321,1781576725.346,2026-06-16 09:25:25,0,59.71,115.18
321,1781607848.426,2026-06-16 18:04:08,0,44.91,101.81
322,1781576725.846,2026-06-16 09:25:25,0,55.52,108.65
322,1781607848.927,2026-06-16 18:04:08,0,50.72,106.24
323,1781576726.346,2026-06-16 09:25:26,0,55.96,111.06
323,1781607849.428,2026-06-16 18:04:09,0,45.75,99.23
324,1781576726.847,2026-06-16 09:25:26,0,56.19,112.22
324,1781607849.928,2026-06-16 18:04:09,0,45.64,97.0
325,1781576727.348,2026-06-16 09:25:27,0,67.05,124.24
325,1781607850.428,2026-06-16 18:04:10,0,48.58,99.07
326,1781576727.847,2026-06-16 09:25:27,0,56.03,111.61
326,1781607850.928,2026-06-16 18:04:10,0,46.52,101.41
327,1781576728.349,2026-06-16 09:25:28,0,56.52,112.33
327,1781607851.428,2026-06-16 18:04:11,0,45.68,101.89
328,1781576728.848,2026-06-16 09:25:28,0,61.92,116.79
328,1781607851.928,2026-06-16 18:04:11,0,48.27,101.26
329,1781607852.429,2026-06-16 18:04:12,0,47.86,102.24
329,1781576729.348,2026-06-16 09:25:29,0,57.59,114.12
330,1781576729.848,2026-06-16 09:25:29,0,64.83,123.18
330,1781607852.93,2026-06-16 18:04:12,0,51.1,106.76
331,1781576730.348,2026-06-16 09:25:30,0,57.5,113.88
331,1781607853.43,2026-06-16 18:04:13,0,48.77,106.09
332,1781576730.848,2026-06-16 09:25:30,0,49.16,106.09
332,1781607853.93,2026-06-16 18:04:13,0,50.51,104.81
333,1781607854.431,2026-06-16 18:04:14,0,49.04,104.48
333,1781576731.349,2026-06-16 09:25:31,0,58.74,114.73
334,1781576731.849,2026-06-16 09:25:31,0,63.65,122.83
334,1781607854.931,2026-06-16 18:04:14,0,44.09,100.88
335,1781607855.432,2026-06-16 18:04:15,0,51.79,105.86
335,1781576732.349,2026-06-16 09:25:32,0,63.04,116.26
336,1781607855.931,2026-06-16 18:04:15,0,49.17,105.6
336,1781576732.85,2026-06-16 09:25:32,0,62.49,117.65
337,1781607856.431,2026-06-16 18:04:16,1,41.93,95.79
337,1781576733.35,2026-06-16 09:25:33,1,61.58,119.44
338,1781607856.932,2026-06-16 18:04:16,1,45.64,100.19
338,1781576733.85,2026-06-16 09:25:33,1,54.02,112.59
339,1781576734.351,2026-06-16 09:25:34,1,58.47,223.91
339,1781607857.433,2026-06-16 18:04:17,1,53.32,108.34
340,1781576734.852,2026-06-16 09:25:34,1,54.38,115.66
340,1781607857.932,2026-06-16 18:04:17,1,45.13,98.54
341,1781576735.352,2026-06-16 09:25:35,3,61.61,116.77
341,1781607858.433,2026-06-16 18:04:18,3,46.02,101.12
342,1781576735.851,2026-06-16 09:25:35,3,52.98,111.43
342,1781607858.933,2026-06-16 18:04:18,3,46.32,211.65
343,1781576736.352,2026-06-16 09:25:36,3,58.69,113.86
343,1781607859.434,2026-06-16 18:04:19,3,47.38,105.32
344,1781576736.853,2026-06-16 09:25:36,2,55.41,116.07
344,1781607859.934,2026-06-16 18:04:19,2,52.05,108.25
345,1781607860.434,2026-06-16 18:04:20,3,49.54,106.63
345,1781576737.354,2026-06-16 09:25:37,3,58.36,113.2
346,1781576737.854,2026-06-16 09:25:37,2,52.78,110.57
346,1781607860.934,2026-06-16 18:04:20,2,49.98,104.49
347,1781576738.354,2026-06-16 09:25:38,2,62.74,123.28
347,1781607861.435,2026-06-16 18:04:21,2,50.41,106.25
348,1781576738.854,2026-06-16 09:25:38,2,59.96,118.54
348,1781607861.934,2026-06-16 18:04:21,2,49.13,111.03
349,1781607862.435,2026-06-16 18:04:22,2,50.29,105.26
349,1781576739.355,2026-06-16 09:25:39,2,60.44,116.1
350,1781607862.936,2026-06-16 18:04:22,2,47.98,103.96
350,1781576739.856,2026-06-16 09:25:39,2,59.44,112.14
351,1781607863.437,2026-06-16 18:04:23,3,48.33,104.75
351,1781576740.356,2026-06-16 09:25:40,3,60.2,115.23
352,1781607863.936,2026-06-16 18:04:23,3,49.49,104.03
352,1781576740.856,2026-06-16 09:25:40,3,59.93,117.36
353,1781576741.357,2026-06-16 09:25:41,3,54.83,110.04
353,1781607864.436,2026-06-16 18:04:24,3,50.82,107.05
354,1781607864.937,2026-06-16 18:04:24,3,48.73,105.46
354,1781576741.857,2026-06-16 09:25:41,3,56.89,224.34
355,1781576742.357,2026-06-16 09:25:42,3,66.0,121.64
355,1781607865.438,2026-06-16 18:04:25,3,48.05,101.58
356,1781576742.858,2026-06-16 09:25:42,3,58.37,110.6
356,1781607865.938,2026-06-16 18:04:25,3,49.95,105.33
357,1781576743.357,2026-06-16 09:25:43,3,62.11,117.58
357,1781607866.438,2026-06-16 18:04:26,3,50.53,107.27
358,1781607866.938,2026-06-16 18:04:26,3,50.82,105.89
358,1781576743.858,2026-06-16 09:25:43,3,59.15,112.22
359,1781576744.359,2026-06-16 09:25:44,3,63.14,117.27
359,1781607867.439,2026-06-16 18:04:27,3,49.22,104.86
360,1781607867.938,2026-06-16 18:04:27,3,44.93,98.75
360,1781576744.859,2026-06-16 09:25:44,3,61.61,122.09
361,1781607868.439,2026-06-16 18:04:28,3,48.75,105.08
361,1781576745.36,2026-06-16 09:25:45,3,58.59,117.72
362,1781607868.939,2026-06-16 18:04:28,3,45.86,102.4
362,1781576745.86,2026-06-16 09:25:45,3,60.06,115.43
363,1781576746.36,2026-06-16 09:25:46,3,55.1,108.28
363,1781607869.441,2026-06-16 18:04:29,3,55.83,117.15
364,1781576746.86,2026-06-16 09:25:46,2,59.31,113.98
364,1781607869.941,2026-06-16 18:04:29,2,45.38,99.27
365,1781576747.36,2026-06-16 09:25:47,3,62.87,115.65
365,1781607870.44,2026-06-16 18:04:30,3,47.65,103.77
366,1781576747.861,2026-06-16 09:25:47,2,66.1,120.42
366,1781607870.941,2026-06-16 18:04:30,2,45.37,103.5
367,1781576748.361,2026-06-16 09:25:48,3,62.89,118.96
367,1781607871.441,2026-06-16 18:04:31,3,51.56,106.6
368,1781576748.862,2026-06-16 09:25:48,2,58.37,115.79
368,1781607871.941,2026-06-16 18:04:31,2,46.95,103.44
369,1781576749.362,2026-06-16 09:25:49,2,58.47,320.95
369,1781607872.443,2026-06-16 18:04:32,2,52.36,108.62
370,1781576749.862,2026-06-16 09:25:49,3,65.55,123.52
370,1781607872.943,2026-06-16 18:04:32,3,49.64,104.39
371,1781607873.444,2026-06-16 18:04:33,3,47.43,102.65
371,1781576750.362,2026-06-16 09:25:50,3,65.51,121.11
372,1781607873.943,2026-06-16 18:04:33,4,48.74,102.46
372,1781576750.863,2026-06-16 09:25:50,4,54.61,111.34
373,1781607874.443,2026-06-16 18:04:34,3,48.91,103.71
373,1781576751.363,2026-06-16 09:25:51,3,59.86,113.55
374,1781576751.863,2026-06-16 09:25:51,4,59.65,116.22
374,1781607874.944,2026-06-16 18:04:34,4,47.59,108.64
375,1781576752.364,2026-06-16 09:25:52,4,55.67,116.35
375,1781607875.444,2026-06-16 18:04:35,4,53.2,110.69
376,1781576752.864,2026-06-16 09:25:52,4,62.84,117.93
376,1781607875.944,2026-06-16 18:04:35,4,50.04,105.47
377,1781576753.365,2026-06-16 09:25:53,4,62.03,117.55
377,1781607876.445,2026-06-16 18:04:36,4,54.2,114.88
378,1781576753.864,2026-06-16 09:25:53,3,58.08,221.99
378,1781607876.945,2026-06-16 18:04:36,3,50.46,103.77
379,1781576754.366,2026-06-16 09:25:54,3,55.04,117.74
379,1781607877.445,2026-06-16 18:04:37,3,45.59,100.82
380,1781576754.866,2026-06-16 09:25:54,3,59.58,114.3
380,1781607877.946,2026-06-16 18:04:37,3,50.0,107.08
381,1781576755.366,2026-06-16 09:25:55,3,56.75,113.31
381,1781607878.446,2026-06-16 18:04:38,3,48.42,105.9
382,1781607878.946,2026-06-16 18:04:38,3,46.13,106.18
382,1781576755.867,2026-06-16 09:25:55,3,61.53,114.57
383,1781576756.366,2026-06-16 09:25:56,3,59.61,115.2
383,1781607879.446,2026-06-16 18:04:39,3,42.66,99.71
384,1781607879.946,2026-06-16 18:04:39,3,52.59,106.76
384,1781576756.867,2026-06-16 09:25:56,3,59.26,217.16
385,1781607880.447,2026-06-16 18:04:40,3,43.87,99.15
385,1781576757.369,2026-06-16 09:25:57,3,58.08,114.8
386,1781607880.948,2026-06-16 18:04:40,3,43.56,101.3
386,1781576757.868,2026-06-16 09:25:57,3,55.44,110.48
387,1781607881.449,2026-06-16 18:04:41,3,46.74,108.41
387,1781576758.368,2026-06-16 09:25:58,3,58.96,114.73
388,1781607881.948,2026-06-16 18:04:41,3,44.08,215.2
388,1781576758.869,2026-06-16 09:25:58,3,57.1,114.86
389,1781607882.448,2026-06-16 18:04:42,3,47.7,100.67
389,1781576759.368,2026-06-16 09:25:59,3,63.62,119.28
390,1781607882.949,2026-06-16 18:04:42,3,46.76,100.34
390,1781576759.869,2026-06-16 09:25:59,3,56.7,112.86
391,1781607883.45,2026-06-16 18:04:43,3,51.68,104.15
391,1781576760.369,2026-06-16 09:26:00,3,61.54,115.0
392,1781607883.949,2026-06-16 18:04:43,3,48.46,101.88
392,1781576760.869,2026-06-16 09:26:00,3,59.04,114.48
393,1781607884.451,2026-06-16 18:04:44,3,44.96,96.9
393,1781576761.37,2026-06-16 09:26:01,3,54.41,110.82
394,1781607884.95,2026-06-16 18:04:44,3,44.22,96.42
394,1781576761.87,2026-06-16 09:26:01,3,58.63,112.29
395,1781607885.45,2026-06-16 18:04:45,3,40.62,96.87
395,1781576762.371,2026-06-16 09:26:02,3,56.3,111.19
396,1781607885.95,2026-06-16 18:04:45,3,46.67,103.6
396,1781576762.872,2026-06-16 09:26:02,3,57.97,113.87
397,1781607886.452,2026-06-16 18:04:46,3,49.31,110.31
397,1781576763.371,2026-06-16 09:26:03,3,58.2,111.66
398,1781607886.952,2026-06-16 18:04:46,3,47.67,105.61
398,1781576763.871,2026-06-16 09:26:03,3,59.01,114.1
399,1781576764.372,2026-06-16 09:26:04,2,58.73,115.42
399,1781607887.452,2026-06-16 18:04:47,2,47.77,103.83
400,1781576764.872,2026-06-16 09:26:04,2,58.45,114.86
400,1781607887.952,2026-06-16 18:04:47,2,52.15,109.21
401,1781576765.372,2026-06-16 09:26:05,2,62.07,117.5
401,1781607888.453,2026-06-16 18:04:48,2,47.94,101.74
402,1781576765.873,2026-06-16 09:26:05,1,62.72,123.01
402,1781607888.953,2026-06-16 18:04:48,1,45.16,104.95
403,1781576766.374,2026-06-16 09:26:06,0,56.29,109.85
403,1781607889.454,2026-06-16 18:04:49,0,48.09,104.53
404,1781607889.954,2026-06-16 18:04:49,0,47.44,101.34
404,1781576766.875,2026-06-16 09:26:06,0,57.28,111.41
405,1781576767.376,2026-06-16 09:26:07,0,56.96,111.8
405,1781607890.454,2026-06-16 18:04:50,0,48.36,103.46
406,1781607890.955,2026-06-16 18:04:50,0,46.44,102.81
406,1781576767.875,2026-06-16 09:26:07,0,58.98,112.28
407,1781576768.375,2026-06-16 09:26:08,1,57.52,112.86
407,1781607891.455,2026-06-16 18:04:51,1,47.4,101.16
408,1781576768.876,2026-06-16 09:26:08,1,66.37,236.75
408,1781607891.954,2026-06-16 18:04:51,1,45.56,102.09
409,1781607892.455,2026-06-16 18:04:52,1,47.03,104.7
409,1781576769.378,2026-06-16 09:26:09,1,69.69,131.01
410,1781607892.955,2026-06-16 18:04:52,0,38.51,93.22
410,1781576769.877,2026-06-16 09:26:09,0,57.16,117.39
411,1781607893.455,2026-06-16 18:04:53,0,49.63,106.44
411,1781576770.377,2026-06-16 09:26:10,0,55.53,108.49
412,1781607893.955,2026-06-16 18:04:53,0,42.14,97.21
412,1781576770.877,2026-06-16 09:26:10,0,61.24,116.04
413,1781607894.455,2026-06-16 18:04:54,0,41.1,97.62
413,1781576771.378,2026-06-16 09:26:11,0,60.62,117.14
414,1781607894.956,2026-06-16 18:04:54,0,45.44,216.02
414,1781576771.878,2026-06-16 09:26:11,0,54.95,109.41
415,1781607895.456,2026-06-16 18:04:55,0,50.92,219.55
415,1781576772.378,2026-06-16 09:26:12,0,60.04,214.93
416,1781607895.956,2026-06-16 18:04:55,0,39.85,96.05
416,1781576772.879,2026-06-16 09:26:12,0,57.15,114.05
417,1781607896.457,2026-06-16 18:04:56,0,47.73,100.73
417,1781576773.38,2026-06-16 09:26:13,0,61.06,119.5
418,1781607896.958,2026-06-16 18:04:56,0,47.82,102.08
418,1781576773.879,2026-06-16 09:26:13,0,56.42,110.23
419,1781607897.458,2026-06-16 18:04:57,0,48.48,103.88
419,1781576774.379,2026-06-16 09:26:14,0,62.07,116.29
420,1781607897.959,2026-06-16 18:04:57,0,48.69,104.41
420,1781576774.88,2026-06-16 09:26:14,0,58.35,222.65
421,1781607898.458,2026-06-16 18:04:58,0,43.87,209.28
421,1781576775.382,2026-06-16 09:26:15,0,64.39,126.1
422,1781607898.958,2026-06-16 18:04:58,0,58.04,115.42
422,1781576775.882,2026-06-16 09:26:15,0,63.06,122.06
423,1781607899.459,2026-06-16 18:04:59,0,45.03,106.84
423,1781576776.382,2026-06-16 09:26:16,0,56.61,117.19
424,1781607899.959,2026-06-16 18:04:59,0,48.72,107.11
424,1781576776.882,2026-06-16 09:26:16,0,60.68,122.87
425,1781607900.46,2026-06-16 18:05:00,0,45.0,104.74
425,1781576777.384,2026-06-16 09:26:17,0,60.83,119.41
426,1781607900.96,2026-06-16 18:05:00,0,45.35,102.58
426,1781576777.884,2026-06-16 09:26:17,0,59.6,126.55
427,1781607901.46,2026-06-16 18:05:01,0,44.24,99.01
427,1781576778.383,2026-06-16 09:26:18,0,63.57,123.69
428,1781607901.96,2026-06-16 18:05:01,0,48.61,105.58
428,1781576778.883,2026-06-16 09:26:18,0,59.21,120.69
429,1781607902.461,2026-06-16 18:05:02,0,40.53,98.99
429,1781576779.384,2026-06-16 09:26:19,0,60.2,119.56
430,1781607902.961,2026-06-16 18:05:02,0,48.88,104.07
430,1781576779.884,2026-06-16 09:26:19,0,52.32,107.96
431,1781607903.461,2026-06-16 18:05:03,0,41.72,98.45
431,1781576780.384,2026-06-16 09:26:20,0,59.57,113.15
432,1781576780.885,2026-06-16 09:26:20,0,61.57,116.37
432,1781607903.961,2026-06-16 18:05:03,0,43.32,97.19
433,1781576781.386,2026-06-16 09:26:21,0,58.67,114.89
433,1781607904.461,2026-06-16 18:05:04,0,43.85,99.1
434,1781576781.885,2026-06-16 09:26:21,0,58.44,117.06
434,1781607904.962,2026-06-16 18:05:04,0,50.78,112.27
435,1781576782.386,2026-06-16 09:26:22,0,57.23,113.65
435,1781607905.462,2026-06-16 18:05:05,0,40.66,94.32
436,1781576782.887,2026-06-16 09:26:22,0,57.94,115.08
436,1781607905.962,2026-06-16 18:05:05,0,45.99,101.74
437,1781576783.388,2026-06-16 09:26:23,0,59.35,119.27
437,1781607906.462,2026-06-16 18:05:06,0,48.69,106.04
438,1781576783.887,2026-06-16 09:26:23,0,65.43,126.39
438,1781607906.963,2026-06-16 18:05:06,0,45.35,99.58
439,1781576784.388,2026-06-16 09:26:24,0,58.1,119.97
439,1781607907.464,2026-06-16 18:05:07,0,45.29,100.56
440,1781576784.888,2026-06-16 09:26:24,0,62.25,117.78
440,1781607907.964,2026-06-16 18:05:07,0,44.31,101.75
441,1781576785.39,2026-06-16 09:26:25,0,64.29,124.08
441,1781607908.464,2026-06-16 18:05:08,0,42.72,96.75
442,1781576785.888,2026-06-16 09:26:25,0,59.14,114.6
442,1781607908.964,2026-06-16 18:05:08,0,49.36,106.11
443,1781576786.389,2026-06-16 09:26:26,0,63.65,119.49
443,1781607909.465,2026-06-16 18:05:09,0,40.05,97.3
444,1781576786.889,2026-06-16 09:26:26,0,58.1,111.25
444,1781607909.965,2026-06-16 18:05:09,0,42.38,100.82
445,1781576787.39,2026-06-16 09:26:27,0,59.64,120.3
445,1781607910.465,2026-06-16 18:05:10,0,41.52,98.78
446,1781576787.89,2026-06-16 09:26:27,0,59.46,117.28
446,1781607910.965,2026-06-16 18:05:10,0,42.86,100.61
447,1781576788.391,2026-06-16 09:26:28,0,60.09,112.16
447,1781607911.466,2026-06-16 18:05:11,0,43.34,96.11
448,1781576788.891,2026-06-16 09:26:28,0,51.83,108.16
448,1781607911.965,2026-06-16 18:05:11,0,45.2,99.74
449,1781576789.391,2026-06-16 09:26:29,0,58.45,115.27
449,1781607912.466,2026-06-16 18:05:12,0,49.56,104.59
450,1781576789.891,2026-06-16 09:26:29,0,55.51,108.65
450,1781607912.966,2026-06-16 18:05:12,0,43.92,101.33
451,1781576790.392,2026-06-16 09:26:30,0,55.98,113.44
451,1781607913.467,2026-06-16 18:05:13,0,51.16,105.43
452,1781576790.892,2026-06-16 09:26:30,0,54.85,111.13
452,1781607913.966,2026-06-16 18:05:13,0,42.73,99.32
453,1781576791.393,2026-06-16 09:26:31,0,51.94,109.31
453,1781607914.466,2026-06-16 18:05:14,0,46.72,104.89
454,1781607914.968,2026-06-16 18:05:14,0,45.55,100.4
454,1781576791.893,2026-06-16 09:26:31,0,56.84,111.47
455,1781576792.395,2026-06-16 09:26:32,0,54.85,214.73
455,1781607915.468,2026-06-16 18:05:15,0,47.35,102.41
456,1781576792.895,2026-06-16 09:26:32,0,56.58,112.2
456,1781607915.969,2026-06-16 18:05:15,0,51.36,107.14
457,1781576793.395,2026-06-16 09:26:33,0,58.98,116.57
457,1781607916.469,2026-06-16 18:05:16,0,44.18,97.77
458,1781576793.894,2026-06-16 09:26:33,0,66.72,119.59
458,1781607916.968,2026-06-16 18:05:16,0,47.81,103.81
459,1781576794.394,2026-06-16 09:26:34,0,53.1,108.23
459,1781607917.469,2026-06-16 18:05:17,0,50.07,102.91
460,1781576794.894,2026-06-16 09:26:34,0,56.21,110.5
460,1781607917.969,2026-06-16 18:05:17,0,42.52,97.52
461,1781576795.394,2026-06-16 09:26:35,0,49.83,104.85
461,1781607918.47,2026-06-16 18:05:18,0,48.11,108.0
462,1781576795.895,2026-06-16 09:26:35,0,54.35,109.51
462,1781607918.97,2026-06-16 18:05:18,0,47.28,105.1
463,1781576796.395,2026-06-16 09:26:36,0,60.79,114.96
463,1781607919.471,2026-06-16 18:05:19,0,50.48,104.36
464,1781576796.896,2026-06-16 09:26:36,0,59.36,111.77
464,1781607919.971,2026-06-16 18:05:19,0,43.5,99.49
465,1781576797.396,2026-06-16 09:26:37,0,55.46,110.41
465,1781607920.472,2026-06-16 18:05:20,0,52.52,109.08
466,1781607920.972,2026-06-16 18:05:20,0,43.79,97.56
466,1781576797.897,2026-06-16 09:26:37,0,47.4,103.77
467,1781576798.397,2026-06-16 09:26:38,0,50.33,107.33
467,1781607921.471,2026-06-16 18:05:21,0,45.66,101.51
468,1781576798.897,2026-06-16 09:26:38,0,51.6,107.32
468,1781607921.971,2026-06-16 18:05:21,0,42.8,96.7
469,1781576799.397,2026-06-16 09:26:39,0,53.89,112.61
469,1781607922.472,2026-06-16 18:05:22,0,48.61,103.33
470,1781576799.898,2026-06-16 09:26:39,0,50.1,106.06
470,1781607922.973,2026-06-16 18:05:22,0,45.61,101.27
471,1781576800.398,2026-06-16 09:26:40,0,49.02,104.31
471,1781607923.472,2026-06-16 18:05:23,0,50.17,107.73
472,1781607923.972,2026-06-16 18:05:23,0,44.22,104.22
472,1781576800.898,2026-06-16 09:26:40,0,51.71,110.34
473,1781576801.398,2026-06-16 09:26:41,0,48.83,102.84
473,1781607924.472,2026-06-16 18:05:24,0,49.86,107.1
474,1781607924.973,2026-06-16 18:05:24,0,50.05,103.67
474,1781576801.899,2026-06-16 09:26:41,0,52.28,107.98
475,1781576802.399,2026-06-16 09:26:42,0,54.1,109.44
475,1781607925.473,2026-06-16 18:05:25,0,51.02,106.14
476,1781576802.899,2026-06-16 09:26:42,0,55.1,108.67
476,1781607925.975,2026-06-16 18:05:25,0,44.42,100.53
477,1781576803.4,2026-06-16 09:26:43,0,56.12,113.23
477,1781607926.475,2026-06-16 18:05:26,0,45.89,102.72
478,1781576803.9,2026-06-16 09:26:43,0,53.03,109.29
478,1781607926.976,2026-06-16 18:05:26,0,43.48,97.14
479,1781576804.401,2026-06-16 09:26:44,0,52.78,222.35
479,1781607927.475,2026-06-16 18:05:27,0,47.49,103.69
480,1781576804.902,2026-06-16 09:26:44,0,54.1,107.81
480,1781607927.976,2026-06-16 18:05:27,0,43.0,96.09
481,1781576805.403,2026-06-16 09:26:45,0,55.28,111.74
481,1781607928.475,2026-06-16 18:05:28,0,42.95,98.62
482,1781576805.903,2026-06-16 09:26:45,0,58.77,110.67
482,1781607928.976,2026-06-16 18:05:28,0,43.23,99.86
483,1781576806.403,2026-06-16 09:26:46,0,54.94,110.61
483,1781607929.476,2026-06-16 18:05:29,0,41.29,203.84
484,1781576806.903,2026-06-16 09:26:46,0,54.83,112.06
484,1781607929.977,2026-06-16 18:05:29,0,44.56,104.15
485,1781576807.404,2026-06-16 09:26:47,0,54.84,109.33
485,1781607930.476,2026-06-16 18:05:30,0,44.71,97.55
486,1781576807.905,2026-06-16 09:26:47,0,48.15,103.98
486,1781607930.977,2026-06-16 18:05:30,0,47.01,100.47
487,1781576808.406,2026-06-16 09:26:48,0,56.21,110.36
487,1781607931.478,2026-06-16 18:05:31,0,53.06,112.5
488,1781576808.905,2026-06-16 09:26:48,0,58.54,113.29
488,1781607931.977,2026-06-16 18:05:31,0,47.87,219.21
489,1781576809.406,2026-06-16 09:26:49,0,57.38,110.23
489,1781607932.478,2026-06-16 18:05:32,0,46.72,100.65
490,1781576809.906,2026-06-16 09:26:49,0,52.4,106.33
490,1781607932.978,2026-06-16 18:05:32,0,48.48,103.9
491,1781576810.406,2026-06-16 09:26:50,0,57.19,116.48
491,1781607933.479,2026-06-16 18:05:33,0,47.66,105.32
492,1781576810.907,2026-06-16 09:26:50,0,53.36,106.96
492,1781607933.979,2026-06-16 18:05:33,0,41.53,96.2
493,1781576811.407,2026-06-16 09:26:51,0,53.42,110.82
493,1781607934.479,2026-06-16 18:05:34,0,51.73,107.45
494,1781576811.907,2026-06-16 09:26:51,0,55.68,112.11
494,1781607934.98,2026-06-16 18:05:34,0,46.42,104.26
495,1781576812.407,2026-06-16 09:26:52,0,57.53,111.87
495,1781607935.48,2026-06-16 18:05:35,0,45.18,99.59
496,1781576812.907,2026-06-16 09:26:52,0,57.07,109.0
496,1781607935.982,2026-06-16 18:05:35,0,39.09,94.08
497,1781576813.408,2026-06-16 09:26:53,0,60.31,114.37
497,1781607936.482,2026-06-16 18:05:36,0,45.12,101.66
498,1781576813.908,2026-06-16 09:26:53,0,55.87,111.71
498,1781607936.982,2026-06-16 18:05:36,0,47.86,105.23
499,1781576814.408,2026-06-16 09:26:54,0,53.65,107.82
499,1781607937.483,2026-06-16 18:05:37,0,47.74,106.66
500,1781576814.909,2026-06-16 09:26:54,0,59.51,114.05
500,1781607937.983,2026-06-16 18:05:37,0,43.1,99.46
501,1781576815.409,2026-06-16 09:26:55,0,52.24,110.28
501,1781607938.484,2026-06-16 18:05:38,0,43.08,99.98
502,1781576815.91,2026-06-16 09:26:55,0,55.15,108.39
502,1781607938.984,2026-06-16 18:05:38,0,48.14,107.95
503,1781576816.409,2026-06-16 09:26:56,0,50.61,107.29
503,1781607939.485,2026-06-16 18:05:39,0,48.85,104.0
504,1781576816.909,2026-06-16 09:26:56,0,53.39,107.91
504,1781607939.985,2026-06-16 18:05:39,0,47.64,104.71
505,1781576817.411,2026-06-16 09:26:57,0,54.18,113.33
505,1781607940.485,2026-06-16 18:05:40,0,44.19,98.84
506,1781576817.91,2026-06-16 09:26:57,0,49.33,102.84
506,1781607940.986,2026-06-16 18:05:40,0,42.38,97.64
507,1781576818.411,2026-06-16 09:26:58,0,56.85,111.27
507,1781607941.487,2026-06-16 18:05:41,0,47.65,103.27
508,1781576818.911,2026-06-16 09:26:58,0,55.59,108.23
508,1781607941.987,2026-06-16 18:05:41,0,43.58,97.69
509,1781576819.411,2026-06-16 09:26:59,0,48.05,102.36
509,1781607942.487,2026-06-16 18:05:42,0,47.24,102.95
510,1781576819.911,2026-06-16 09:26:59,0,52.3,103.71
510,1781607942.988,2026-06-16 18:05:42,0,44.35,100.25
511,1781607943.487,2026-06-16 18:05:43,0,53.6,106.03
511,1781576820.412,2026-06-16 09:27:00,0,51.24,103.9
512,1781576820.912,2026-06-16 09:27:00,0,53.21,111.33
512,1781607943.988,2026-06-16 18:05:43,0,46.82,98.79
513,1781576821.413,2026-06-16 09:27:01,0,49.53,106.23
513,1781607944.488,2026-06-16 18:05:44,0,53.37,109.1
514,1781576821.913,2026-06-16 09:27:01,0,53.33,208.11
514,1781607944.988,2026-06-16 18:05:44,0,48.12,99.48
515,1781576822.415,2026-06-16 09:27:02,0,49.41,104.28
515,1781607945.489,2026-06-16 18:05:45,0,50.85,101.46
516,1781576822.914,2026-06-16 09:27:02,0,50.51,104.95
516,1781607945.99,2026-06-16 18:05:45,0,46.75,96.7
517,1781576823.414,2026-06-16 09:27:03,0,59.48,113.35
517,1781607946.49,2026-06-16 18:05:46,0,47.73,103.39
518,1781576823.916,2026-06-16 09:27:03,0,53.13,107.78
518,1781607946.99,2026-06-16 18:05:46,0,44.84,101.89
519,1781576824.415,2026-06-16 09:27:04,0,53.4,110.01
519,1781607947.49,2026-06-16 18:05:47,0,49.86,105.0
520,1781576824.915,2026-06-16 09:27:04,0,58.07,112.7
520,1781607947.991,2026-06-16 18:05:47,0,41.99,102.42
521,1781576825.416,2026-06-16 09:27:05,1,54.59,112.83
521,1781607948.49,2026-06-16 18:05:48,1,48.17,102.86
522,1781576825.917,2026-06-16 09:27:05,0,59.8,116.06
522,1781607948.991,2026-06-16 18:05:48,0,46.09,105.0
523,1781576826.418,2026-06-16 09:27:06,0,60.16,117.84
523,1781607949.491,2026-06-16 18:05:49,0,49.0,106.29
524,1781576826.918,2026-06-16 09:27:06,1,63.61,119.53
524,1781607949.991,2026-06-16 18:05:49,1,46.27,100.2
525,1781576827.419,2026-06-16 09:27:07,1,61.53,124.7
525,1781607950.492,2026-06-16 18:05:50,1,45.01,205.73
526,1781576827.918,2026-06-16 09:27:07,1,57.71,121.59
526,1781607950.992,2026-06-16 18:05:50,1,44.34,101.99
527,1781576828.418,2026-06-16 09:27:08,1,51.33,222.78
527,1781607951.493,2026-06-16 18:05:51,1,44.46,99.18
528,1781576828.919,2026-06-16 09:27:08,0,54.33,111.98
528,1781607951.992,2026-06-16 18:05:51,0,42.33,98.53
529,1781576829.418,2026-06-16 09:27:09,1,57.64,114.6
529,1781607952.493,2026-06-16 18:05:52,1,49.63,106.84
530,1781576829.919,2026-06-16 09:27:09,1,92.92,155.48
530,1781607952.994,2026-06-16 18:05:52,1,40.45,94.65
531,1781576830.419,2026-06-16 09:27:10,1,58.89,115.32
531,1781607953.494,2026-06-16 18:05:53,1,50.78,106.47
532,1781576830.919,2026-06-16 09:27:10,1,50.4,110.84
532,1781607953.993,2026-06-16 18:05:53,1,48.7,104.02
533,1781576831.419,2026-06-16 09:27:11,1,58.66,115.9
533,1781607954.493,2026-06-16 18:05:54,1,50.04,106.12
534,1781576831.919,2026-06-16 09:27:11,1,56.6,112.42
534,1781607954.994,2026-06-16 18:05:54,1,45.75,102.55
535,1781576832.42,2026-06-16 09:27:12,1,54.72,109.35
535,1781607955.494,2026-06-16 18:05:55,1,50.13,103.2
536,1781576832.92,2026-06-16 09:27:12,1,54.19,107.97
536,1781607955.994,2026-06-16 18:05:55,1,44.92,205.78
537,1781576833.42,2026-06-16 09:27:13,1,53.45,106.72
537,1781607956.495,2026-06-16 18:05:56,1,48.94,105.55
538,1781576833.921,2026-06-16 09:27:13,1,50.54,210.39
538,1781607956.995,2026-06-16 18:05:56,1,51.37,109.42
539,1781576834.421,2026-06-16 09:27:14,1,58.73,119.28
539,1781607957.496,2026-06-16 18:05:57,1,47.24,103.25
540,1781576834.922,2026-06-16 09:27:14,1,59.56,121.23
540,1781607957.996,2026-06-16 18:05:57,1,43.36,99.75
541,1781576835.423,2026-06-16 09:27:15,1,65.7,128.75
541,1781607958.495,2026-06-16 18:05:58,1,49.13,103.33
542,1781576835.922,2026-06-16 09:27:15,1,62.43,118.61
542,1781607958.996,2026-06-16 18:05:58,1,43.55,99.4
543,1781607959.496,2026-06-16 18:05:59,1,54.46,108.7
543,1781576836.423,2026-06-16 09:27:16,1,50.01,107.12
544,1781576836.923,2026-06-16 09:27:16,1,57.47,112.34
544,1781607959.997,2026-06-16 18:05:59,1,46.15,100.53
545,1781576837.423,2026-06-16 09:27:17,1,60.15,112.05
545,1781607960.496,2026-06-16 18:06:00,1,55.96,117.3
546,1781576837.923,2026-06-16 09:27:17,1,57.1,110.49
546,1781607960.997,2026-06-16 18:06:00,1,48.83,102.71
547,1781576838.425,2026-06-16 09:27:18,1,62.24,116.03
547,1781607961.497,2026-06-16 18:06:01,1,48.2,104.01
548,1781576838.925,2026-06-16 09:27:18,0,55.06,116.37
548,1781607961.997,2026-06-16 18:06:01,0,53.32,109.81
549,1781576839.425,2026-06-16 09:27:19,1,57.2,114.72
549,1781607962.498,2026-06-16 18:06:02,1,55.8,113.63
550,1781576839.925,2026-06-16 09:27:19,1,52.25,107.64
550,1781607962.998,2026-06-16 18:06:02,1,63.01,118.71
551,1781576840.425,2026-06-16 09:27:20,1,67.94,225.27
551,1781607963.499,2026-06-16 18:06:03,1,52.23,108.34
552,1781576840.926,2026-06-16 09:27:20,1,65.84,330.85
552,1781607963.999,2026-06-16 18:06:03,1,42.32,96.1
553,1781576841.428,2026-06-16 09:27:21,1,61.31,127.04
553,1781607964.499,2026-06-16 18:06:04,1,52.7,108.58
554,1781576841.927,2026-06-16 09:27:21,1,58.21,114.24
554,1781607965.0,2026-06-16 18:06:04,1,48.75,105.1
555,1781576842.428,2026-06-16 09:27:22,1,52.9,109.12
555,1781607965.501,2026-06-16 18:06:05,1,48.16,105.29
556,1781576842.928,2026-06-16 09:27:22,0,57.79,112.53
556,1781607966.001,2026-06-16 18:06:06,0,50.92,105.83
557,1781576843.428,2026-06-16 09:27:23,1,58.33,116.76
557,1781607966.502,2026-06-16 18:06:06,1,48.72,104.43
558,1781576843.928,2026-06-16 09:27:23,1,46.4,99.37
558,1781607967.001,2026-06-16 18:06:07,1,43.54,101.38
559,1781576844.428,2026-06-16 09:27:24,1,46.93,101.89
559,1781607967.501,2026-06-16 18:06:07,1,51.09,107.13
560,1781576844.928,2026-06-16 09:27:24,0,45.54,104.3
560,1781607968.002,2026-06-16 18:06:08,0,44.84,96.81
561,1781576845.429,2026-06-16 09:27:25,0,51.48,103.99
561,1781607968.502,2026-06-16 18:06:08,0,52.31,110.1
562,1781576845.929,2026-06-16 09:27:25,0,52.4,105.9
562,1781607969.003,2026-06-16 18:06:09,0,52.35,111.66
563,1781576846.429,2026-06-16 09:27:26,0,49.87,105.29
563,1781607969.504,2026-06-16 18:06:09,0,53.26,109.22
564,1781576846.93,2026-06-16 09:27:26,0,49.86,106.15
564,1781607970.004,2026-06-16 18:06:10,0,56.02,113.98
565,1781576847.43,2026-06-16 09:27:27,0,42.91,96.09
565,1781607970.506,2026-06-16 18:06:10,0,57.83,116.18
566,1781576847.931,2026-06-16 09:27:27,0,42.33,101.25
566,1781607971.005,2026-06-16 18:06:11,0,55.74,116.17
567,1781576848.431,2026-06-16 09:27:28,0,50.52,101.93
567,1781607971.505,2026-06-16 18:06:11,0,50.83,108.24
568,1781576848.931,2026-06-16 09:27:28,0,47.74,104.58
568,1781607972.006,2026-06-16 18:06:12,0,48.57,219.11
569,1781576849.431,2026-06-16 09:27:29,0,45.8,100.6
569,1781607972.506,2026-06-16 18:06:12,0,44.83,101.17
570,1781576849.932,2026-06-16 09:27:29,0,47.69,102.8
570,1781607973.007,2026-06-16 18:06:13,0,49.79,106.57
571,1781576850.432,2026-06-16 09:27:30,0,45.92,98.82
571,1781607973.507,2026-06-16 18:06:13,0,51.46,105.69
572,1781576850.932,2026-06-16 09:27:30,0,50.77,107.48
572,1781607974.007,2026-06-16 18:06:14,0,40.77,105.29
573,1781576851.433,2026-06-16 09:27:31,0,46.98,103.37
573,1781607974.507,2026-06-16 18:06:14,0,50.54,112.17
574,1781576851.933,2026-06-16 09:27:31,0,51.44,104.77
574,1781607975.007,2026-06-16 18:06:15,0,47.61,102.63
575,1781576852.433,2026-06-16 09:27:32,0,44.46,104.59
575,1781607975.508,2026-06-16 18:06:15,0,43.96,99.71
576,1781576852.934,2026-06-16 09:27:32,0,49.29,105.54
576,1781607976.01,2026-06-16 18:06:16,0,112.22,178.89
577,1781576853.434,2026-06-16 09:27:33,0,47.91,105.05
577,1781607976.509,2026-06-16 18:06:16,0,71.82,136.67
578,1781576853.935,2026-06-16 09:27:33,0,48.78,106.61
578,1781607977.009,2026-06-16 18:06:17,0,51.47,111.65
579,1781576854.435,2026-06-16 09:27:34,0,45.91,100.84
579,1781607977.51,2026-06-16 18:06:17,0,48.49,105.98
580,1781576854.936,2026-06-16 09:27:34,0,52.83,105.05
580,1781607978.01,2026-06-16 18:06:18,0,42.54,97.03
581,1781576855.436,2026-06-16 09:27:35,0,47.99,101.79
581,1781607978.51,2026-06-16 18:06:18,0,50.33,106.15
582,1781576855.937,2026-06-16 09:27:35,0,51.74,110.86
582,1781607979.01,2026-06-16 18:06:19,0,43.81,101.86
583,1781576856.437,2026-06-16 09:27:36,0,46.62,102.23
583,1781607979.512,2026-06-16 18:06:19,0,44.72,99.24
584,1781607980.011,2026-06-16 18:06:20,0,56.68,113.15
584,1781576856.938,2026-06-16 09:27:36,0,50.45,103.6
585,1781576857.438,2026-06-16 09:27:37,0,44.68,99.44
585,1781607980.511,2026-06-16 18:06:20,0,48.63,101.88
586,1781607981.012,2026-06-16 18:06:21,0,46.05,203.0
586,1781576857.938,2026-06-16 09:27:37,0,53.01,114.74
587,1781607981.513,2026-06-16 18:06:21,0,51.59,108.38
587,1781576858.439,2026-06-16 09:27:38,0,45.75,98.79
588,1781607982.012,2026-06-16 18:06:22,0,39.7,95.16
588,1781576858.939,2026-06-16 09:27:38,0,46.69,100.83
589,1781576859.439,2026-06-16 09:27:39,0,45.06,97.24
589,1781607982.514,2026-06-16 18:06:22,0,49.42,105.31
590,1781607983.013,2026-06-16 18:06:23,0,45.8,100.45
590,1781576859.939,2026-06-16 09:27:39,0,44.49,97.59
591,1781576860.44,2026-06-16 09:27:40,0,45.79,100.27
591,1781607983.514,2026-06-16 18:06:23,0,46.1,101.67
592,1781576860.94,2026-06-16 09:27:40,0,49.1,106.77
592,1781607984.014,2026-06-16 18:06:24,0,50.66,110.75
593,1781576861.44,2026-06-16 09:27:41,0,47.99,215.05
593,1781607984.514,2026-06-16 18:06:24,0,42.69,100.32
594,1781576861.941,2026-06-16 09:27:41,0,48.62,103.23
594,1781607985.014,2026-06-16 18:06:25,0,42.71,102.23
595,1781607985.514,2026-06-16 18:06:25,0,46.85,104.21
595,1781576862.441,2026-06-16 09:27:42,0,45.54,209.83
596,1781576862.942,2026-06-16 09:27:42,0,52.79,108.6
596,1781607986.014,2026-06-16 18:06:26,0,41.22,96.65
597,1781576863.449,2026-06-16 09:27:43,0,53.86,109.5
597,1781607986.523,2026-06-16 18:06:26,0,43.27,96.18
598,1781576863.945,2026-06-16 09:27:43,0,158.02,223.75
598,1781607987.016,2026-06-16 18:06:27,0,41.57,98.41
599,1781576864.447,2026-06-16 09:27:44,0,93.08,158.77
599,1781607987.516,2026-06-16 18:06:27,0,36.83,90.56
600,1781576864.946,2026-06-16 09:27:44,0,86.58,156.44
600,1781607988.016,2026-06-16 18:06:28,0,47.03,103.37
601,1781576865.444,2026-06-16 09:27:45,0,58.24,119.15
601,1781607988.517,2026-06-16 18:06:28,0,41.94,97.74
602,1781576865.944,2026-06-16 09:27:45,0,57.77,117.09
602,1781607989.016,2026-06-16 18:06:29,0,52.58,107.34
603,1781576866.444,2026-06-16 09:27:46,0,61.65,116.42
603,1781607989.517,2026-06-16 18:06:29,0,50.54,106.18
604,1781576866.945,2026-06-16 09:27:46,0,53.27,206.41
604,1781607990.017,2026-06-16 18:06:30,0,51.26,108.55
605,1781576867.446,2026-06-16 09:27:47,0,56.95,111.98
605,1781607990.518,2026-06-16 18:06:30,0,48.58,102.49
606,1781576867.946,2026-06-16 09:27:47,0,52.37,105.98
606,1781607991.018,2026-06-16 18:06:31,0,47.73,103.4
607,1781576868.446,2026-06-16 09:27:48,0,61.44,117.66
607,1781607991.518,2026-06-16 18:06:31,0,47.37,101.37
608,1781607992.018,2026-06-16 18:06:32,0,40.01,95.42
608,1781576868.946,2026-06-16 09:27:48,0,56.64,111.68
609,1781607992.519,2026-06-16 18:06:32,0,45.65,101.76
609,1781576869.447,2026-06-16 09:27:49,0,51.38,104.77
610,1781607993.019,2026-06-16 18:06:33,0,44.64,101.95
610,1781576869.948,2026-06-16 09:27:49,0,55.41,112.21
611,1781607993.52,2026-06-16 18:06:33,0,45.17,99.0
611,1781576870.447,2026-06-16 09:27:50,0,59.97,112.62
612,1781607994.02,2026-06-16 18:06:34,0,47.97,104.44
612,1781576870.948,2026-06-16 09:27:50,0,66.59,131.51
613,1781607994.52,2026-06-16 18:06:34,1,40.87,98.51
613,1781576871.448,2026-06-16 09:27:51,1,59.35,120.34
614,1781607995.02,2026-06-16 18:06:35,0,42.76,99.35
614,1781576871.948,2026-06-16 09:27:51,0,73.09,134.28
615,1781607995.521,2026-06-16 18:06:35,1,50.39,209.93
615,1781576872.449,2026-06-16 09:27:52,1,72.27,136.61
616,1781607996.02,2026-06-16 18:06:36,1,47.42,102.46
616,1781576872.948,2026-06-16 09:27:52,1,66.04,125.29
617,1781607996.521,2026-06-16 18:06:36,1,46.32,101.14
617,1781576873.448,2026-06-16 09:27:53,1,72.88,132.5
618,1781576873.949,2026-06-16 09:27:53,1,70.16,132.21
618,1781607997.021,2026-06-16 18:06:37,1,47.81,104.69
619,1781576874.449,2026-06-16 09:27:54,1,69.41,130.1
619,1781607997.521,2026-06-16 18:06:37,1,46.26,105.56
620,1781576874.951,2026-06-16 09:27:54,1,70.02,129.49
620,1781607998.022,2026-06-16 18:06:38,1,42.59,97.57
621,1781576875.45,2026-06-16 09:27:55,1,63.32,122.1
621,1781607998.523,2026-06-16 18:06:38,1,41.88,98.85
622,1781576875.95,2026-06-16 09:27:55,1,53.9,111.81
622,1781607999.023,2026-06-16 18:06:39,1,44.66,99.23
623,1781607999.524,2026-06-16 18:06:39,1,47.0,102.0
623,1781576876.451,2026-06-16 09:27:56,1,48.31,100.8
624,1781576876.951,2026-06-16 09:27:56,1,47.37,103.86
624,1781608000.024,2026-06-16 18:06:40,1,48.52,105.03
625,1781576877.451,2026-06-16 09:27:57,1,54.48,111.16
625,1781608000.524,2026-06-16 18:06:40,1,41.48,94.88
626,1781576877.952,2026-06-16 09:27:57,1,57.22,111.07
626,1781608001.024,2026-06-16 18:06:41,1,41.91,97.1
627,1781576878.452,2026-06-16 09:27:58,1,52.48,107.27
627,1781608001.525,2026-06-16 18:06:41,1,44.09,100.74
628,1781576878.952,2026-06-16 09:27:58,1,44.37,104.53
628,1781608002.024,2026-06-16 18:06:42,1,44.98,100.57
629,1781576879.452,2026-06-16 09:27:59,1,49.25,106.89
629,1781608002.524,2026-06-16 18:06:42,1,47.65,104.56
630,1781608003.024,2026-06-16 18:06:43,1,45.88,104.12
630,1781576879.952,2026-06-16 09:27:59,1,57.03,116.16
631,1781608003.525,2026-06-16 18:06:43,1,44.86,104.76
631,1781576880.452,2026-06-16 09:28:00,1,57.2,110.11
632,1781608004.026,2026-06-16 18:06:44,1,40.28,96.23
632,1781576880.952,2026-06-16 09:28:00,1,49.72,104.78
633,1781608004.525,2026-06-16 18:06:44,1,40.94,94.82
633,1781576881.453,2026-06-16 09:28:01,1,49.44,105.9
634,1781608005.026,2026-06-16 18:06:45,1,42.72,98.48
634,1781576881.953,2026-06-16 09:28:01,1,52.21,104.84
635,1781608005.527,2026-06-16 18:06:45,1,42.22,98.75
635,1781576882.454,2026-06-16 09:28:02,1,56.7,110.73
636,1781608006.027,2026-06-16 18:06:46,1,44.71,104.16
636,1781576882.954,2026-06-16 09:28:02,1,54.49,111.13
637,1781608006.527,2026-06-16 18:06:46,0,44.59,100.4
637,1781576883.454,2026-06-16 09:28:03,0,51.96,105.52
638,1781608007.028,2026-06-16 18:06:47,0,39.55,96.6
638,1781576883.955,2026-06-16 09:28:03,0,49.98,104.33
639,1781608007.528,2026-06-16 18:06:47,1,47.71,105.98
639,1781576884.455,2026-06-16 09:28:04,1,52.47,111.24
640,1781608008.027,2026-06-16 18:06:48,1,47.88,108.15
640,1781576884.956,2026-06-16 09:28:04,1,54.13,111.82
641,1781576885.456,2026-06-16 09:28:05,1,51.48,109.45
641,1781608008.528,2026-06-16 18:06:48,1,48.55,105.27
642,1781576885.956,2026-06-16 09:28:05,1,53.22,108.9
642,1781608009.029,2026-06-16 18:06:49,1,45.12,99.33
643,1781608009.529,2026-06-16 18:06:49,1,53.21,108.56
643,1781576886.457,2026-06-16 09:28:06,1,59.44,112.06
644,1781576886.957,2026-06-16 09:28:06,1,51.37,107.41
644,1781608010.029,2026-06-16 18:06:50,1,47.45,104.18
645,1781608010.53,2026-06-16 18:06:50,1,51.8,109.62
645,1781576887.457,2026-06-16 09:28:07,1,51.49,103.98
646,1781608011.03,2026-06-16 18:06:51,1,47.95,105.23
646,1781576887.958,2026-06-16 09:28:07,1,47.9,102.05
647,1781576888.459,2026-06-16 09:28:08,1,51.77,106.94
647,1781608011.531,2026-06-16 18:06:51,1,50.77,102.64
648,1781608012.03,2026-06-16 18:06:52,1,41.86,95.12
648,1781576888.959,2026-06-16 09:28:08,1,54.98,108.79
649,1781576889.459,2026-06-16 09:28:09,1,50.95,106.37
649,1781608012.531,2026-06-16 18:06:52,1,45.3,96.8
650,1781576889.959,2026-06-16 09:28:09,1,53.8,111.37
650,1781608013.03,2026-06-16 18:06:53,1,47.42,103.82
651,1781576890.46,2026-06-16 09:28:10,1,52.05,219.76
651,1781608013.532,2026-06-16 18:06:53,1,47.38,102.64
652,1781576890.96,2026-06-16 09:28:10,1,50.9,111.62
652,1781608014.031,2026-06-16 18:06:54,1,52.06,107.77
653,1781576891.46,2026-06-16 09:28:11,1,57.63,118.23
653,1781608014.533,2026-06-16 18:06:54,1,52.76,104.62
654,1781576891.961,2026-06-16 09:28:11,1,50.28,110.01
654,1781608015.033,2026-06-16 18:06:55,1,49.28,200.26
655,1781576892.461,2026-06-16 09:28:12,1,63.61,120.97
655,1781608015.533,2026-06-16 18:06:55,1,48.65,98.56
656,1781608016.034,2026-06-16 18:06:56,1,41.51,99.89
656,1781576892.961,2026-06-16 09:28:12,1,47.26,102.98
657,1781576893.462,2026-06-16 09:28:13,1,52.06,105.16
657,1781608016.534,2026-06-16 18:06:56,1,47.43,103.3
658,1781576893.962,2026-06-16 09:28:13,1,55.44,111.76
658,1781608017.034,2026-06-16 18:06:57,1,49.6,106.81
659,1781576894.463,2026-06-16 09:28:14,1,54.12,111.27
659,1781608017.534,2026-06-16 18:06:57,1,50.04,104.7
660,1781576894.963,2026-06-16 09:28:14,1,47.7,105.62
660,1781608018.035,2026-06-16 18:06:58,1,39.72,95.44
661,1781576895.463,2026-06-16 09:28:15,1,54.86,109.52
661,1781608018.534,2026-06-16 18:06:58,1,44.92,99.49
662,1781576895.964,2026-06-16 09:28:15,0,47.76,104.81
662,1781608019.035,2026-06-16 18:06:59,0,50.23,104.99
663,1781576896.464,2026-06-16 09:28:16,1,52.6,104.45
663,1781608019.535,2026-06-16 18:06:59,1,46.18,102.82
664,1781608020.034,2026-06-16 18:07:00,1,53.05,111.83
664,1781576896.964,2026-06-16 09:28:16,1,50.52,105.34
665,1781576897.464,2026-06-16 09:28:17,1,53.45,111.37
665,1781608020.535,2026-06-16 18:07:00,1,49.35,105.42
666,1781608021.035,2026-06-16 18:07:01,1,55.14,109.0
666,1781576897.964,2026-06-16 09:28:17,1,49.76,102.34
667,1781608021.536,2026-06-16 18:07:01,1,45.75,100.64
667,1781576898.465,2026-06-16 09:28:18,1,53.03,107.9
668,1781608022.035,2026-06-16 18:07:02,1,48.04,104.83
668,1781576898.965,2026-06-16 09:28:18,1,50.74,105.62
669,1781576899.466,2026-06-16 09:28:19,1,49.27,105.74
669,1781608022.537,2026-06-16 18:07:02,1,54.72,107.19
670,1781608023.037,2026-06-16 18:07:03,1,46.76,101.57
670,1781576899.967,2026-06-16 09:28:19,1,47.85,107.22
671,1781576900.467,2026-06-16 09:28:20,0,43.57,98.33
671,1781608023.537,2026-06-16 18:07:03,0,45.71,102.28
672,1781608024.037,2026-06-16 18:07:04,0,44.78,102.8
672,1781576900.967,2026-06-16 09:28:20,0,46.72,99.96
673,1781608024.538,2026-06-16 18:07:04,0,44.0,98.99
673,1781576901.467,2026-06-16 09:28:21,0,56.07,107.77
674,1781576901.968,2026-06-16 09:28:21,0,51.7,106.15
674,1781608025.037,2026-06-16 18:07:05,0,46.63,109.22
675,1781608025.539,2026-06-16 18:07:05,0,49.54,107.83
675,1781576902.468,2026-06-16 09:28:22,0,52.13,105.82
676,1781608026.038,2026-06-16 18:07:06,0,50.97,111.94
676,1781576902.969,2026-06-16 09:28:22,0,55.01,111.98
677,1781608026.539,2026-06-16 18:07:06,0,42.7,103.6
677,1781576903.469,2026-06-16 09:28:23,0,50.15,104.85
678,1781576903.969,2026-06-16 09:28:23,0,54.72,112.06
678,1781608027.039,2026-06-16 18:07:07,0,48.44,102.53
679,1781576904.47,2026-06-16 09:28:24,0,50.08,105.78
679,1781608027.539,2026-06-16 18:07:07,0,46.78,103.2
680,1781576904.97,2026-06-16 09:28:24,0,56.19,114.31
680,1781608028.039,2026-06-16 18:07:08,0,48.92,106.35
681,1781576905.47,2026-06-16 09:28:25,0,55.2,112.42
681,1781608028.54,2026-06-16 18:07:08,0,47.83,107.28
682,1781576905.971,2026-06-16 09:28:25,0,67.87,127.62
682,1781608029.04,2026-06-16 18:07:09,0,45.87,101.97
683,1781576906.471,2026-06-16 09:28:26,0,56.6,114.99
683,1781608029.54,2026-06-16 18:07:09,0,44.6,204.79
684,1781576906.971,2026-06-16 09:28:26,0,53.02,107.85
684,1781608030.04,2026-06-16 18:07:10,0,50.6,105.49
685,1781576907.472,2026-06-16 09:28:27,0,47.55,109.33
685,1781608030.54,2026-06-16 18:07:10,0,45.5,102.26
686,1781576907.972,2026-06-16 09:28:27,0,56.2,113.4
686,1781608031.042,2026-06-16 18:07:11,0,49.21,107.35
687,1781608031.542,2026-06-16 18:07:11,0,44.67,98.97
687,1781576908.472,2026-06-16 09:28:28,0,52.91,112.44
688,1781608032.041,2026-06-16 18:07:12,0,41.27,98.74
688,1781576908.972,2026-06-16 09:28:28,0,54.94,111.5
689,1781608032.542,2026-06-16 18:07:12,0,50.88,104.39
689,1781576909.473,2026-06-16 09:28:29,0,53.67,109.13
690,1781608033.042,2026-06-16 18:07:13,0,43.52,98.19
690,1781576909.974,2026-06-16 09:28:29,0,55.04,112.41
691,1781576910.474,2026-06-16 09:28:30,0,47.66,105.98
691,1781608033.542,2026-06-16 18:07:13,0,48.4,105.26
692,1781576910.974,2026-06-16 09:28:30,0,56.79,116.3
692,1781608034.044,2026-06-16 18:07:14,0,43.21,100.07
693,1781608034.543,2026-06-16 18:07:14,0,44.24,100.0
693,1781576911.475,2026-06-16 09:28:31,0,48.19,106.97
694,1781608035.044,2026-06-16 18:07:15,0,45.05,102.33
694,1781576911.975,2026-06-16 09:28:31,0,54.64,110.02
695,1781608035.544,2026-06-16 18:07:15,0,50.37,108.22
695,1781576912.475,2026-06-16 09:28:32,0,50.76,112.06
696,1781608036.045,2026-06-16 18:07:16,0,43.79,98.71
696,1781576912.975,2026-06-16 09:28:32,0,54.9,115.12
697,1781608036.545,2026-06-16 18:07:16,0,50.91,107.7
697,1781576913.476,2026-06-16 09:28:33,0,50.78,106.7
698,1781608037.045,2026-06-16 18:07:17,0,41.96,95.95
698,1781576913.977,2026-06-16 09:28:33,0,61.36,119.88
699,1781608037.545,2026-06-16 18:07:17,0,49.76,105.42
699,1781576914.476,2026-06-16 09:28:34,0,61.8,122.09
700,1781608038.045,2026-06-16 18:07:18,0,46.97,99.99
700,1781576914.977,2026-06-16 09:28:34,0,70.95,131.77
701,1781608038.545,2026-06-16 18:07:18,0,46.04,100.2
701,1781576915.477,2026-06-16 09:28:35,0,69.93,133.21
702,1781608039.045,2026-06-16 18:07:19,0,46.86,103.3
702,1781576915.978,2026-06-16 09:28:35,0,67.23,127.24
703,1781576916.478,2026-06-16 09:28:36,0,67.16,129.86
703,1781608039.545,2026-06-16 18:07:19,0,47.63,106.82
704,1781608040.046,2026-06-16 18:07:20,0,45.2,100.12
704,1781576916.978,2026-06-16 09:28:36,0,66.77,130.76
705,1781608040.546,2026-06-16 18:07:20,0,48.87,105.68
705,1781576917.478,2026-06-16 09:28:37,0,71.5,133.78
706,1781608041.047,2026-06-16 18:07:21,0,47.98,110.07
706,1781576917.978,2026-06-16 09:28:37,0,51.91,109.91
707,1781608041.547,2026-06-16 18:07:21,0,51.84,106.5
707,1781576918.478,2026-06-16 09:28:38,0,49.16,103.28
708,1781608042.046,2026-06-16 18:07:22,0,42.48,95.82
708,1781576918.979,2026-06-16 09:28:38,0,46.67,101.66
709,1781608042.548,2026-06-16 18:07:22,0,49.8,103.15
709,1781576919.479,2026-06-16 09:28:39,0,47.5,100.67
710,1781608043.047,2026-06-16 18:07:23,0,46.21,102.84
710,1781576919.98,2026-06-16 09:28:39,0,47.37,100.24
711,1781608043.549,2026-06-16 18:07:23,0,48.66,106.05
711,1781576920.48,2026-06-16 09:28:40,0,48.63,109.4
712,1781608044.048,2026-06-16 18:07:24,0,44.29,102.8
712,1781576920.981,2026-06-16 09:28:40,0,50.28,107.64
713,1781576921.481,2026-06-16 09:28:41,0,53.05,216.09
713,1781608044.549,2026-06-16 18:07:24,0,46.41,106.84
714,1781576921.981,2026-06-16 09:28:41,0,50.28,104.89
714,1781608045.049,2026-06-16 18:07:25,0,44.55,102.46
715,1781576922.482,2026-06-16 09:28:42,0,48.16,106.2
715,1781608045.549,2026-06-16 18:07:25,0,47.55,102.18
716,1781576922.982,2026-06-16 09:28:42,0,53.56,108.98
716,1781608046.048,2026-06-16 18:07:26,0,53.6,114.94
717,1781608046.549,2026-06-16 18:07:26,0,49.08,107.8
717,1781576923.483,2026-06-16 09:28:43,0,46.21,102.45
718,1781576923.983,2026-06-16 09:28:43,0,47.64,103.81
718,1781608047.049,2026-06-16 18:07:27,0,46.33,107.43
719,1781576924.484,2026-06-16 09:28:44,0,43.78,99.69
719,1781608047.549,2026-06-16 18:07:27,0,45.45,102.72
720,1781608048.05,2026-06-16 18:07:28,0,47.75,102.14
720,1781576924.983,2026-06-16 09:28:44,0,49.52,105.5
721,1781608048.55,2026-06-16 18:07:28,0,44.98,100.77
721,1781576925.484,2026-06-16 09:28:45,0,48.0,101.66
722,1781608049.05,2026-06-16 18:07:29,0,46.6,104.5
722,1781576925.984,2026-06-16 09:28:45,0,53.82,112.66
723,1781608049.551,2026-06-16 18:07:29,0,47.92,102.06
723,1781576926.485,2026-06-16 09:28:46,0,49.27,103.38
724,1781608050.051,2026-06-16 18:07:30,0,41.92,97.42
724,1781576926.985,2026-06-16 09:28:46,0,51.24,106.23
725,1781608050.551,2026-06-16 18:07:30,0,44.01,97.48
725,1781576927.486,2026-06-16 09:28:47,0,46.38,100.88
726,1781608051.051,2026-06-16 18:07:31,0,45.68,100.89
726,1781576927.985,2026-06-16 09:28:47,0,47.86,103.95
727,1781608051.551,2026-06-16 18:07:31,0,46.38,104.14
727,1781576928.487,2026-06-16 09:28:48,0,50.9,107.23
728,1781608052.051,2026-06-16 18:07:32,0,40.53,94.86
728,1781576928.987,2026-06-16 09:28:48,0,51.76,106.23
729,1781576929.486,2026-06-16 09:28:49,0,42.46,98.36
729,1781608052.551,2026-06-16 18:07:32,0,50.63,106.61
730,1781576929.987,2026-06-16 09:28:49,0,52.82,104.66
730,1781608053.052,2026-06-16 18:07:33,0,50.36,107.13
731,1781608053.553,2026-06-16 18:07:33,0,47.21,101.34
731,1781576930.487,2026-06-16 09:28:50,0,49.43,102.48
732,1781576930.987,2026-06-16 09:28:50,0,47.37,102.4
732,1781608054.053,2026-06-16 18:07:34,0,43.08,98.8
733,1781608054.553,2026-06-16 18:07:34,0,42.81,100.23
733,1781576931.488,2026-06-16 09:28:51,0,57.33,114.1
734,1781608055.054,2026-06-16 18:07:35,0,42.89,96.83
734,1781576931.989,2026-06-16 09:28:51,0,55.2,112.31
735,1781608055.553,2026-06-16 18:07:35,0,47.39,103.53
735,1781576932.49,2026-06-16 09:28:52,0,56.28,115.69
736,1781576932.989,2026-06-16 09:28:52,0,51.88,108.22
736,1781608056.055,2026-06-16 18:07:36,0,42.32,98.39
737,1781608056.555,2026-06-16 18:07:36,0,46.04,99.9
737,1781576933.49,2026-06-16 09:28:53,0,49.42,106.54
738,1781608057.056,2026-06-16 18:07:37,0,39.77,94.33
738,1781576933.99,2026-06-16 09:28:53,0,54.27,112.86
739,1781608057.556,2026-06-16 18:07:37,0,44.52,101.36
739,1781576934.491,2026-06-16 09:28:54,0,52.87,111.61
740,1781608058.057,2026-06-16 18:07:38,0,47.39,109.02
740,1781576934.991,2026-06-16 09:28:54,0,54.02,114.03
741,1781608058.556,2026-06-16 18:07:38,0,46.42,102.15
741,1781576935.491,2026-06-16 09:28:55,0,57.08,117.52
742,1781608059.057,2026-06-16 18:07:39,0,44.17,100.65
742,1781576935.992,2026-06-16 09:28:55,0,52.94,111.33
743,1781576936.492,2026-06-16 09:28:56,0,54.61,224.59
743,1781608059.557,2026-06-16 18:07:39,0,48.33,102.21
744,1781608060.058,2026-06-16 18:07:40,0,42.57,97.1
744,1781576936.992,2026-06-16 09:28:56,0,54.34,113.31
745,1781608060.557,2026-06-16 18:07:40,0,46.28,105.91
745,1781576937.492,2026-06-16 09:28:57,0,51.84,108.42
746,1781608061.059,2026-06-16 18:07:41,0,53.71,106.86
746,1781576937.993,2026-06-16 09:28:57,0,51.29,109.23
747,1781576938.493,2026-06-16 09:28:58,0,53.36,109.24
747,1781608061.558,2026-06-16 18:07:41,0,42.0,98.67
748,1781576938.993,2026-06-16 09:28:58,0,51.41,108.23
748,1781608062.058,2026-06-16 18:07:42,0,47.1,100.67
749,1781576939.494,2026-06-16 09:28:59,0,52.65,107.15
749,1781608062.558,2026-06-16 18:07:42,0,45.98,100.65
750,1781608063.058,2026-06-16 18:07:43,0,49.92,106.75
750,1781576939.994,2026-06-16 09:28:59,0,59.48,119.27
751,1781608063.559,2026-06-16 18:07:43,0,46.96,104.19
751,1781576940.495,2026-06-16 09:29:00,0,63.73,129.25
752,1781576940.995,2026-06-16 09:29:00,0,66.52,131.85
752,1781608064.059,2026-06-16 18:07:44,0,44.27,99.72
753,1781576941.496,2026-06-16 09:29:01,0,75.09,135.26
753,1781608064.559,2026-06-16 18:07:44,0,42.63,99.97
754,1781576941.996,2026-06-16 09:29:01,0,61.24,117.65
754,1781608065.06,2026-06-16 18:07:45,0,46.64,104.64
755,1781576942.496,2026-06-16 09:29:02,0,75.05,134.18
755,1781608065.56,2026-06-16 18:07:45,0,44.36,100.14
756,1781576942.998,2026-06-16 09:29:02,0,76.52,136.9
756,1781608066.06,2026-06-16 18:07:46,0,47.58,108.55
757,1781576943.498,2026-06-16 09:29:03,0,76.7,138.17
757,1781608066.56,2026-06-16 18:07:46,0,51.94,110.66
758,1781608067.061,2026-06-16 18:07:47,0,48.05,107.6
758,1781576943.998,2026-06-16 09:29:03,0,84.11,142.73
759,1781608067.561,2026-06-16 18:07:47,0,46.81,104.47
759,1781576944.498,2026-06-16 09:29:04,0,85.27,149.52
760,1781608068.062,2026-06-16 18:07:48,0,44.37,98.18
760,1781576944.998,2026-06-16 09:29:04,0,56.15,113.41
761,1781608068.562,2026-06-16 18:07:48,0,49.36,105.44
761,1781576945.498,2026-06-16 09:29:05,0,49.33,104.14
762,1781608069.063,2026-06-16 18:07:49,0,42.41,98.35
762,1781576945.998,2026-06-16 09:29:05,0,50.79,109.13
763,1781576946.499,2026-06-16 09:29:06,0,50.26,103.8
763,1781608069.562,2026-06-16 18:07:49,0,43.65,97.83
764,1781608070.064,2026-06-16 18:07:50,0,46.05,101.02
764,1781576946.999,2026-06-16 09:29:06,0,55.61,114.64
765,1781608070.563,2026-06-16 18:07:50,0,46.41,103.37
765,1781576947.499,2026-06-16 09:29:07,0,48.43,102.08
766,1781576947.999,2026-06-16 09:29:07,0,50.45,105.49
766,1781608071.064,2026-06-16 18:07:51,0,46.75,100.72
767,1781608071.564,2026-06-16 18:07:51,0,55.15,110.52
767,1781576948.499,2026-06-16 09:29:08,0,53.04,105.63
768,1781576949.0,2026-06-16 09:29:08,0,48.33,102.59
768,1781608072.064,2026-06-16 18:07:52,0,45.62,205.34
769,1781608072.565,2026-06-16 18:07:52,0,46.05,99.98
769,1781576949.5,2026-06-16 09:29:09,0,56.19,108.16
770,1781608073.065,2026-06-16 18:07:53,0,47.86,103.47
770,1781576950.0,2026-06-16 09:29:10,0,51.26,104.56
771,1781608073.565,2026-06-16 18:07:53,0,48.52,101.68
771,1781576950.5,2026-06-16 09:29:10,0,52.64,107.34
772,1781608074.066,2026-06-16 18:07:54,0,45.84,99.71
772,1781576951.001,2026-06-16 09:29:11,0,52.66,105.89
773,1781608074.566,2026-06-16 18:07:54,0,46.56,106.17
773,1781576951.501,2026-06-16 09:29:11,0,54.89,108.34
774,1781608075.067,2026-06-16 18:07:55,0,40.37,96.76
774,1781576952.001,2026-06-16 09:29:12,0,46.02,103.73
775,1781608075.567,2026-06-16 18:07:55,1,45.29,99.84
775,1781576952.501,2026-06-16 09:29:12,1,49.02,109.34
776,1781608076.067,2026-06-16 18:07:56,1,49.51,102.39
776,1781576953.002,2026-06-16 09:29:13,1,50.9,106.24
777,1781608076.567,2026-06-16 18:07:56,1,44.66,93.63
777,1781576953.503,2026-06-16 09:29:13,1,51.32,105.64
778,1781608077.068,2026-06-16 18:07:57,2,43.21,97.35
778,1781576954.003,2026-06-16 09:29:14,2,49.37,102.56
779,1781608077.567,2026-06-16 18:07:57,2,49.0,101.95
779,1781576954.503,2026-06-16 09:29:14,2,54.25,110.98
780,1781608078.068,2026-06-16 18:07:58,2,46.28,100.37
780,1781576955.003,2026-06-16 09:29:15,2,50.94,105.96
781,1781608078.568,2026-06-16 18:07:58,2,42.28,98.56
781,1781576955.503,2026-06-16 09:29:15,2,53.94,109.89
782,1781576956.004,2026-06-16 09:29:16,2,52.11,105.91
782,1781608079.069,2026-06-16 18:07:59,2,46.18,102.87
783,1781576956.504,2026-06-16 09:29:16,2,51.84,104.38
783,1781608079.568,2026-06-16 18:07:59,2,46.81,102.19
784,1781576957.004,2026-06-16 09:29:17,2,57.48,113.1
784,1781608080.068,2026-06-16 18:08:00,2,46.47,103.49
785,1781576957.505,2026-06-16 09:29:17,2,50.53,108.14
785,1781608080.569,2026-06-16 18:08:00,2,44.54,215.49
786,1781576958.005,2026-06-16 09:29:18,2,55.24,108.63
786,1781608081.07,2026-06-16 18:08:01,2,48.59,108.18
787,1781576958.505,2026-06-16 09:29:18,2,52.74,105.47
787,1781608081.569,2026-06-16 18:08:01,2,47.88,104.6
788,1781608082.07,2026-06-16 18:08:02,2,42.42,96.22
788,1781576959.006,2026-06-16 09:29:19,2,52.9,112.24
789,1781608082.57,2026-06-16 18:08:02,2,45.81,101.26
789,1781576959.507,2026-06-16 09:29:19,2,53.34,106.71
790,1781576960.007,2026-06-16 09:29:20,2,52.91,105.14
790,1781608083.071,2026-06-16 18:08:03,2,48.32,104.64
791,1781576960.507,2026-06-16 09:29:20,2,56.36,107.68
791,1781608083.571,2026-06-16 18:08:03,2,44.23,98.37
792,1781576961.008,2026-06-16 09:29:21,2,50.96,105.67
792,1781608084.073,2026-06-16 18:08:04,2,42.48,100.19
793,1781576961.508,2026-06-16 09:29:21,2,53.21,107.51
793,1781608084.572,2026-06-16 18:08:04,2,54.54,213.44
794,1781576962.008,2026-06-16 09:29:22,2,48.9,101.89
794,1781608085.073,2026-06-16 18:08:05,2,43.42,100.76
795,1781576962.508,2026-06-16 09:29:22,2,50.19,101.61
795,1781608085.573,2026-06-16 18:08:05,2,48.84,107.85
796,1781576963.009,2026-06-16 09:29:23,2,50.19,104.86
796,1781608086.073,2026-06-16 18:08:06,2,46.57,103.14
797,1781576963.509,2026-06-16 09:29:23,2,57.42,110.45
797,1781608086.573,2026-06-16 18:08:06,2,42.67,96.21
798,1781576964.01,2026-06-16 09:29:24,2,56.01,107.32
798,1781608087.074,2026-06-16 18:08:07,2,43.44,102.23
799,1781608087.574,2026-06-16 18:08:07,2,53.35,110.43
799,1781576964.51,2026-06-16 09:29:24,2,53.4,108.39
800,1781576965.011,2026-06-16 09:29:25,2,49.79,103.59
800,1781608088.075,2026-06-16 18:08:08,2,52.41,109.5
801,1781576965.511,2026-06-16 09:29:25,2,53.92,106.52
801,1781608088.575,2026-06-16 18:08:08,2,48.3,103.45
802,1781576966.011,2026-06-16 09:29:26,2,46.78,98.23
802,1781608089.076,2026-06-16 18:08:09,2,44.5,99.93
803,1781576966.512,2026-06-16 09:29:26,2,54.06,108.38
803,1781608089.574,2026-06-16 18:08:09,2,49.07,104.23
804,1781576967.012,2026-06-16 09:29:27,2,49.57,102.53
804,1781608090.076,2026-06-16 18:08:10,2,49.74,104.22
805,1781576967.513,2026-06-16 09:29:27,2,47.5,103.66
805,1781608090.575,2026-06-16 18:08:10,2,64.56,119.1
806,1781576968.013,2026-06-16 09:29:28,2,51.01,106.11
806,1781608091.076,2026-06-16 18:08:11,2,42.97,97.06
807,1781576968.513,2026-06-16 09:29:28,2,50.78,104.78
807,1781608091.576,2026-06-16 18:08:11,2,44.15,99.94
808,1781608092.076,2026-06-16 18:08:12,2,51.56,110.22
808,1781576969.014,2026-06-16 09:29:29,2,47.43,104.29
809,1781576969.514,2026-06-16 09:29:29,2,51.0,106.85
809,1781608092.577,2026-06-16 18:08:12,2,46.73,101.48
810,1781608093.077,2026-06-16 18:08:13,2,50.67,107.7
810,1781576970.015,2026-06-16 09:29:30,2,51.09,104.7
811,1781608093.577,2026-06-16 18:08:13,2,47.41,105.32
811,1781576970.515,2026-06-16 09:29:30,2,55.21,114.77
812,1781608094.078,2026-06-16 18:08:14,2,44.82,103.3
812,1781576971.015,2026-06-16 09:29:31,2,53.98,106.78
813,1781608094.578,2026-06-16 18:08:14,2,41.44,97.97
813,1781576971.516,2026-06-16 09:29:31,2,52.53,107.67
814,1781608095.078,2026-06-16 18:08:15,2,45.4,103.78
814,1781576972.018,2026-06-16 09:29:32,2,71.76,132.08
815,1781608095.578,2026-06-16 18:08:15,2,45.36,100.94
815,1781576972.519,2026-06-16 09:29:32,2,79.85,151.42
816,1781576973.018,2026-06-16 09:29:33,2,75.31,136.07
816,1781608096.078,2026-06-16 18:08:16,2,49.38,111.04
817,1781608096.579,2026-06-16 18:08:16,2,50.54,104.38
817,1781576973.519,2026-06-16 09:29:33,2,69.02,131.06
818,1781608097.08,2026-06-16 18:08:17,2,42.53,97.51
818,1781576974.019,2026-06-16 09:29:34,2,71.77,135.26
819,1781608097.579,2026-06-16 18:08:17,2,43.27,96.44
819,1781576974.52,2026-06-16 09:29:34,2,68.44,128.37
820,1781608098.08,2026-06-16 18:08:18,2,48.22,105.73
820,1781576975.019,2026-06-16 09:29:35,2,73.12,132.22
821,1781576975.519,2026-06-16 09:29:35,2,65.02,126.33
821,1781608098.58,2026-06-16 18:08:18,2,48.27,107.88
822,1781576976.02,2026-06-16 09:29:36,3,74.07,132.6
822,1781608099.081,2026-06-16 18:08:19,3,48.57,105.59
823,1781576976.52,2026-06-16 09:29:36,3,94.45,156.14
823,1781608099.581,2026-06-16 18:08:19,3,52.07,106.08
824,1781576977.021,2026-06-16 09:29:37,2,72.66,140.53
825,1781576977.521,2026-06-16 09:29:37,2,70.3,134.83
826,1781576978.022,2026-06-16 09:29:38,2,77.99,142.15
827,1781576978.523,2026-06-16 09:29:38,2,77.83,141.9
828,1781576979.022,2026-06-16 09:29:39,2,71.69,129.84
829,1781576979.523,2026-06-16 09:29:39,2,66.77,126.11
830,1781576980.023,2026-06-16 09:29:40,3,75.97,133.13
831,1781576980.526,2026-06-16 09:29:40,2,149.9,230.41
832,1781576981.024,2026-06-16 09:29:41,1,110.99,173.37
833,1781576981.525,2026-06-16 09:29:41,1,114.7,192.51
834,1781576982.025,2026-06-16 09:29:42,1,120.38,190.76
835,1781576982.525,2026-06-16 09:29:42,1,67.99,127.57
836,1781576983.026,2026-06-16 09:29:43,2,72.8,133.79
837,1781576983.526,2026-06-16 09:29:43,0,72.78,132.64
838,1781576984.026,2026-06-16 09:29:44,0,63.18,129.45
839,1781576984.525,2026-06-16 09:29:44,0,71.54,128.38
840,1781576985.027,2026-06-16 09:29:45,0,73.59,134.5
841,1781576985.529,2026-06-16 09:29:45,0,66.14,118.97
842,1781576986.03,2026-06-16 09:29:46,1,62.27,117.02
843,1781576986.531,2026-06-16 09:29:46,1,64.78,121.63
844,1781576987.03,2026-06-16 09:29:47,1,64.62,121.57
845,1781576987.53,2026-06-16 09:29:47,1,80.5,137.52
846,1781576988.031,2026-06-16 09:29:48,1,69.36,126.2
847,1781576988.531,2026-06-16 09:29:48,0,63.03,127.8
848,1781576989.032,2026-06-16 09:29:49,0,66.73,126.37
849,1781576989.532,2026-06-16 09:29:49,0,164.54,228.89
850,1781576990.033,2026-06-16 09:29:50,0,103.93,172.49
851,1781576990.534,2026-06-16 09:29:50,0,123.15,189.93
852,1781576991.034,2026-06-16 09:29:51,0,93.45,163.43
853,1781576991.534,2026-06-16 09:29:51,0,91.7,160.44
854,1781576992.035,2026-06-16 09:29:52,0,79.39,145.06
855,1781576992.535,2026-06-16 09:29:52,0,144.28,206.28
856,1781576993.036,2026-06-16 09:29:53,0,102.24,171.66
857,1781576993.536,2026-06-16 09:29:53,0,83.97,148.1
858,1781576994.036,2026-06-16 09:29:54,0,83.22,147.73
859,1781576994.536,2026-06-16 09:29:54,0,147.64,214.26
860,1781576995.036,2026-06-16 09:29:55,0,82.33,145.2
861,1781576995.537,2026-06-16 09:29:55,0,98.66,162.96
862,1781576996.038,2026-06-16 09:29:56,0,89.7,162.41
863,1781576996.539,2026-06-16 09:29:56,0,91.88,163.11
864,1781576997.039,2026-06-16 09:29:57,0,90.41,162.29
865,1781576997.54,2026-06-16 09:29:57,0,105.91,172.88
866,1781576998.04,2026-06-16 09:29:58,0,77.68,143.73
867,1781576998.54,2026-06-16 09:29:58,0,72.04,137.86
868,1781576999.04,2026-06-16 09:29:59,0,60.81,118.92
869,1781576999.541,2026-06-16 09:29:59,0,55.59,112.21
870,1781577000.04,2026-06-16 09:30:00,0,96.32,153.68
871,1781577000.542,2026-06-16 09:30:00,0,200.35,275.58
872,1781577001.043,2026-06-16 09:30:01,0,136.33,218.25
873,1781577001.542,2026-06-16 09:30:01,0,92.36,161.15
874,1781577002.042,2026-06-16 09:30:02,0,69.35,131.84
875,1781577002.542,2026-06-16 09:30:02,0,58.84,117.05
876,1781577003.042,2026-06-16 09:30:03,0,57.34,113.27
877,1781577003.543,2026-06-16 09:30:03,0,62.91,124.24
878,1781577004.044,2026-06-16 09:30:04,0,64.05,122.07
879,1781577004.543,2026-06-16 09:30:04,0,54.73,115.08
880,1781577005.044,2026-06-16 09:30:05,0,61.31,115.36
881,1781577005.544,2026-06-16 09:30:05,0,60.05,118.94
882,1781577006.046,2026-06-16 09:30:06,0,82.1,148.41
883,1781577006.549,2026-06-16 09:30:06,0,81.91,150.0
884,1781577007.048,2026-06-16 09:30:07,0,84.21,151.02
885,1781577007.548,2026-06-16 09:30:07,0,78.29,146.64
886,1781577008.047,2026-06-16 09:30:08,0,72.88,139.52
887,1781577008.548,2026-06-16 09:30:08,0,68.13,126.85
888,1781577009.05,2026-06-16 09:30:09,0,68.29,131.92
889,1781577009.55,2026-06-16 09:30:09,0,75.37,139.42
890,1781577010.05,2026-06-16 09:30:10,0,72.88,134.72
891,1781577010.55,2026-06-16 09:30:10,0,72.17,133.14
892,1781577011.051,2026-06-16 09:30:11,0,114.76,181.37
893,1781577011.551,2026-06-16 09:30:11,0,86.21,150.25
894,1781577012.051,2026-06-16 09:30:12,0,75.34,140.47
895,1781577012.553,2026-06-16 09:30:12,0,87.05,154.1
896,1781577013.054,2026-06-16 09:30:13,0,86.95,151.14
897,1781577013.553,2026-06-16 09:30:13,0,84.57,152.08
898,1781577014.055,2026-06-16 09:30:14,0,83.28,147.57
899,1781577014.554,2026-06-16 09:30:14,0,77.93,145.1
900,1781577015.055,2026-06-16 09:30:15,0,72.33,138.78
901,1781577015.554,2026-06-16 09:30:15,0,70.12,131.98
902,1781577016.055,2026-06-16 09:30:16,0,77.56,141.15
903,1781577016.556,2026-06-16 09:30:16,0,78.88,148.4
904,1781577017.056,2026-06-16 09:30:17,0,85.54,148.13
905,1781577017.557,2026-06-16 09:30:17,0,73.59,134.12
906,1781577018.057,2026-06-16 09:30:18,0,71.91,134.46
907,1781577018.558,2026-06-16 09:30:18,0,72.32,135.84
908,1781577019.058,2026-06-16 09:30:19,0,71.13,134.04
909,1781577019.557,2026-06-16 09:30:19,0,68.51,128.89
910,1781577020.059,2026-06-16 09:30:20,0,78.97,144.09
911,1781577020.559,2026-06-16 09:30:20,0,71.37,132.25
912,1781577021.06,2026-06-16 09:30:21,0,70.39,132.88
913,1781577021.559,2026-06-16 09:30:21,0,72.25,131.59
914,1781577022.06,2026-06-16 09:30:22,0,72.27,134.53
915,1781577022.559,2026-06-16 09:30:22,0,64.78,122.85
916,1781577023.06,2026-06-16 09:30:23,0,69.79,134.36
917,1781577023.561,2026-06-16 09:30:23,0,69.18,131.21
918,1781577024.061,2026-06-16 09:30:24,0,70.13,131.45
919,1781577024.56,2026-06-16 09:30:24,0,69.34,131.26
920,1781577025.061,2026-06-16 09:30:25,0,66.95,126.68
921,1781577025.56,2026-06-16 09:30:25,0,72.09,132.47
922,1781577026.062,2026-06-16 09:30:26,0,79.13,141.66
923,1781577026.561,2026-06-16 09:30:26,0,72.27,131.13
924,1781577027.062,2026-06-16 09:30:27,0,76.62,141.43
925,1781577027.562,2026-06-16 09:30:27,0,74.03,133.76
926,1781577028.062,2026-06-16 09:30:28,0,70.82,130.69
927,1781577028.563,2026-06-16 09:30:28,0,69.34,131.3
928,1781577029.064,2026-06-16 09:30:29,0,68.77,133.71
929,1781577029.565,2026-06-16 09:30:29,0,77.16,139.56
930,1781577030.066,2026-06-16 09:30:30,0,88.46,153.2
931,1781577030.565,2026-06-16 09:30:30,0,78.28,143.87
932,1781577031.066,2026-06-16 09:30:31,0,74.25,134.89
933,1781577031.565,2026-06-16 09:30:31,1,66.3,127.33
934,1781577032.066,2026-06-16 09:30:32,1,65.06,122.28
935,1781577032.567,2026-06-16 09:30:32,1,69.0,132.47
936,1781577033.067,2026-06-16 09:30:33,1,72.77,134.57
937,1781577033.567,2026-06-16 09:30:33,3,64.71,125.44
938,1781577034.068,2026-06-16 09:30:34,3,83.32,147.4
939,1781577034.568,2026-06-16 09:30:34,3,82.41,145.13
940,1781577035.069,2026-06-16 09:30:35,2,86.64,149.53
941,1781577035.568,2026-06-16 09:30:35,3,69.41,136.24
942,1781577036.069,2026-06-16 09:30:36,2,65.9,127.32
943,1781577036.57,2026-06-16 09:30:36,2,69.48,131.91
944,1781577037.07,2026-06-16 09:30:37,2,73.12,135.45
945,1781577037.569,2026-06-16 09:30:37,2,83.52,147.83
946,1781577038.07,2026-06-16 09:30:38,2,105.8,173.35
947,1781577038.57,2026-06-16 09:30:38,3,109.61,177.39
948,1781577039.071,2026-06-16 09:30:39,3,95.23,160.59
949,1781577039.573,2026-06-16 09:30:39,3,110.25,182.76
950,1781577040.072,2026-06-16 09:30:40,3,111.86,177.69
951,1781577040.573,2026-06-16 09:30:40,3,125.99,189.9
952,1781577041.074,2026-06-16 09:30:41,3,125.01,194.19
953,1781577041.574,2026-06-16 09:30:41,3,99.35,164.77
954,1781577042.075,2026-06-16 09:30:42,3,133.93,199.66
955,1781577042.575,2026-06-16 09:30:42,3,98.18,166.56
956,1781577043.076,2026-06-16 09:30:43,3,94.16,159.62
957,1781577043.576,2026-06-16 09:30:43,3,113.9,176.29
958,1781577044.076,2026-06-16 09:30:44,3,103.22,172.53
959,1781577044.576,2026-06-16 09:30:44,3,90.12,151.31
960,1781577045.076,2026-06-16 09:30:45,2,73.32,137.01
961,1781577045.577,2026-06-16 09:30:45,3,108.34,173.93
962,1781577046.077,2026-06-16 09:30:46,2,96.76,159.46
963,1781577046.577,2026-06-16 09:30:46,3,83.41,148.26
964,1781577047.078,2026-06-16 09:30:47,2,105.5,170.69
965,1781577047.58,2026-06-16 09:30:47,2,170.22,234.72
966,1781577048.081,2026-06-16 09:30:48,3,125.8,191.94
967,1781577048.58,2026-06-16 09:30:48,3,74.25,137.31
968,1781577049.08,2026-06-16 09:30:49,4,130.26,196.74
969,1781577049.582,2026-06-16 09:30:49,3,232.75,302.9
970,1781577050.082,2026-06-16 09:30:50,4,89.71,161.53
971,1781577050.581,2026-06-16 09:30:50,4,104.15,169.64
972,1781577051.082,2026-06-16 09:30:51,4,85.58,153.44
973,1781577051.582,2026-06-16 09:30:51,4,105.68,169.64
974,1781577052.083,2026-06-16 09:30:52,3,91.39,155.93
975,1781577052.583,2026-06-16 09:30:52,3,119.13,295.6
976,1781577053.085,2026-06-16 09:30:53,3,117.75,183.43
977,1781577053.584,2026-06-16 09:30:53,3,84.27,147.94
978,1781577054.084,2026-06-16 09:30:54,3,126.37,194.31
979,1781577054.585,2026-06-16 09:30:54,3,106.03,172.71
980,1781577055.085,2026-06-16 09:30:55,3,140.66,209.15
981,1781577055.585,2026-06-16 09:30:55,3,130.6,198.98
982,1781577056.086,2026-06-16 09:30:56,3,99.35,168.11
983,1781577056.586,2026-06-16 09:30:56,3,88.63,150.68
984,1781577057.09,2026-06-16 09:30:57,3,245.79,326.23
985,1781577057.59,2026-06-16 09:30:57,3,193.76,265.16
986,1781577058.087,2026-06-16 09:30:58,3,82.27,146.26
987,1781577058.588,2026-06-16 09:30:58,3,192.72,257.75
988,1781577059.091,2026-06-16 09:30:59,3,275.0,343.5
989,1781577059.589,2026-06-16 09:30:59,3,158.16,228.67
989,1781577059.589,2026-06-16 09:30:59,3,158.16,228.67
990,1781577060.094,2026-06-16 09:31:00,3,435.7,509.06
990,1781577060.094,2026-06-16 09:31:00,3,435.7,509.06
991,1781577060.591,2026-06-16 09:31:00,3,158.37,234.65
991,1781577060.591,2026-06-16 09:31:00,3,158.37,234.65
992,1781577061.09,2026-06-16 09:31:01,3,290.65,356.11
992,1781577061.09,2026-06-16 09:31:01,3,290.65,356.11
993,1781577061.591,2026-06-16 09:31:01,3,107.08,178.71
993,1781577061.591,2026-06-16 09:31:01,3,107.08,178.71
